{"version":"0.6","generator":"OpenStreetMap server","copyright":"OpenStreetMap and contributors","attribution":"http://www.openstreetmap.org/copyright","license":"http://opendatacommons.org/licenses/odbl/1-0/","changesets":[{"id":151334159,"created_at":"2024-05-14T22:21:55Z","open":false,"comments_count":0,"changes_count":27,"closed_at":"2024-05-14T22:21:57Z","min_lat":-29.3579362,"min_lon":-51.9872876,"max_lat":-29.3538226,"max_lon":-51.9830935,"uid":604538,"user":"Patricia UFBA","tags":{"changesets_count":"116","comment":"#hotosm-project-16737 #2024_brrs_floods #enchentes_RS_2024 #Humanitarianprogram #Mapping_emergency_response #youthmappersufba","created_by":"iD 2.21.1","hashtags":"#hotosm-project-16737;#2024_brrs_floods;#enchentes_RS_2024;#Humanitarianprogram;#Mapping_emergency_response;#youthmappersufba","host":"https://tasks.hotosm.org/projects/16737/map/","imagery_used":"Bing Maps Aerial;unknown.geojson","locale":"pt-BR"}},{"id":151122287,"created_at":"2024-05-09T23:08:12Z","open":false,"comments_count":0,"changes_count":43,"closed_at":"2024-05-09T23:08:13Z","min_lat":-29.4946847,"min_lon":-51.9982201,"max_lat":-29.49395,"max_lon":-51.9970874,"uid":604538,"user":"Patricia UFBA","tags":{"changesets_count":"115","comment":"#hotosm-project-16723 #2024_brrs_floods #enchentes_RS_2024 #youthmappersUFBA","created_by":"iD 2.21.1","hashtags":"#hotosm-project-16723;#2024_brrs_floods;#enchentes_RS_2024;#youthmappersUFBA","host":"https://tasks.hotosm.org/projects/16723/map/","imagery_used":"Bing Maps Aerial;unknown.geojson","locale":"pt-BR"}},{"id":151121529,"created_at":"2024-05-09T22:29:09Z","open":false,"comments_count":0,"changes_count":5,"closed_at":"2024-05-09T22:29:10Z","min_lat":-29.4937819,"min_lon":-51.998739,"max_lat":-29.4936756,"max_lon":-51.9986499,"uid":604538,"user":"Patricia UFBA","tags":{"changesets_count":"114","comment":"#hotosm-project-16723 #2024_brrs_floods #enchentes_RS_2024 #youthmappersUFBA","created_by":"iD 2.21.1","hashtags":"#hotosm-project-16723;#2024_brrs_floods;#enchentes_RS_2024;#youthmappersUFBA","host":"https://tasks.hotosm.org/projects/16723/map/","imagery_used":"Bing Maps Aerial;unknown.geojson","locale":"pt-BR"}},{"id":151121504,"created_at":"2024-05-09T22:27:48Z","open":false,"comments_count":0,"changes_count":38,"closed_at":"2024-05-09T22:27:49Z","min_lat":-29.4946108,"min_lon":-51.9989062,"max_lat":-29.493688,"max_lon":-51.9982451,"uid":604538,"user":"Patricia UFBA","tags":{"changesets_count":"113","comment":"#hotosm-project-16723 #2024_brrs_floods #enchentes_RS_2024 #youthmappersUFBA","created_by":"iD 2.21.1","hashtags":"#hotosm-project-16723;#2024_brrs_floods;#enchentes_RS_2024;#youthmappersUFBA","host":"https://tasks.hotosm.org/projects/16723/map/","imagery_used":"Bing Maps Aerial;unknown.geojson","locale":"pt-BR"}},{"id":151121291,"created_at":"2024-05-09T22:16:41Z","open":false,"comments_count":0,"changes_count":61,"closed_at":"2024-05-09T22:16:43Z","min_lat":-29.4944716,"min_lon":-51.999561,"max_lat":-29.4935659,"max_lon":-51.9987978,"uid":604538,"user":"Patricia UFBA","tags":{"changesets_count":"112","comment":"#hotosm-project-16723 #2024_brrs_floods #enchentes_RS_2024 #youthmappersUFBA","created_by":"iD 2.21.1","hashtags":"#hotosm-project-16723;#2024_brrs_floods;#enchentes_RS_2024;#youthmappersUFBA","host":"https://tasks.hotosm.org/projects/16723/map/","imagery_used":"Bing Maps Aerial;unknown.geojson","locale":"pt-BR"}},{"id":150986669,"created_at":"2024-05-07T00:11:08Z","open":false,"comments_count":0,"changes_count":92,"closed_at":"2024-05-07T00:11:09Z","min_lat":-29.6966328,"min_lon":-52.7398263,"max_lat":-29.6927711,"max_lon":-52.7342912,"uid":604538,"user":"Patricia UFBA","tags":{"changesets_count":"111","comment":"#hotosm-project-16696 #youthmappersUFBA","created_by":"Rapid 2.2.5","hashtags":"#hotosm-project-16696;#youthmappersUFBA","host":"https://rapideditor.org/rapid","imagery_used":"Bing Maps Aerial","locale":"pt-BR","review_requested":"yes","source":"aerial imagery","warnings:disconnected_way:highway":"2","warnings:missing_tag:highway_classification":"3"}},{"id":150236339,"created_at":"2024-04-19T18:16:01Z","open":false,"comments_count":0,"changes_count":43,"closed_at":"2024-04-19T18:16:02Z","min_lat":-12.9259413,"min_lon":-38.4093911,"max_lat":-12.9246779,"max_lon":-38.4081678,"uid":604538,"user":"Patricia UFBA","tags":{"changesets_count":"110","comment":"#youthmappersUFBA","created_by":"iD 2.28.1","hashtags":"#youthmappersUFBA","host":"https://www.openstreetmap.org/edit","imagery_used":"Bing Maps Aerial","locale":"pt-BR"}},{"id":149948838,"created_at":"2024-04-13T12:11:00Z","open":false,"comments_count":0,"changes_count":5,"closed_at":"2024-04-13T12:11:01Z","min_lat":-12.9280393,"min_lon":-38.4464604,"max_lat":-12.9279126,"max_lon":-38.4463463,"uid":604538,"user":"Patricia UFBA","tags":{"changesets_count":"109","comment":"#osmus-tasks-538 #youthmappersUFBA","created_by":"iD 2.21.1","hashtags":"#osmus-tasks-538;#youthmappersUFBA","host":"https://tasks.openstreetmap.us/projects/538/map/","imagery_used":"Esri World Imagery;.gpx data file","locale":"pt-BR"}},{"id":149948718,"created_at":"2024-04-13T12:07:18Z","open":false,"comments_count":0,"changes_count":53,"closed_at":"2024-04-13T12:07:19Z","min_lat":-12.9346041,"min_lon":-38.4483139,"max_lat":-12.927778,"max_lon":-38.4384103,"uid":604538,"user":"Patricia UFBA","tags":{"changesets_count":"108","comment":"#osmus-tasks-538 #youthmappersUFBA","created_by":"iD 2.21.1","hashtags":"#osmus-tasks-538;#youthmappersUFBA","host":"https://tasks.openstreetmap.us/projects/538/map/","imagery_used":"Esri World Imagery;.gpx data file;Mapillary Map Features;Mapillary Signs;KartaView Images","locale":"pt-BR","source":";streetlevel imagery;mapillary-map-features;mapillary-signs;kartaview"}},{"id":149017050,"created_at":"2024-03-22T14:44:26Z","open":false,"comments_count":0,"changes_count":5,"closed_at":"2024-03-22T14:44:27Z","min_lat":-12.7783359,"min_lon":-38.3916982,"max_lat":-12.778248,"max_lon":-38.3915953,"uid":604538,"user":"Patricia UFBA","tags":{"changesets_count":"107","comment":"#youthmappersUFBA","created_by":"iD 2.28.1","hashtags":"#youthmappersUFBA","host":"https://www.openstreetmap.org/edit","imagery_used":"Bing Maps Aerial","locale":"pt-BR"}},{"id":148344229,"created_at":"2024-03-07T14:13:14Z","open":false,"comments_count":0,"changes_count":271,"closed_at":"2024-03-07T14:13:16Z","min_lat":-12.9310983,"min_lon":-38.4310236,"max_lat":-12.9291976,"max_lon":-38.4289909,"uid":604538,"user":"Patricia UFBA","tags":{"changesets_count":"106","comment":"#osmus-tasks-538 #youthmappersUFBA","created_by":"iD 2.21.1","hashtags":"#osmus-tasks-538;#youthmappersUFBA","host":"https://tasks.openstreetmap.us/projects/538/map/","imagery_used":"Esri World Imagery (Clarity) Beta;.gpx data file","locale":"pt-BR"}},{"id":148304829,"created_at":"2024-03-06T16:50:08Z","open":false,"comments_count":0,"changes_count":121,"closed_at":"2024-03-06T16:50:09Z","min_lat":-12.9359252,"min_lon":-38.4568638,"max_lat":-12.9269299,"max_lon":-38.4471408,"uid":604538,"user":"Patricia UFBA","tags":{"changesets_count":"105","comment":"#osmus-tasks-538 #youthmappersUFBA","created_by":"iD 2.21.1","hashtags":"#osmus-tasks-538;#youthmappersUFBA","host":"https://tasks.openstreetmap.us/projects/538/map/","imagery_used":"Esri World Imagery (Clarity) Beta;.gpx data file;Esri World Imagery","locale":"pt-BR"}},{"id":148264713,"created_at":"2024-03-05T19:21:18Z","open":false,"comments_count":0,"changes_count":10,"closed_at":"2024-03-05T19:21:19Z","min_lat":-12.9349877,"min_lon":-38.424604,"max_lat":-12.934688,"max_lon":-38.4243169,"uid":604538,"user":"Patricia UFBA","tags":{"changesets_count":"104","comment":"#osmus-tasks-538 #youthmappersUFBA","created_by":"iD 2.21.1","hashtags":"#osmus-tasks-538;#youthmappersUFBA","host":"https://tasks.openstreetmap.us/projects/538/map/","imagery_used":"Esri World Imagery (Clarity) Beta;.gpx data file","locale":"pt-BR"}},{"id":148264512,"created_at":"2024-03-05T19:15:21Z","open":false,"comments_count":0,"changes_count":15,"closed_at":"2024-03-05T19:15:22Z","min_lat":-12.9368876,"min_lon":-38.4337906,"max_lat":-12.9367219,"max_lon":-38.433582,"uid":604538,"user":"Patricia UFBA","tags":{"changesets_count":"103","comment":"#osmus-tasks-538 #youthmappersUFBA","created_by":"iD 2.21.1","hashtags":"#osmus-tasks-538;#youthmappersUFBA","host":"https://tasks.openstreetmap.us/projects/538/map/","imagery_used":"Esri World Imagery","locale":"pt-BR"}},{"id":148253439,"created_at":"2024-03-05T14:34:16Z","open":false,"comments_count":0,"changes_count":23,"closed_at":"2024-03-05T14:34:17Z","min_lat":-12.9385836,"min_lon":-38.4361904,"max_lat":-12.9282574,"max_lon":-38.4252684,"uid":604538,"user":"Patricia UFBA","tags":{"changesets_count":"102","comment":"#osmus-tasks-538 #youthmappersUFBA","created_by":"iD 2.21.1","hashtags":"#osmus-tasks-538;#youthmappersUFBA","host":"https://tasks.openstreetmap.us/projects/538/map/","imagery_used":"Esri World Imagery;.gpx data file;Bing Maps Aerial","locale":"pt-BR"}},{"id":146495993,"created_at":"2024-01-20T23:23:49Z","open":false,"comments_count":0,"changes_count":1,"closed_at":"2024-01-20T23:23:50Z","min_lat":-12.8505755,"min_lon":-38.3605822,"max_lat":-12.8495479,"max_lon":-38.3584954,"uid":604538,"user":"Patricia UFBA","tags":{"changesets_count":"101","comment":"#youthmappersUFBA","created_by":"iD 2.27.3","hashtags":"#youthmappersUFBA","host":"https://www.openstreetmap.org/edit","imagery_used":"Bing Maps Aerial","locale":"pt-BR"}},{"id":146495972,"created_at":"2024-01-20T23:22:33Z","open":false,"comments_count":0,"changes_count":1,"closed_at":"2024-01-20T23:22:34Z","min_lat":-12.8532223,"min_lon":-38.3610498,"max_lat":-12.8516753,"max_lon":-38.3587575,"uid":604538,"user":"Patricia UFBA","tags":{"changesets_count":"100","comment":"#youthmappersUFBA","created_by":"iD 2.27.3","hashtags":"#youthmappersUFBA","host":"https://www.openstreetmap.org/edit","imagery_used":"Bing Maps Aerial","locale":"pt-BR","review_requested":"yes"}},{"id":146495913,"created_at":"2024-01-20T23:19:41Z","open":false,"comments_count":0,"changes_count":12,"closed_at":"2024-01-20T23:19:42Z","min_lat":-12.8519039,"min_lon":-38.3611219,"max_lat":-12.8452906,"max_lon":-38.3527267,"uid":604538,"user":"Patricia UFBA","tags":{"changesets_count":"99","comment":"#youthmappersUFBA","created_by":"iD 2.27.3","hashtags":"#youthmappersUFBA","host":"https://www.openstreetmap.org/edit","imagery_used":"Bing Maps Aerial","locale":"pt-BR"}},{"id":146491982,"created_at":"2024-01-20T20:23:44Z","open":false,"comments_count":0,"changes_count":71,"closed_at":"2024-01-20T20:23:45Z","min_lat":-12.854051,"min_lon":-38.361614,"max_lat":-12.8420273,"max_lon":-38.3534541,"uid":604538,"user":"Patricia UFBA","tags":{"changesets_count":"98","comment":"#youthmappersUFBA","created_by":"iD 2.27.3","hashtags":"#youthmappersUFBA","host":"https://www.openstreetmap.org/edit","imagery_used":"Bing Maps Aerial","locale":"pt-BR"}},{"id":146490761,"created_at":"2024-01-20T19:33:30Z","open":false,"comments_count":0,"changes_count":368,"closed_at":"2024-01-20T19:33:31Z","min_lat":-12.8564338,"min_lon":-38.3622497,"max_lat":-12.8410398,"max_lon":-38.3520007,"uid":604538,"user":"Patricia UFBA","tags":{"changesets_count":"97","comment":"#youthmappersUFBA","created_by":"iD 2.27.3","hashtags":"#youthmappersUFBA","host":"https://www.openstreetmap.org/edit","imagery_used":"Bing Maps Aerial","locale":"pt-BR","resolved:close_nodes:vertices":"1","resolved:missing_tag:descriptive":"1"}},{"id":146488547,"created_at":"2024-01-20T18:08:29Z","open":false,"comments_count":0,"changes_count":189,"closed_at":"2024-01-20T18:08:31Z","min_lat":-12.847051,"min_lon":-38.361614,"max_lat":-12.8387924,"max_lon":-38.3555949,"uid":604538,"user":"Patricia UFBA","tags":{"changesets_count":"96","comment":"#youthmappersUFBA","created_by":"iD 2.27.3","hashtags":"#youthmappersUFBA","host":"https://www.openstreetmap.org/edit","imagery_used":"Bing Maps Aerial","locale":"pt-BR"}},{"id":146420619,"created_at":"2024-01-18T20:59:56Z","open":false,"comments_count":0,"changes_count":8,"closed_at":"2024-01-18T20:59:57Z","min_lat":-12.8444522,"min_lon":-38.3571537,"max_lat":-12.8439271,"max_lon":-38.3567756,"uid":604538,"user":"Patricia UFBA","tags":{"changesets_count":"95","comment":"#youthmappersUFBA","created_by":"iD 2.27.3","hashtags":"#youthmappersUFBA","host":"https://www.openstreetmap.org/edit","imagery_used":"Bing Maps Aerial","locale":"pt-BR"}},{"id":146420509,"created_at":"2024-01-18T20:56:15Z","open":false,"comments_count":0,"changes_count":52,"closed_at":"2024-01-18T20:56:16Z","min_lat":-12.846423,"min_lon":-38.3577624,"max_lat":-12.844287,"max_lon":-38.3565342,"uid":604538,"user":"Patricia UFBA","tags":{"changesets_count":"94","comment":"#youthmappersUFBA","created_by":"iD 2.27.3","hashtags":"#youthmappersUFBA","host":"https://www.openstreetmap.org/edit","imagery_used":"Bing Maps Aerial","locale":"pt-BR"}},{"id":145123700,"created_at":"2023-12-14T18:48:23Z","open":false,"comments_count":0,"changes_count":1,"closed_at":"2023-12-14T18:48:24Z","min_lat":-12.9115474,"min_lon":-38.4723449,"max_lat":-12.9114213,"max_lon":-38.4722041,"uid":604538,"user":"Patricia UFBA","tags":{"changesets_count":"93","comment":"#youthmappersUFBA","created_by":"iD 2.27.3","hashtags":"#youthmappersUFBA","host":"https://www.openstreetmap.org/edit","imagery_used":"Esri World Imagery (Clarity) Beta","locale":"pt-BR"}},{"id":145087047,"created_at":"2023-12-13T19:28:36Z","open":false,"comments_count":0,"changes_count":8,"closed_at":"2023-12-13T19:28:37Z","min_lat":-23.5062507,"min_lon":-46.5409412,"max_lat":-23.506103,"max_lon":-46.5407983,"uid":604538,"user":"Patricia UFBA","tags":{"changesets_count":"92","comment":"Fixed intersecting buildings #maproulette mpr.lt/c/40217/t/203143604","created_by":"iD 2.27.3","hashtags":"#maproulette;#youthmappersatufba","host":"https://www.openstreetmap.org/edit","imagery_used":"Esri World Imagery (Clarity) Beta","locale":"pt-BR","resolved:crossing_ways:building-building":"1"}},{"id":145086723,"created_at":"2023-12-13T19:15:51Z","open":false,"comments_count":0,"changes_count":6,"closed_at":"2023-12-13T19:15:53Z","min_lat":-23.5064365,"min_lon":-46.5409623,"max_lat":-23.5062137,"max_lon":-46.540705,"uid":604538,"user":"Patricia UFBA","tags":{"changesets_count":"91","comment":"Fixed intersecting buildings #maproulette mpr.lt/c/40217/t/203143277","created_by":"iD 2.27.3","hashtags":"#maproulette;#youthmappersufba","host":"https://www.openstreetmap.org/edit","imagery_used":"Esri World Imagery","locale":"pt-BR","resolved:crossing_ways:building-building":"1"}},{"id":145086613,"created_at":"2023-12-13T19:11:39Z","open":false,"comments_count":0,"changes_count":21,"closed_at":"2023-12-13T19:11:40Z","min_lat":-23.5068607,"min_lon":-46.5415461,"max_lat":-23.506578,"max_lon":-46.5411843,"uid":604538,"user":"Patricia UFBA","tags":{"changesets_count":"90","comment":"Fixed intersecting buildings #maproulette mpr.lt/c/40217/t/203143503","created_by":"iD 2.27.3","hashtags":"#maproulette;#youthmappersatufba;#youthmappers","host":"https://www.openstreetmap.org/edit","imagery_used":"Esri World Imagery","locale":"pt-BR","resolved:crossing_ways:building-building":"3"}},{"id":144440326,"created_at":"2023-11-25T13:02:41Z","open":false,"comments_count":0,"changes_count":52,"closed_at":"2023-11-25T13:02:42Z","min_lat":-12.9903435,"min_lon":-38.445619,"max_lat":-12.9898336,"max_lon":-38.4451375,"uid":604538,"user":"Patricia UFBA","tags":{"changesets_count":"89","comment":"gisday youthmappers UFBA","created_by":"iD 2.27.3","host":"https://www.openstreetmap.org/edit","imagery_used":"Esri World Imagery (Clarity) Beta","locale":"pt-BR"}},{"id":144418501,"created_at":"2023-11-24T18:47:24Z","open":false,"comments_count":0,"changes_count":9,"closed_at":"2023-11-24T18:47:25Z","min_lat":-12.9148649,"min_lon":-38.469409,"max_lat":-12.9147681,"max_lon":-38.4693551,"uid":604538,"user":"Patricia UFBA","tags":{"changesets_count":"88","comment":"Fixed intersecting buildings #maproulette mpr.lt/c/40217/t/200489727 #youthmappersUFBA","created_by":"iD 2.27.3","hashtags":"#maproulette;#youthmappersUFBA","host":"https://www.openstreetmap.org/edit","imagery_used":"Esri World Imagery","locale":"pt-BR","resolved:crossing_ways:building-building":"1"}},{"id":144418447,"created_at":"2023-11-24T18:45:43Z","open":false,"comments_count":0,"changes_count":9,"closed_at":"2023-11-24T18:45:44Z","min_lat":-12.9148811,"min_lon":-38.4694589,"max_lat":-12.9147711,"max_lon":-38.4694033,"uid":604538,"user":"Patricia UFBA","tags":{"changesets_count":"87","comment":"Fixed intersecting buildings #maproulette mpr.lt/c/40217/t/200489727 #youthmappersUFBA","created_by":"iD 2.27.3","hashtags":"#maproulette;#youthmappersUFBA","host":"https://www.openstreetmap.org/edit","imagery_used":"Esri World Imagery","locale":"pt-BR","resolved:crossing_ways:building-building":"2"}},{"id":144418381,"created_at":"2023-11-24T18:43:12Z","open":false,"comments_count":0,"changes_count":9,"closed_at":"2023-11-24T18:43:13Z","min_lat":-12.9148925,"min_lon":-38.469504,"max_lat":-12.9147762,"max_lon":-38.4694516,"uid":604538,"user":"Patricia UFBA","tags":{"changesets_count":"86","comment":"Fixed intersecting buildings #maproulette mpr.lt/c/40217/t/200489612 #youthmappersUFBA","created_by":"iD 2.27.3","hashtags":"#maproulette;#youthmappersUFBA","host":"https://www.openstreetmap.org/edit","imagery_used":"Esri World Imagery","locale":"pt-BR","resolved:crossing_ways:building-building":"2"}},{"id":144418261,"created_at":"2023-11-24T18:38:01Z","open":false,"comments_count":0,"changes_count":9,"closed_at":"2023-11-24T18:38:02Z","min_lat":-12.9130524,"min_lon":-38.472651,"max_lat":-12.9128714,"max_lon":-38.4725303,"uid":604538,"user":"Patricia UFBA","tags":{"changesets_count":"85","comment":"Fixed intersecting buildings #maproulette mpr.lt/c/40217/t/200490239","created_by":"iD 2.27.3","hashtags":"#maproulette;#youthmappersufba","host":"https://www.openstreetmap.org/edit","imagery_used":"Bing Maps Aerial;Esri World Imagery","locale":"pt-BR","resolved:crossing_ways:building-building":"1"}},{"id":143500830,"created_at":"2023-11-01T22:53:11Z","open":false,"comments_count":0,"changes_count":11,"closed_at":"2023-11-01T22:53:11Z","min_lat":-12.911856,"min_lon":-38.4697685,"max_lat":-12.9114553,"max_lon":-38.4692438,"uid":604538,"user":"Patricia UFBA","tags":{"changesets_count":"84","comment":"#youthmappersUFBA","created_by":"iD 2.27.1","hashtags":"#youthmappersUFBA","host":"https://www.openstreetmap.org/edit","imagery_used":"Custom (https://tiles.openaerialmap.org/5f089aa0cd2ccd00078c3414/0/5f089aa0cd2ccd00078c3415/{z}/{x}/{y} )","locale":"pt-BR","resolved:crossing_ways:building-building":"3","warnings:crossing_ways:building-building":"1"}},{"id":143500385,"created_at":"2023-11-01T22:38:16Z","open":false,"comments_count":0,"changes_count":1,"closed_at":"2023-11-01T22:38:16Z","min_lat":-12.9913236,"min_lon":-38.4454887,"max_lat":-12.9913236,"max_lon":-38.4454887,"uid":604538,"user":"Patricia UFBA","tags":{"changesets_count":"83","comment":"#youthmappersUFBA","created_by":"iD 2.27.1","hashtags":"#youthmappersUFBA","host":"https://www.openstreetmap.org/edit","imagery_used":"Esri World Imagery (Clarity) Beta","locale":"pt-BR"}},{"id":143500224,"created_at":"2023-11-01T22:32:07Z","open":false,"comments_count":0,"changes_count":11,"closed_at":"2023-11-01T22:32:07Z","min_lat":-13.0136457,"min_lon":-38.4740841,"max_lat":-13.0133518,"max_lon":-38.4739515,"uid":604538,"user":"Patricia UFBA","tags":{"changesets_count":"82","comment":"#youthmappersUFBA","created_by":"iD 2.27.1","hashtags":"#youthmappersUFBA","host":"https://www.openstreetmap.org/edit","imagery_used":"Esri World Imagery (Clarity) Beta","locale":"pt-BR","review_requested":"yes"}},{"id":143500112,"created_at":"2023-11-01T22:28:14Z","open":false,"comments_count":0,"changes_count":12,"closed_at":"2023-11-01T22:28:14Z","min_lat":-13.0134465,"min_lon":-38.4740106,"max_lat":-13.0130263,"max_lon":-38.4737912,"uid":604538,"user":"Patricia UFBA","tags":{"changesets_count":"81","comment":"#youthmappersUFBA","created_by":"iD 2.27.1","hashtags":"#youthmappersUFBA","host":"https://www.openstreetmap.org/edit","imagery_used":"Esri World Imagery (Clarity) Beta","locale":"pt-BR","review_requested":"yes"}},{"id":143138083,"created_at":"2023-10-25T23:35:35Z","open":false,"comments_count":0,"changes_count":51,"closed_at":"2023-10-25T23:35:36Z","min_lat":-1.8212171,"min_lon":-48.5156799,"max_lat":-1.8166949,"max_lon":-48.5095927,"uid":604538,"user":"Patricia UFBA","tags":{"changesets_count":"80","comment":"#hotosm-project-15729 #quilombojambuacu","created_by":"iD 2.21.1","hashtags":"#hotosm-project-15729;#quilombojambuacu","host":"https://tasks.hotosm.org/projects/15729/map/","imagery_used":"Bing Maps Aerial;unknown.geojson","locale":"pt-BR","review_requested":"yes","warnings:disconnected_way:highway":"1"}},{"id":143137904,"created_at":"2023-10-25T23:29:02Z","open":false,"comments_count":0,"changes_count":20,"closed_at":"2023-10-25T23:29:03Z","min_lat":-1.8191193,"min_lon":-48.5215443,"max_lat":-1.8154088,"max_lon":-48.5174767,"uid":604538,"user":"Patricia UFBA","tags":{"changesets_count":"79","comment":"#hotosm-project-15729 #quilombojambuacu","created_by":"iD 2.21.1","hashtags":"#hotosm-project-15729;#quilombojambuacu","host":"https://tasks.hotosm.org/projects/15729/map/","imagery_used":"Bing Maps Aerial","locale":"pt-BR","review_requested":"yes","warnings:disconnected_way:highway":"1"}},{"id":143137762,"created_at":"2023-10-25T23:18:27Z","open":false,"comments_count":0,"changes_count":26,"closed_at":"2023-10-25T23:18:28Z","min_lat":-1.8234087,"min_lon":-48.5176377,"max_lat":-1.8177517,"max_lon":-48.5156799,"uid":604538,"user":"Patricia UFBA","tags":{"changesets_count":"78","comment":"#hotosm-project-15729 #quilombojambuacu não tenho certeza se é via vicinal","created_by":"iD 2.21.1","hashtags":"#hotosm-project-15729;#quilombojambuacu","host":"https://tasks.hotosm.org/projects/15729/map/","imagery_used":"Bing Maps Aerial;unknown.geojson","locale":"pt-BR","review_requested":"yes","warnings:disconnected_way:highway":"2"}},{"id":142787224,"created_at":"2023-10-18T23:51:47Z","open":false,"comments_count":0,"changes_count":1,"closed_at":"2023-10-18T23:51:48Z","min_lat":-12.9997188,"min_lon":-38.5116665,"max_lat":-12.9997188,"max_lon":-38.5116665,"uid":604538,"user":"Patricia UFBA","tags":{"changesets_count":"77","comment":"#youthmappersUFBA","created_by":"iD 2.27.1","hashtags":"#youthmappersUFBA","host":"https://www.openstreetmap.org/edit","imagery_used":"Esri World Imagery","locale":"pt-BR"}},{"id":142157968,"created_at":"2023-10-04T18:08:33Z","open":false,"comments_count":0,"changes_count":1,"closed_at":"2023-10-04T19:10:45Z","min_lat":-25.4529123,"min_lon":-49.2332914,"max_lat":-25.4529123,"max_lon":-49.2332914,"uid":604538,"user":"Patricia UFBA","tags":{"answer":"5","comment":"Adding data with #MapComplete for theme #waste","created_by":"MapComplete 0.33.6","host":"https://mapcomplete.org/waste.html","locale":"pt","theme":"waste"}},{"id":142157944,"created_at":"2023-10-04T18:07:53Z","open":false,"comments_count":0,"changes_count":1,"closed_at":"2023-10-04T19:07:54Z","min_lat":-25.4529123,"min_lon":-49.2332914,"max_lat":-25.4529123,"max_lon":-49.2332914,"uid":604538,"user":"Patricia UFBA","tags":{"change_over_5000m":"1","comment":"Adding data with #MapComplete for theme #waste","create":"1","created_by":"MapComplete 0.33.6","host":"https://mapcomplete.org/waste.html","locale":"pt","theme":"waste"}},{"id":142156512,"created_at":"2023-10-04T17:28:44Z","open":false,"comments_count":0,"changes_count":7,"closed_at":"2023-10-04T18:42:28Z","min_lat":-25.4530397,"min_lon":-49.2332752,"max_lat":-25.4530397,"max_lon":-49.2332752,"uid":604538,"user":"Patricia UFBA","tags":{"add-image":"1","answer":"9","change_within_25m":"1","comment":"Adding data with #MapComplete for theme #toilets","created_by":"MapComplete 0.33.6","host":"https://mapcomplete.org/toilets.html","locale":"pt","theme":"toilets"}},{"id":135320215,"created_at":"2023-04-24T21:58:55Z","open":false,"comments_count":0,"changes_count":6,"closed_at":"2023-04-24T21:58:56Z","min_lat":-12.9894084,"min_lon":-38.5008395,"max_lat":-12.9893108,"max_lon":-38.5006884,"uid":604538,"user":"Patricia UFBA","tags":{"changesets_count":"73","comment":"#youthmappersUFBA","created_by":"iD 2.25.1","hashtags":"#youthmappersUFBA","host":"https://www.openstreetmap.org/edit","imagery_used":"Bing Maps Aerial","locale":"pt-BR"}},{"id":135319044,"created_at":"2023-04-24T21:06:31Z","open":false,"comments_count":1,"changes_count":8,"closed_at":"2023-04-24T21:06:32Z","min_lat":-12.9898478,"min_lon":-38.516164,"max_lat":-12.9897147,"max_lon":-38.5160532,"uid":604538,"user":"Patricia UFBA","tags":{"changesets_count":"72","comment":"#youthmappersUFBA","created_by":"iD 2.25.1","hashtags":"#youthmappersUFBA","host":"https://www.openstreetmap.org/edit","imagery_used":"Bing Maps Aerial","locale":"pt-BR"}},{"id":130348093,"created_at":"2022-12-21T20:46:54Z","open":false,"comments_count":0,"changes_count":22,"closed_at":"2022-12-21T20:46:54Z","min_lat":-12.9980151,"min_lon":-38.5032014,"max_lat":-12.9968752,"max_lon":-38.5020339,"uid":604538,"user":"Patricia UFBA","tags":{"changesets_count":"71","comment":"#youthmappersUFBA","created_by":"iD 2.23.2","hashtags":"#youthmappersUFBA","host":"https://www.openstreetmap.org/edit","imagery_used":"Bing Maps Aerial;Esri World Imagery","locale":"pt-BR"}},{"id":129646112,"created_at":"2022-12-02T14:10:06Z","open":false,"comments_count":0,"changes_count":8,"closed_at":"2022-12-02T14:10:07Z","min_lat":-12.9911023,"min_lon":-38.5090648,"max_lat":-12.9894442,"max_lon":-38.5070453,"uid":604538,"user":"Patricia UFBA","tags":{"changesets_count":"70","comment":"#youthmappersUFBA nome de rua estava errado","created_by":"iD 2.23.2","hashtags":"#youthmappersUFBA","host":"https://www.openstreetmap.org/edit","imagery_used":"Bing Maps Aerial","locale":"pt-BR"}},{"id":129533055,"created_at":"2022-11-29T19:01:44Z","open":false,"comments_count":0,"changes_count":1,"closed_at":"2022-11-29T19:01:44Z","min_lat":-12.9218485,"min_lon":-38.3522496,"max_lat":-12.9218485,"max_lon":-38.3522496,"uid":604538,"user":"Patricia UFBA","tags":{"changesets_count":"69","comment":"#youthmappersUFBA","created_by":"iD 2.23.2","hashtags":"#youthmappersUFBA","host":"https://www.openstreetmap.org/edit","imagery_used":"Bing Maps Aerial","locale":"pt-BR"}},{"id":125292607,"created_at":"2022-08-24T00:15:35Z","open":false,"comments_count":0,"changes_count":9,"closed_at":"2022-08-24T00:15:36Z","min_lat":-12.9102897,"min_lon":-38.4647807,"max_lat":-12.9097757,"max_lon":-38.4642977,"uid":604538,"user":"Patricia UFBA","tags":{"changesets_count":"68","comment":"#youthmappersUFBA","created_by":"iD 2.21.1","hashtags":"#youthmappersUFBA","host":"https://www.openstreetmap.org/edit","imagery_used":"Bing Maps Aerial","locale":"pt-BR"}},{"id":121121753,"created_at":"2022-05-18T00:58:28Z","open":false,"comments_count":0,"changes_count":12,"closed_at":"2022-05-18T00:58:29Z","min_lat":-12.9988301,"min_lon":-38.5119482,"max_lat":-12.9985066,"max_lon":-38.5115182,"uid":604538,"user":"Patricia UFBA","tags":{"changesets_count":"67","comment":"#youthmappersUFBA","created_by":"iD 2.20.4","hashtags":"#youthmappersUFBA","host":"https://www.openstreetmap.org/edit","imagery_used":"Esri World Imagery","locale":"pt-BR"}},{"id":120891126,"created_at":"2022-05-12T13:55:44Z","open":false,"comments_count":0,"changes_count":9,"closed_at":"2022-05-12T13:55:45Z","min_lat":18.0877658,"min_lon":-15.9392488,"max_lat":18.0879019,"max_lon":-15.939062,"uid":604538,"user":"Patricia UFBA","tags":{"changesets_count":"66","comment":"#hotosm-project-11939 #MapMauritania #OSMAfrica #Projet de Cartographie de la ville de Nouakchott 2021021","created_by":"iD 2.20.2","hashtags":"#hotosm-project-11939;#MapMauritania;#OSMAfrica;#Projet","host":"https://tasks.hotosm.org/projects/11939/map/","imagery_used":"Bing aerial imagery;.gpx data file","locale":"pt-BR"}},{"id":120890403,"created_at":"2022-05-12T13:41:20Z","open":false,"comments_count":0,"changes_count":24,"closed_at":"2022-05-12T13:41:23Z","min_lat":-12.9924594,"min_lon":-38.4477435,"max_lat":-12.9898777,"max_lon":-38.4444781,"uid":604538,"user":"Patricia UFBA","tags":{"changesets_count":"65","comment":"#youthmappersUFBA","created_by":"iD 2.20.4","hashtags":"#youthmappersUFBA","host":"https://www.openstreetmap.org/edit","imagery_used":"Esri World Imagery","locale":"pt-BR"}},{"id":120262100,"created_at":"2022-04-27T14:12:42Z","open":false,"comments_count":0,"changes_count":7,"closed_at":"2022-04-27T14:12:42Z","min_lat":-12.9359362,"min_lon":-38.4735739,"max_lat":-12.908616,"max_lon":-38.4421752,"uid":604538,"user":"Patricia UFBA","tags":{"changesets_count":"64","comment":"#youthmappersUFBA  vetorização baseada em ortofoto de drone disponível no OpenAerialMap","created_by":"iD 2.20.4","hashtags":"#youthmappersUFBA","host":"https://www.openstreetmap.org/edit","imagery_used":"Bing Maps Aerial;Custom (https://tiles.openaerialmap.org/5f08b3eecd2ccd00078c341a/0/5f08b3eecd2ccd00078c341b/{z}/{x}/{y} )","locale":"pt-BR","source":"osm notes"}},{"id":113347363,"created_at":"2021-11-03T19:52:44Z","open":false,"comments_count":0,"changes_count":1,"closed_at":"2021-11-03T19:52:45Z","min_lat":-12.991934,"min_lon":-38.4447038,"max_lat":-12.991934,"max_lon":-38.4447038,"uid":604538,"user":"Patricia UFBA","tags":{"changesets_count":"63","comment":"#youthmappersUFBA","created_by":"iD 2.20.2","hashtags":"#youthmappersUFBA","host":"https://www.openstreetmap.org/edit","imagery_used":"Esri World Imagery","locale":"pt-BR"}},{"id":113347226,"created_at":"2021-11-03T19:48:56Z","open":false,"comments_count":0,"changes_count":1,"closed_at":"2021-11-03T19:48:57Z","min_lat":-12.9924819,"min_lon":-38.4448394,"max_lat":-12.9917644,"max_lon":-38.4443072,"uid":604538,"user":"Patricia UFBA","tags":{"changesets_count":"62","comment":"#youthmappersUFBA","created_by":"iD 2.20.2","hashtags":"#youthmappersUFBA","host":"https://www.openstreetmap.org/edit","imagery_used":"Esri World Imagery","locale":"pt-BR"}},{"id":111866736,"created_at":"2021-09-29T13:11:17Z","open":false,"comments_count":0,"changes_count":5,"closed_at":"2021-09-29T13:11:21Z","min_lat":-26.8607801,"min_lon":-52.407152,"max_lat":-26.860645,"max_lon":-52.4070205,"uid":604538,"user":"Patricia UFBA","tags":{"changesets_count":"61","comment":"#hotosm-project-990 #youthmappersufba","created_by":"iD 2.19.6","hashtags":"#hotosm-project-990;#youthmappersufba","host":"https://tasks.hotosm.org/projects/990/map/","imagery_used":"SIG Santa Catarina OrtoRGB 2012;.gpx data file","locale":"pt-BR"}},{"id":111866227,"created_at":"2021-09-29T13:00:21Z","open":false,"comments_count":0,"changes_count":5,"closed_at":"2021-09-29T13:00:21Z","min_lat":-12.9988172,"min_lon":-38.5113234,"max_lat":-12.9986725,"max_lon":-38.5107728,"uid":604538,"user":"Patricia UFBA","tags":{"changesets_count":"60","comment":"#youthmappersUFBA","created_by":"iD 2.20.1","hashtags":"#youthmappersUFBA","host":"https://www.openstreetmap.org/edit","imagery_used":"Esri World Imagery","locale":"pt-BR"}},{"id":111865773,"created_at":"2021-09-29T12:51:26Z","open":false,"comments_count":0,"changes_count":17,"closed_at":"2021-09-29T12:51:28Z","min_lat":-12.9987364,"min_lon":-38.5108717,"max_lat":-12.9984881,"max_lon":-38.5105497,"uid":604538,"user":"Patricia UFBA","tags":{"changesets_count":"59","comment":"#youthmappersUFBA","created_by":"iD 2.20.1","hashtags":"#youthmappersUFBA","host":"https://www.openstreetmap.org/edit","imagery_used":"Esri World Imagery","locale":"pt-BR"}},{"id":111543991,"created_at":"2021-09-22T13:30:38Z","open":false,"comments_count":0,"changes_count":36,"closed_at":"2021-09-22T13:30:40Z","min_lat":-12.9341455,"min_lon":-38.4886272,"max_lat":-12.9337451,"max_lon":-38.4876805,"uid":604538,"user":"Patricia UFBA","tags":{"changesets_count":"58","comment":"#youthmappersUFBA","created_by":"iD 2.20.1","hashtags":"#youthmappersUFBA","host":"https://www.openstreetmap.org/edit","imagery_used":"Bing aerial imagery","locale":"pt-BR","resolved:crossing_ways:building-building":"1","warnings:crossing_ways:building-building":"1"}},{"id":109590524,"created_at":"2021-08-12T19:10:02Z","open":false,"comments_count":0,"changes_count":15,"closed_at":"2021-08-12T19:10:03Z","min_lat":-12.9341625,"min_lon":-38.4368673,"max_lat":-12.9339907,"max_lon":-38.4367453,"uid":604538,"user":"Patricia UFBA","tags":{"changesets_count":"57","comment":"#youthmappersUFBA #ISC_UFBA","created_by":"iD 2.20.0","hashtags":"#youthmappersUFBA;#ISC_UFBA","host":"https://www.openstreetmap.org/edit","imagery_used":"Esri World Imagery","locale":"pt-BR"}},{"id":100852291,"created_at":"2021-03-11T16:03:27Z","open":false,"comments_count":0,"changes_count":39,"closed_at":"2021-03-11T16:03:29Z","min_lat":-8.1620346,"min_lon":-70.7664652,"max_lat":-8.1616551,"max_lon":-70.7658389,"uid":604538,"user":"Patricia UFBA","tags":{"changesets_count":"56","comment":"#hotosm-project-10479 #SOSAcre2021 source=Mapbox","created_by":"iD 2.19.5","hashtags":"#hotosm-project-10479;#SOSAcre2021;#youthmappersUFBA","host":"https://tasks.hotosm.org/projects/10479/map/","imagery_used":"Maxar Premium Imagery (Beta);.gpx data file","locale":"pt-BR"}},{"id":100852064,"created_at":"2021-03-11T15:58:29Z","open":false,"comments_count":0,"changes_count":101,"closed_at":"2021-03-11T15:58:34Z","min_lat":-8.1624289,"min_lon":-70.7834691,"max_lat":-8.1596877,"max_lon":-70.7793617,"uid":604538,"user":"Patricia UFBA","tags":{"changesets_count":"55","comment":"#hotosm-project-10479 #SOSAcre2021 source=Mapbox","created_by":"iD 2.19.5","hashtags":"#hotosm-project-10479;#SOSAcre2021;#youthmappersUFBA","host":"https://tasks.hotosm.org/projects/10479/map/","imagery_used":"Maxar Premium Imagery (Beta);.gpx data file","locale":"pt-BR","resolved:crossing_ways:highway-highway":"1","resolved:disconnected_way:highway":"1","warnings:crossing_ways:highway-highway":"1"}},{"id":100851768,"created_at":"2021-03-11T15:51:08Z","open":false,"comments_count":0,"changes_count":77,"closed_at":"2021-03-11T15:51:09Z","min_lat":-8.1625489,"min_lon":-70.7813461,"max_lat":-8.1611755,"max_lon":-70.7792072,"uid":604538,"user":"Patricia UFBA","tags":{"changesets_count":"54","comment":"#hotosm-project-10479 #SOSAcre2021 source=Mapbox","created_by":"iD 2.19.5","hashtags":"#hotosm-project-10479;#SOSAcre2021;#youthmappersUFB","host":"https://tasks.hotosm.org/projects/10479/map/","imagery_used":"Maxar Premium Imagery (Beta);.gpx data file","locale":"pt-BR"}},{"id":100851446,"created_at":"2021-03-11T15:43:56Z","open":false,"comments_count":0,"changes_count":56,"closed_at":"2021-03-11T15:43:57Z","min_lat":-8.162133,"min_lon":-70.781781,"max_lat":-8.1612948,"max_lon":-70.7807203,"uid":604538,"user":"Patricia UFBA","tags":{"changesets_count":"53","comment":"#hotosm-project-10479 #SOSAcre2021 source=Mapbox","created_by":"iD 2.19.5","hashtags":"#hotosm-project-10479;#SOSAcre2021;#youthmappersUFBA","host":"https://tasks.hotosm.org/projects/10479/map/","imagery_used":"Maxar Premium Imagery (Beta);.gpx data file","locale":"pt-BR"}},{"id":100851260,"created_at":"2021-03-11T15:40:21Z","open":false,"comments_count":0,"changes_count":134,"closed_at":"2021-03-11T15:40:23Z","min_lat":-8.1617755,"min_lon":-70.7819005,"max_lat":-8.1604371,"max_lon":-70.781082,"uid":604538,"user":"Patricia UFBA","tags":{"changesets_count":"52","comment":"#hotosm-project-10479 #SOSAcre2021 source=Mapbox","created_by":"iD 2.19.5","hashtags":"#hotosm-project-10479;#SOSAcre2021","host":"https://tasks.hotosm.org/projects/10479/map/","imagery_used":"Maxar Premium Imagery (Beta);.gpx data file","locale":"pt-BR"}},{"id":100850877,"created_at":"2021-03-11T15:31:29Z","open":false,"comments_count":0,"changes_count":30,"closed_at":"2021-03-11T15:31:31Z","min_lat":-8.1604815,"min_lon":-70.7742806,"max_lat":-8.1597929,"max_lon":-70.7740362,"uid":604538,"user":"Patricia UFBA","tags":{"changesets_count":"51","comment":"#hotosm-project-10479 #SOSAcre2021 source=Mapbox","created_by":"iD 2.19.5","hashtags":"#hotosm-project-10479;#SOSAcre2021;#youthmappersUFBA","host":"https://tasks.hotosm.org/projects/10479/map/","imagery_used":"Maxar Premium Imagery (Beta);.gpx data file;Custom (https://{switch:a,b,c,d}.tiles.mapbox.com/v4/mapbox.satellite/{z}/{x}/{y}.jpg?access_token={apikey} )","locale":"pt-BR"}},{"id":100091675,"created_at":"2021-02-27T10:45:45Z","open":false,"comments_count":0,"changes_count":46,"closed_at":"2021-02-27T10:45:47Z","min_lat":-12.9309937,"min_lon":-38.4924894,"max_lat":-12.9306155,"max_lon":-38.4921512,"uid":604538,"user":"Patricia UFBA","tags":{"changesets_count":"50","comment":"#youthmappersUFBA #geocombate","created_by":"iD 2.19.5","hashtags":"#youthmappersUFBA;#geocombate","host":"https://www.openstreetmap.org/edit","imagery_used":"Esri World Imagery","locale":"pt-BR"}},{"id":93338926,"created_at":"2020-10-31T13:53:04Z","open":false,"comments_count":0,"changes_count":23,"closed_at":"2020-10-31T13:53:06Z","min_lat":-23.6727064,"min_lon":-46.7400571,"max_lat":-23.6724821,"max_lon":-46.7397988,"uid":604538,"user":"Patricia UFBA","tags":{"changesets_count":"49","comment":"#youthmappersUFBA","created_by":"iD 2.19.3","hashtags":"#youthmappersUFBA","host":"https://tasks.hotosm.org/projects/6926/map/","imagery_used":"Esri World Imagery;.gpx data file","locale":"pt-BR"}},{"id":93338408,"created_at":"2020-10-31T13:34:42Z","open":false,"comments_count":0,"changes_count":6,"closed_at":"2020-10-31T13:34:45Z","min_lat":-12.992034,"min_lon":-38.444862,"max_lat":-12.9918891,"max_lon":-38.4446636,"uid":604538,"user":"Patricia UFBA","tags":{"changesets_count":"48","comment":"#youthmappersUFBA #geocombate","created_by":"iD 2.19.2","hashtags":"#youthmappersUFBA;#geocombate","host":"https://www.openstreetmap.org/edit","imagery_used":"Esri World Imagery","locale":"pt-BR"}},{"id":93337841,"created_at":"2020-10-31T13:15:54Z","open":false,"comments_count":0,"changes_count":64,"closed_at":"2020-10-31T13:15:57Z","min_lat":-12.9921446,"min_lon":-38.4445957,"max_lat":-12.9916498,"max_lon":-38.4434691,"uid":604538,"user":"Patricia UFBA","tags":{"changesets_count":"47","comment":"#youthmappersUFBA #geocombate","created_by":"iD 2.19.2","hashtags":"#youthmappersUFBA;#geocombate","host":"https://www.openstreetmap.org/edit","imagery_used":"Esri World Imagery","locale":"pt-BR"}},{"id":90120343,"created_at":"2020-08-29T13:40:44Z","open":false,"comments_count":0,"changes_count":187,"closed_at":"2020-08-29T13:40:47Z","min_lat":0.1970522,"min_lon":40.2840751,"max_lat":0.197794,"max_lon":40.28482,"uid":604538,"user":"Patricia UFBA","tags":{"changesets_count":"46","comment":"#hotosm-project-8823 #OSMKenya #YMUFBA","created_by":"iD 2.18.4","hashtags":"#hotosm-project-8823;#OSMKenya;#YMUFBA","host":"https://tasks.hotosm.org/projects/8823/map/","imagery_used":"Maxar-Premium;.gpx data file","locale":"pt-BR","review_requested":"yes"}},{"id":89764256,"created_at":"2020-08-21T21:12:54Z","open":false,"comments_count":0,"changes_count":19,"closed_at":"2020-08-21T21:13:06Z","min_lat":-12.9107524,"min_lon":-38.474142,"max_lat":-12.910474,"max_lon":-38.47381,"uid":604538,"user":"Patricia UFBA","tags":{"changesets_count":"45","comment":"#youthmappersUFBA","created_by":"iD 2.18.4","hashtags":"#youthmappersUFBA","host":"https://www.openstreetmap.org/edit","imagery_used":"Custom (https://tiles.openaerialmap.org/5f08b3eecd2ccd00078c341a/0/5f08b3eecd2ccd00078c341b/{z}/{x}/{y} )","locale":"pt-BR","resolved:crossing_ways:building-building":"5","resolved:crossing_ways:building-highway":"1"}},{"id":89710267,"created_at":"2020-08-20T20:13:48Z","open":false,"comments_count":0,"changes_count":121,"closed_at":"2020-08-20T20:14:10Z","min_lat":18.4396308,"min_lon":-77.9470787,"max_lat":18.4408488,"max_lon":-77.9452844,"uid":604538,"user":"Patricia UFBA","tags":{"changesets_count":"44","comment":"#hotosm-project-8990 #covid19 #COVJam #HOT10YRS","created_by":"iD 2.18.4","hashtags":"#hotosm-project-8990;#covid19;#COVJam;#HOT10YRS","host":"https://tasks.hotosm.org/projects/8990/map/","imagery_used":"EsriWorldImagery","locale":"pt-BR"}},{"id":89710055,"created_at":"2020-08-20T20:07:17Z","open":false,"comments_count":0,"changes_count":112,"closed_at":"2020-08-20T20:07:23Z","min_lat":18.4408298,"min_lon":-77.9472152,"max_lat":18.4443501,"max_lon":-77.9456583,"uid":604538,"user":"Patricia UFBA","tags":{"changesets_count":"43","comment":"#hotosm-project-8990 #covid19 #COVJam #HOT10YRS","created_by":"iD 2.18.4","hashtags":"#hotosm-project-8990;#covid19;#COVJam;#HOT10YRS","host":"https://tasks.hotosm.org/projects/8990/map/","imagery_used":"EsriWorldImagery","locale":"pt-BR"}},{"id":89593986,"created_at":"2020-08-18T19:56:07Z","open":false,"comments_count":0,"changes_count":32,"closed_at":"2020-08-18T19:56:09Z","min_lat":6.2495052,"min_lon":-75.5381013,"max_lat":6.2497069,"max_lon":-75.5377721,"uid":604538,"user":"Patricia UFBA","tags":{"changesets_count":"42","comment":"#hotosm-project-8593 #URBELatam #IGSD_UoW #COPPEUFRJ #UdeA #IUColmayor #CEMADEN #CPRM_Oficial #BritGeoSurvey","created_by":"iD 2.18.4","hashtags":"#hotosm-project-8593;#URBELatam;#IGSD_UoW;#COPPEUFRJ;#UdeA;#IUColmayor;#CEMADEN;#CPRM_Oficial;#BritGeoSurvey","host":"https://tasks.hotosm.org/projects/8593/map/","imagery_used":"Custom (https://tiles.arcgis.com/tiles/jyrg0bvZpfExlxkR/arcgis/rest/services/pacifico_drone_area/MapServer/tile/{z}/{y}/{x}?cacheKey=9337084d2ccf5732 );.gpx data file","locale":"pt-BR","resolved:crossing_ways:building-building":"1"}},{"id":89593581,"created_at":"2020-08-18T19:45:27Z","open":false,"comments_count":0,"changes_count":34,"closed_at":"2020-08-18T19:45:28Z","min_lat":6.2492087,"min_lon":-75.5378711,"max_lat":6.2495261,"max_lon":-75.5375106,"uid":604538,"user":"Patricia UFBA","tags":{"changesets_count":"41","comment":"#hotosm-project-8593 #URBELatam #IGSD_UoW #COPPEUFRJ #UdeA #IUColmayor #CEMADEN #CPRM_Oficial #BritGeoSurvey","created_by":"iD 2.18.4","hashtags":"#hotosm-project-8593;#URBELatam;#IGSD_UoW;#COPPEUFRJ;#UdeA;#IUColmayor;#CEMADEN;#CPRM_Oficial;#BritGeoSurvey","host":"https://tasks.hotosm.org/projects/8593/map/","imagery_used":"Custom (https://tiles.arcgis.com/tiles/jyrg0bvZpfExlxkR/arcgis/rest/services/pacifico_drone_area/MapServer/tile/{z}/{y}/{x}?cacheKey=9337084d2ccf5732 );.gpx data file","locale":"pt-BR","resolved:crossing_ways:building-building":"3"}},{"id":89593345,"created_at":"2020-08-18T19:38:31Z","open":false,"comments_count":0,"changes_count":30,"closed_at":"2020-08-18T19:39:10Z","min_lat":6.2487372,"min_lon":-75.537711,"max_lat":6.2495152,"max_lon":-75.5373587,"uid":604538,"user":"Patricia UFBA","tags":{"changesets_count":"40","comment":"#hotosm-project-8593 #URBELatam #IGSD_UoW #COPPEUFRJ #UdeA #IUColmayor #CEMADEN #CPRM_Oficial #BritGeoSurvey","created_by":"iD 2.18.4","hashtags":"#hotosm-project-8593;#URBELatam;#IGSD_UoW;#COPPEUFRJ;#UdeA;#IUColmayor;#CEMADEN;#CPRM_Oficial;#BritGeoSurvey","host":"https://tasks.hotosm.org/projects/8593/map/","imagery_used":"Custom (https://tiles.arcgis.com/tiles/jyrg0bvZpfExlxkR/arcgis/rest/services/pacifico_drone_area/MapServer/tile/{z}/{y}/{x}?cacheKey=9337084d2ccf5732 );.gpx data file","locale":"pt-BR","warnings:crossing_ways:building-building":"1"}},{"id":89591233,"created_at":"2020-08-18T18:43:33Z","open":false,"comments_count":0,"changes_count":47,"closed_at":"2020-08-18T18:43:34Z","min_lat":8.3883724,"min_lon":-60.316764,"max_lat":8.390362,"max_lon":-60.3132537,"uid":604538,"user":"Patricia UFBA","tags":{"changesets_count":"39","comment":"#hotosm-project-8677","created_by":"iD 2.18.4","hashtags":"#hotosm-project-8677","host":"https://tasks.hotosm.org/projects/8677/map/","imagery_used":"Bing;.gpx data file","locale":"pt-BR","review_requested":"yes"}},{"id":89591068,"created_at":"2020-08-18T18:39:10Z","open":false,"comments_count":0,"changes_count":41,"closed_at":"2020-08-18T18:39:11Z","min_lat":8.4486798,"min_lon":-60.38632,"max_lat":8.4529758,"max_lon":-60.3809069,"uid":604538,"user":"Patricia UFBA","tags":{"changesets_count":"38","comment":"#hotosm-project-8677","created_by":"iD 2.18.4","hashtags":"#hotosm-project-8677","host":"https://tasks.hotosm.org/projects/8677/map/","imagery_used":"Bing;.gpx data file","locale":"pt-BR","review_requested":"yes"}},{"id":89590833,"created_at":"2020-08-18T18:32:16Z","open":false,"comments_count":0,"changes_count":14,"closed_at":"2020-08-18T18:32:19Z","min_lat":8.4233291,"min_lon":-60.355842,"max_lat":8.4242367,"max_lon":-60.3550586,"uid":604538,"user":"Patricia UFBA","tags":{"changesets_count":"37","comment":"#hotosm-project-8677","created_by":"iD 2.18.4","hashtags":"#hotosm-project-8677","host":"https://tasks.hotosm.org/projects/8677/map/","imagery_used":"Bing;.gpx data file","locale":"pt-BR"}},{"id":89062931,"created_at":"2020-08-07T01:51:32Z","open":false,"comments_count":0,"changes_count":10,"closed_at":"2020-08-07T01:51:33Z","min_lat":-12.9113112,"min_lon":-38.3612608,"max_lat":-12.9099597,"max_lon":-38.359285,"uid":604538,"user":"Patricia UFBA","tags":{"changesets_count":"36","comment":"#youthmappersUFBA","created_by":"iD 2.18.4","hashtags":"#youthmappersUFBA","host":"https://www.openstreetmap.org/edit","imagery_used":"EsriWorldImagery","locale":"pt-BR"}},{"id":89062903,"created_at":"2020-08-07T01:49:16Z","open":false,"comments_count":0,"changes_count":17,"closed_at":"2020-08-07T01:49:20Z","min_lat":-12.9070297,"min_lon":-38.360517,"max_lat":-12.9065634,"max_lon":-38.3603778,"uid":604538,"user":"Patricia UFBA","tags":{"changesets_count":"35","comment":"#youthmappersUFBA","created_by":"iD 2.18.4","hashtags":"#youthmappersUFBA","host":"https://www.openstreetmap.org/edit","imagery_used":"EsriWorldImagery","locale":"pt-BR"}},{"id":89062718,"created_at":"2020-08-07T01:38:35Z","open":false,"comments_count":0,"changes_count":9,"closed_at":"2020-08-07T01:38:36Z","min_lat":-12.9067298,"min_lon":-38.3605193,"max_lat":-12.9065654,"max_lon":-38.3603721,"uid":604538,"user":"Patricia UFBA","tags":{"changesets_count":"34","comment":"ajuste","created_by":"iD 2.18.4","host":"https://www.openstreetmap.org/edit","imagery_used":"EsriWorldImagery","locale":"pt-BR"}},{"id":89062630,"created_at":"2020-08-07T01:31:27Z","open":false,"comments_count":0,"changes_count":9,"closed_at":"2020-08-07T01:31:27Z","min_lat":-12.9067298,"min_lon":-38.3605193,"max_lat":-12.9065654,"max_lon":-38.3603721,"uid":604538,"user":"Patricia UFBA","tags":{"changesets_count":"33","comment":"#youthmappersUFBA","created_by":"iD 2.18.4","hashtags":"#youthmappersUFBA","host":"https://www.openstreetmap.org/edit","imagery_used":"EsriWorldImagery","locale":"pt-BR"}},{"id":89062575,"created_at":"2020-08-07T01:26:20Z","open":false,"comments_count":0,"changes_count":6,"closed_at":"2020-08-07T01:26:23Z","min_lat":-12.9062483,"min_lon":-38.3610446,"max_lat":-12.9061408,"max_lon":-38.3609585,"uid":604538,"user":"Patricia UFBA","tags":{"changesets_count":"32","comment":"#youthmappersUFBA","created_by":"iD 2.18.4","hashtags":"#youthmappersUFBA","host":"https://www.openstreetmap.org/edit","imagery_used":"EsriWorldImagery","locale":"pt-BR"}},{"id":89059841,"created_at":"2020-08-06T22:01:34Z","open":false,"comments_count":0,"changes_count":17,"closed_at":"2020-08-06T22:01:35Z","min_lat":-12.9434661,"min_lon":-38.4388843,"max_lat":-12.9426689,"max_lon":-38.4376269,"uid":604538,"user":"Patricia UFBA","tags":{"changesets_count":"31","comment":"#youthmappersUFBA","created_by":"iD 2.18.4","hashtags":"#youthmappersUFBA","host":"https://www.openstreetmap.org/edit","imagery_used":"EsriWorldImagery","locale":"pt-BR"}},{"id":89056910,"created_at":"2020-08-06T20:30:05Z","open":false,"comments_count":0,"changes_count":11,"closed_at":"2020-08-06T20:30:08Z","min_lat":-12.9431634,"min_lon":-38.4381153,"max_lat":-12.9399041,"max_lon":-38.4359183,"uid":604538,"user":"Patricia UFBA","tags":{"changesets_count":"30","comment":"#youthmappersUFBA","created_by":"iD 2.18.4","hashtags":"#youthmappersUFBA","host":"https://www.openstreetmap.org/edit","imagery_used":"Bing;EsriWorldImagery","locale":"pt-BR"}},{"id":88752231,"created_at":"2020-07-30T21:09:02Z","open":false,"comments_count":0,"changes_count":71,"closed_at":"2020-07-30T21:09:04Z","min_lat":-12.9101776,"min_lon":-38.4757598,"max_lat":-12.9059199,"max_lon":-38.4701495,"uid":604538,"user":"Patricia UFBA","tags":{"changesets_count":"29","comment":"#hotosm-project-8788 #GeoCombateCOVID19BA","created_by":"iD 2.18.3","hashtags":"#hotosm-project-8788;#GeoCombateCOVID19BA","host":"https://tasks.hotosm.org/projects/8788/map/","imagery_used":"EsriWorldImagery;.gpx data file","locale":"pt-BR","resolved:crossing_ways:building-building":"1"}},{"id":88752138,"created_at":"2020-07-30T21:04:12Z","open":false,"comments_count":0,"changes_count":84,"closed_at":"2020-07-30T21:04:16Z","min_lat":-12.9101776,"min_lon":-38.4757598,"max_lat":-12.9059199,"max_lon":-38.4701495,"uid":604538,"user":"Patricia UFBA","tags":{"changesets_count":"28","comment":"#hotosm-project-8788 #GeoCombateCOVID19BA","created_by":"iD 2.18.3","hashtags":"#hotosm-project-8788;#GeoCombateCOVID19BA","host":"https://tasks.hotosm.org/projects/8788/map/","imagery_used":"EsriWorldImagery;.gpx data file","locale":"pt-BR","resolved:crossing_ways:building-building":"1","warnings:crossing_ways:building-building":"1","warnings:crossing_ways:building-highway":"1"}},{"id":88751476,"created_at":"2020-07-30T20:40:21Z","open":false,"comments_count":0,"changes_count":42,"closed_at":"2020-07-30T20:40:25Z","min_lat":-12.9090528,"min_lon":-38.4738639,"max_lat":-12.9088892,"max_lon":-38.4734561,"uid":604538,"user":"Patricia UFBA","tags":{"changesets_count":"27","comment":"#hotosm-project-8788 #GeoCombateCOVID19BA","created_by":"iD 2.18.3","hashtags":"#hotosm-project-8788;#GeoCombateCOVID19BA","host":"https://tasks.hotosm.org/projects/8788/map/","imagery_used":"Custom (https://tiles.openaerialmap.org/5f08b3eecd2ccd00078c341a/0/5f08b3eecd2ccd00078c341b/{z}/{x}/{y} )","locale":"pt-BR"}},{"id":88509391,"created_at":"2020-07-26T01:42:13Z","open":false,"comments_count":0,"changes_count":20,"closed_at":"2020-07-26T01:42:17Z","min_lat":-12.9105395,"min_lon":-38.4736165,"max_lat":-12.9105259,"max_lon":-38.4736026,"uid":604538,"user":"Patricia UFBA","tags":{"changesets_count":"26","comment":"#hotosm-project-8788 #GeoCombateCOVID19BA","created_by":"iD 2.17.3","hashtags":"#hotosm-project-8788;#GeoCombateCOVID19BA","host":"https://tasks.hotosm.org/projects/8788/map/","imagery_used":"Custom (https://tiles.openaerialmap.org/5f08b3eecd2ccd00078c341a/0/5f08b3eecd2ccd00078c341b/{z}/{x}/{y} );.gpx data file","locale":"pt-BR"}},{"id":88509318,"created_at":"2020-07-26T01:30:04Z","open":false,"comments_count":0,"changes_count":83,"closed_at":"2020-07-26T01:30:08Z","min_lat":-12.9101776,"min_lon":-38.4757598,"max_lat":-12.9059199,"max_lon":-38.4701495,"uid":604538,"user":"Patricia UFBA","tags":{"changesets_count":"25","comment":"#geocombate","created_by":"iD 2.18.3","hashtags":"#geocombate","host":"https://www.openstreetmap.org/edit","imagery_used":"Custom (https://tiles.openaerialmap.org/5f08b3eecd2ccd00078c341a/0/5f08b3eecd2ccd00078c341b/{z}/{x}/{y} )","locale":"pt-BR","resolved:crossing_ways:building-building":"23","resolved:crossing_ways:building-highway":"2"}},{"id":88509168,"created_at":"2020-07-26T01:03:51Z","open":false,"comments_count":0,"changes_count":32,"closed_at":"2020-07-26T01:04:01Z","min_lat":-12.9075637,"min_lon":-38.4738623,"max_lat":-12.9071663,"max_lon":-38.4734089,"uid":604538,"user":"Patricia UFBA","tags":{"changesets_count":"24","comment":"#hotosm-project-8788 #GeoCombateCOVID19BA","created_by":"iD 2.17.3","hashtags":"#hotosm-project-8788;#GeoCombateCOVID19BA","host":"https://tasks.hotosm.org/projects/8788/map/","imagery_used":"EsriWorldImagery","locale":"pt-BR","review_requested":"yes"}},{"id":88509102,"created_at":"2020-07-26T00:54:26Z","open":false,"comments_count":0,"changes_count":32,"closed_at":"2020-07-26T00:54:27Z","min_lat":-12.9079243,"min_lon":-38.4735972,"max_lat":-12.9073003,"max_lon":-38.4729649,"uid":604538,"user":"Patricia UFBA","tags":{"changesets_count":"23","comment":"#hotosm-project-8788 #GeoCombateCOVID19BA","created_by":"iD 2.17.3","hashtags":"#hotosm-project-8788;#GeoCombateCOVID19BA","host":"https://tasks.hotosm.org/projects/8788/map/","imagery_used":"EsriWorldImagery","locale":"pt-BR"}},{"id":88509048,"created_at":"2020-07-26T00:45:22Z","open":false,"comments_count":0,"changes_count":10,"closed_at":"2020-07-26T00:45:27Z","min_lat":-12.9074529,"min_lon":-38.4735972,"max_lat":-12.9073003,"max_lon":-38.4734154,"uid":604538,"user":"Patricia UFBA","tags":{"changesets_count":"22","comment":"#hotosm-project-8788 #GeoCombateCOVID19BA","created_by":"iD 2.17.3","hashtags":"#hotosm-project-8788;#GeoCombateCOVID19BA","host":"https://tasks.hotosm.org/projects/8788/map/","imagery_used":"EsriWorldImagery","locale":"pt-BR"}},{"id":88430425,"created_at":"2020-07-24T02:16:01Z","open":false,"comments_count":0,"changes_count":42,"closed_at":"2020-07-24T02:16:03Z","min_lat":-12.9235294,"min_lon":-38.498557,"max_lat":-12.9230549,"max_lon":-38.4976018,"uid":604538,"user":"Patricia UFBA","tags":{"changesets_count":"21","comment":"#hotosm-project-8789  #GeoCombateCOVID19BA","created_by":"iD 2.17.3","hashtags":"#hotosm-project-8789;#GeoCombateCOVID19BA","host":"https://tasks.hotosm.org/projects/8789/map/","imagery_used":"EsriWorldImagery;.gpx data file","locale":"pt-BR"}},{"id":88429638,"created_at":"2020-07-24T01:22:31Z","open":false,"comments_count":0,"changes_count":43,"closed_at":"2020-07-24T01:22:34Z","min_lat":-12.9234808,"min_lon":-38.4972203,"max_lat":-12.9216153,"max_lon":-38.4957618,"uid":604538,"user":"Patricia UFBA","tags":{"changesets_count":"20","comment":"#hotosm-project-8789  #GeoCombateCOVID19BA","created_by":"iD 2.17.3","hashtags":"#hotosm-project-8789;#GeoCombateCOVID19BA","host":"https://tasks.hotosm.org/projects/8789/map/","imagery_used":"EsriWorldImagery;.gpx data file","locale":"pt-BR","resolved:crossing_ways:highway-highway":"2","resolved:disconnected_way:highway":"1","warnings:almost_junction:highway-highway":"1","warnings:disconnected_way:highway":"1"}},{"id":88423593,"created_at":"2020-07-23T20:14:55Z","open":false,"comments_count":0,"changes_count":46,"closed_at":"2020-07-23T20:14:59Z","min_lat":-12.9256967,"min_lon":-38.500995,"max_lat":-12.9243874,"max_lon":-38.498415,"uid":604538,"user":"Patricia UFBA","tags":{"changesets_count":"19","comment":"#hotosm-project-8789  #GeoCombateCOVID19BA","created_by":"iD 2.17.3","hashtags":"#hotosm-project-8789;#GeoCombateCOVID19BA","host":"https://tasks.hotosm.org/projects/8789/map/","imagery_used":"EsriWorldImagery;.gpx data file","locale":"pt-BR"}},{"id":87862303,"created_at":"2020-07-11T19:43:13Z","open":false,"comments_count":0,"changes_count":374,"closed_at":"2020-07-11T19:43:19Z","min_lat":-12.9246908,"min_lon":-38.4811319,"max_lat":-12.9093723,"max_lon":-38.4722315,"uid":604538,"user":"Patricia UFBA","tags":{"changesets_count":"18","comment":"#hotosm-project-8788 #GeoCombateCOVID19BA","created_by":"iD 2.17.3","hashtags":"#hotosm-project-8788;#GeoCombateCOVID19BA","host":"https://tasks.hotosm.org/projects/8788/map/","imagery_used":"Custom (https://tiles.openaerialmap.org/5f08b3eecd2ccd00078c341a/0/5f08b3eecd2ccd00078c341b/{z}/{x}/{y} );.gpx data file","locale":"pt-BR"}},{"id":86376176,"created_at":"2020-06-09T01:00:27Z","open":false,"comments_count":0,"changes_count":1,"closed_at":"2020-06-09T01:00:32Z","min_lat":-12.9290588,"min_lon":-38.4937248,"max_lat":-12.9290588,"max_lon":-38.4937248,"uid":604538,"user":"Patricia UFBA","tags":{"changesets_count":"17","comment":"#hotosm-project-8789  #GeoCombateCOVID19BA","created_by":"iD 2.17.3","hashtags":"#hotosm-project-8789;#GeoCombateCOVID19BA","host":"https://tasks.hotosm.org/projects/8789/map/","imagery_used":"Bing;.gpx data file","locale":"pt-BR"}}]}
