{"version":"0.6","generator":"OpenStreetMap server","copyright":"OpenStreetMap and contributors","attribution":"http://www.openstreetmap.org/copyright","license":"http://opendatacommons.org/licenses/odbl/1-0/","changesets":[{"id":150900613,"created_at":"2024-05-04T23:02:04Z","open":false,"comments_count":0,"changes_count":44,"closed_at":"2024-05-04T23:02:05Z","min_lat":-29.5153471,"min_lon":-52.8222658,"max_lat":-29.5037646,"max_lon":-52.8167848,"uid":17355425,"user":"brenobrrt","tags":{"changesets_count":"10","comment":"#hotosm-project-16696","created_by":"Rapid 2.2.5","hashtags":"#hotosm-project-16696","host":"https://rapideditor.org/rapid","imagery_used":"Bing Maps Aerial","locale":"pt-BR","review_requested":"yes","source":"aerial imagery"}},{"id":150900368,"created_at":"2024-05-04T22:47:26Z","open":false,"comments_count":0,"changes_count":9,"closed_at":"2024-05-04T22:47:27Z","min_lat":-29.5083483,"min_lon":-52.8439453,"max_lat":-29.5031587,"max_lon":-52.8016652,"uid":17355425,"user":"brenobrrt","tags":{"changesets_count":"9","comment":"#hotosm-project-16696","created_by":"Rapid 2.2.5","hashtags":"#hotosm-project-16696","host":"https://rapideditor.org/rapid","imagery_used":"Bing Maps Aerial","locale":"pt-BR","review_requested":"yes","source":"aerial imagery"}},{"id":150899322,"created_at":"2024-05-04T21:52:39Z","open":false,"comments_count":0,"changes_count":5,"closed_at":"2024-05-04T21:52:40Z","min_lat":-29.5065588,"min_lon":-52.8300064,"max_lat":-29.5062698,"max_lon":-52.8277573,"uid":17355425,"user":"brenobrrt","tags":{"changesets_count":"8","comment":"#hotosm-project-16696","created_by":"Rapid 2.2.5","hashtags":"#hotosm-project-16696","host":"https://rapideditor.org/rapid","imagery_used":"Bing Maps Aerial","locale":"pt-BR","source":"aerial imagery"}},{"id":149659402,"created_at":"2024-04-06T15:08:09Z","open":false,"comments_count":0,"changes_count":111,"closed_at":"2024-04-06T15:08:10Z","min_lat":-12.9345807,"min_lon":-38.4311086,"max_lat":-12.9322405,"max_lon":-38.4288327,"uid":17355425,"user":"brenobrrt","tags":{"changesets_count":"7","comment":"#osmus-tasks-538","created_by":"iD 2.21.1","hashtags":"#osmus-tasks-538","host":"https://tasks.openstreetmap.us/projects/538/map/","imagery_used":"Esri World Imagery (Clarity) Beta;.gpx data file;Esri World Imagery","locale":"pt-BR"}},{"id":149658301,"created_at":"2024-04-06T14:38:59Z","open":false,"comments_count":0,"changes_count":25,"closed_at":"2024-04-06T14:39:00Z","min_lat":-12.9343413,"min_lon":-38.4305218,"max_lat":-12.933254,"max_lon":-38.4296188,"uid":17355425,"user":"brenobrrt","tags":{"changesets_count":"6","comment":"#osmus-tasks-538","created_by":"iD 2.21.1","hashtags":"#osmus-tasks-538","host":"https://tasks.openstreetmap.us/projects/538/map/","imagery_used":"Esri World Imagery;.gpx data file;Esri World Imagery (Clarity) Beta","locale":"pt-BR"}},{"id":137301245,"created_at":"2023-06-13T19:59:38Z","open":false,"comments_count":0,"changes_count":10,"closed_at":"2023-06-13T19:59:42Z","min_lat":-12.9447963,"min_lon":-38.3900843,"max_lat":-12.9447567,"max_lon":-38.3900463,"uid":17355425,"user":"brenobrrt","tags":{"changesets_count":"5","comment":"#teachosm-project-1534 #youthmappersUFBA #MapeamentoSalvador Brazil, Salvador, streets and buidlings","created_by":"iD 2.20.2","hashtags":"#teachosm-project-1534;#youthmappersUFBA;#MapeamentoSalvador","host":"https://tasks.teachosm.org/projects/1534/map/","imagery_used":"Esri World Imagery;.gpx data file","locale":"pt-BR","review_requested":"yes"}},{"id":137300386,"created_at":"2023-06-13T19:35:53Z","open":false,"comments_count":0,"changes_count":244,"closed_at":"2023-06-13T19:35:55Z","min_lat":-12.9389769,"min_lon":-38.385712,"max_lat":-12.9373388,"max_lon":-38.3835407,"uid":17355425,"user":"brenobrrt","tags":{"changesets_count":"4","comment":"#teachosm-project-1534 #youthmappersUFBA #MapeamentoSalvador Brazil, Salvador, streets and buidlings","created_by":"iD 2.20.2","hashtags":"#teachosm-project-1534;#youthmappersUFBA;#MapeamentoSalvador","host":"https://tasks.teachosm.org/projects/1534/map/","imagery_used":"Esri World Imagery;.gpx data file","locale":"pt-BR","review_requested":"yes","warnings:crossing_ways:building-highway":"1"}},{"id":137298245,"created_at":"2023-06-13T18:25:54Z","open":false,"comments_count":0,"changes_count":112,"closed_at":"2023-06-13T18:25:56Z","min_lat":-12.9369844,"min_lon":-38.4051324,"max_lat":-12.9337015,"max_lon":-38.4024288,"uid":17355425,"user":"brenobrrt","tags":{"changesets_count":"3","comment":"#teachosm-project-1534 #youthmappersUFBA #MapeamentoSalvador Brazil, Salvador, streets and buidlings","created_by":"iD 2.20.2","hashtags":"#teachosm-project-1534;#youthmappersUFBA;#MapeamentoSalvador","host":"https://tasks.teachosm.org/projects/1534/map/","imagery_used":"Esri World Imagery;.gpx data file","locale":"pt-BR","review_requested":"yes"}},{"id":136717918,"created_at":"2023-05-29T21:10:31Z","open":false,"comments_count":2,"changes_count":244,"closed_at":"2023-05-29T21:10:32Z","min_lat":-13.0078908,"min_lon":-38.5298988,"max_lat":-12.9556104,"max_lon":-38.3929596,"uid":17355425,"user":"brenobrrt","tags":{"changesets_count":"2","comment":"Feições mapeadas para o curso de OSM do Mapeia Livres UFPR","created_by":"iD 2.25.2","host":"https://www.openstreetmap.org/edit","imagery_used":"Bing Maps Aerial","locale":"pt-BR","source":"#YouthMappers;#mapeadoreslivresufpr;#mapealivresufpr;#cursomapeadoreslivres"}},{"id":129258257,"created_at":"2022-11-22T23:46:53Z","open":false,"comments_count":0,"changes_count":1,"closed_at":"2022-11-22T23:46:56Z","min_lat":-13.0099466,"min_lon":-38.4722006,"max_lat":-13.0099466,"max_lon":-38.4722006,"uid":17355425,"user":"brenobrrt","tags":{"comment":"Add Food court.","created_by":"OsmAnd Maps 4.2.4"}}]}
