{"version":"0.6","generator":"OpenStreetMap server","copyright":"OpenStreetMap and contributors","attribution":"http://www.openstreetmap.org/copyright","license":"http://opendatacommons.org/licenses/odbl/1-0/","changesets":[{"id":150267446,"created_at":"2024-04-20T15:03:51Z","open":false,"comments_count":0,"changes_count":5,"closed_at":"2024-04-20T15:03:52Z","min_lat":-12.9163731,"min_lon":-38.4512075,"max_lat":-12.91631,"max_lon":-38.4510889,"uid":21170498,"user":"RuanSamOli","tags":{"changesets_count":"2","comment":"#osmus-tasks-538","created_by":"iD 2.21.1","hashtags":"#osmus-tasks-538;#youthmappersufba","host":"https://tasks.openstreetmap.us/projects/538/map/","imagery_used":"Esri World Imagery (Clarity) Beta;.gpx data file","locale":"pt-BR","review_requested":"yes","source":"aerial imagery;gps;osm notes;Esri(Clareadas)"}},{"id":150267302,"created_at":"2024-04-20T15:01:15Z","open":false,"comments_count":0,"changes_count":253,"closed_at":"2024-04-20T15:01:16Z","min_lat":-12.9168426,"min_lon":-38.4518751,"max_lat":-12.9151459,"max_lon":-38.4507436,"uid":21170498,"user":"RuanSamOli","tags":{"changesets_count":"1","comment":"#osmus-tasks-538","created_by":"iD 2.21.1","hashtags":"#osmus-tasks-538;#youthmappersufba","host":"https://tasks.openstreetmap.us/projects/538/map/","imagery_used":"Esri World Imagery (Clarity) Beta;.gpx data file","locale":"pt-BR","review_requested":"yes","warnings:almost_junction:highway-highway":"1","warnings:crossing_ways:highway-highway":"1","warnings:disconnected_way:highway":"1"}}]}
