{"version":"0.6","generator":"OpenStreetMap server","copyright":"OpenStreetMap and contributors","attribution":"http://www.openstreetmap.org/copyright","license":"http://opendatacommons.org/licenses/odbl/1-0/","changesets":[{"id":150266281,"created_at":"2024-04-20T14:37:32Z","open":false,"comments_count":0,"changes_count":74,"closed_at":"2024-04-20T14:37:33Z","min_lat":-12.9273521,"min_lon":-38.4309756,"max_lat":-12.9255068,"max_lon":-38.429164,"uid":18902304,"user":"Ana_Lemos","tags":{"changesets_count":"18","comment":"#osmus-tasks-538~#youthmappers #ufba","created_by":"iD 2.21.1","hashtags":"#osmus-tasks-538;#youthmappers;#ufba","host":"https://tasks.openstreetmap.us/projects/538/map/","imagery_used":"Esri World Imagery;.gpx data file","locale":"pt-BR"}},{"id":149051664,"created_at":"2024-03-23T13:50:43Z","open":false,"comments_count":0,"changes_count":19,"closed_at":"2024-03-23T13:50:43Z","min_lat":-12.9330722,"min_lon":-38.446914,"max_lat":-12.932586,"max_lon":-38.4461806,"uid":18902304,"user":"Ana_Lemos","tags":{"changesets_count":"17","comment":"#osmus-tasks-538#youthmappers#mapatona#230324","created_by":"iD 2.21.1","hashtags":"#osmus-tasks-538;#youthmappers;#mapatona;#230324","host":"https://tasks.openstreetmap.us/projects/538/map/","imagery_used":"Esri World Imagery (Clarity) Beta;.gpx data file;Esri World Imagery","locale":"pt-BR"}},{"id":149050208,"created_at":"2024-03-23T13:04:02Z","open":false,"comments_count":0,"changes_count":41,"closed_at":"2024-03-23T13:04:03Z","min_lat":-12.9345089,"min_lon":-38.4468209,"max_lat":-12.933103,"max_lon":-38.4455182,"uid":18902304,"user":"Ana_Lemos","tags":{"changesets_count":"16","comment":"#osmus-tasks-538#youthmappers#mapatona#230324","created_by":"iD 2.21.1","hashtags":"#osmus-tasks-538;#youthmappers;#mapatona;#230324","host":"https://tasks.openstreetmap.us/projects/538/map/","imagery_used":"Esri World Imagery;.gpx data file;Esri World Imagery (Clarity) Beta","locale":"pt-BR"}},{"id":149049415,"created_at":"2024-03-23T12:39:36Z","open":false,"comments_count":0,"changes_count":64,"closed_at":"2024-03-23T12:39:37Z","min_lat":-12.9333188,"min_lon":-38.4466318,"max_lat":-12.9324779,"max_lon":-38.4458211,"uid":18902304,"user":"Ana_Lemos","tags":{"changesets_count":"15","comment":"#osmus-tasks-538#youthmappers#mapatona#230324","created_by":"iD 2.21.1","hashtags":"#osmus-tasks-538;#youthmappers;#mapatona;#230324","host":"https://tasks.openstreetmap.us/projects/538/map/","imagery_used":"Esri World Imagery;.gpx data file","locale":"pt-BR"}},{"id":148264780,"created_at":"2024-03-05T19:23:02Z","open":false,"comments_count":0,"changes_count":5,"closed_at":"2024-03-05T19:23:06Z","min_lat":-12.9262146,"min_lon":-38.4396672,"max_lat":-12.9261142,"max_lon":-38.4395591,"uid":18902304,"user":"Ana_Lemos","tags":{"comment":"#osmus-tasks-538","created_by":"iD 2.21.1","hashtags":"#osmus-tasks-538","host":"https://tasks.openstreetmap.us/projects/538/map/","imagery_used":"Esri World Imagery;.gpx data file","locale":"pt","review_requested":"yes"}},{"id":148264735,"created_at":"2024-03-05T19:22:02Z","open":false,"comments_count":0,"changes_count":4,"closed_at":"2024-03-05T19:22:05Z","min_lat":-12.9265084,"min_lon":-38.4387682,"max_lat":-12.9263948,"max_lon":-38.4386217,"uid":18902304,"user":"Ana_Lemos","tags":{"changesets_count":"13","comment":"#osmus-tasks-538","created_by":"iD 2.21.1","hashtags":"#osmus-tasks-538","host":"https://tasks.openstreetmap.us/projects/538/map/","ideditor:walkthrough_progress":"welcome;startEditing","ideditor:walkthrough_started":"yes","imagery_used":"Esri World Imagery;.gpx data file","locale":"pt","review_requested":"yes"}},{"id":148264726,"created_at":"2024-03-05T19:21:40Z","open":false,"comments_count":0,"changes_count":10,"closed_at":"2024-03-05T19:21:43Z","min_lat":-12.9265024,"min_lon":-38.4394579,"max_lat":-12.9257953,"max_lon":-38.4386356,"uid":18902304,"user":"Ana_Lemos","tags":{"changesets_count":"12","comment":"#osmus-tasks-538","created_by":"iD 2.21.1","hashtags":"#osmus-tasks-538","host":"https://tasks.openstreetmap.us/projects/538/map/","ideditor:walkthrough_progress":"welcome;startEditing","ideditor:walkthrough_started":"yes","imagery_used":"Esri World Imagery;.gpx data file","locale":"pt","review_requested":"yes"}},{"id":144440738,"created_at":"2023-11-25T13:15:43Z","open":false,"comments_count":0,"changes_count":5,"closed_at":"2023-11-25T13:15:44Z","min_lat":-12.9815644,"min_lon":-38.5102613,"max_lat":-12.9814166,"max_lon":-38.5099626,"uid":18902304,"user":"Ana_Lemos","tags":{"changesets_count":"11","comment":"gisday youthmappers UFBA","created_by":"iD 2.27.3","host":"https://www.openstreetmap.org/edit","imagery_used":"Esri World Imagery (Clarity) Beta","locale":"pt-BR"}},{"id":144440325,"created_at":"2023-11-25T13:02:40Z","open":false,"comments_count":0,"changes_count":62,"closed_at":"2023-11-25T13:02:41Z","min_lat":-12.9823868,"min_lon":-38.5116608,"max_lat":-12.9811279,"max_lon":-38.5094876,"uid":18902304,"user":"Ana_Lemos","tags":{"changesets_count":"10","comment":"gisday youthmappers UFBA","created_by":"iD 2.27.3","host":"https://www.openstreetmap.org/edit","imagery_used":"Esri World Imagery (Clarity) Beta","locale":"pt-BR"}},{"id":137763317,"created_at":"2023-06-25T18:36:34Z","open":false,"comments_count":0,"changes_count":62,"closed_at":"2023-06-25T18:36:35Z","min_lat":-23.6884705,"min_lon":-49.8229223,"max_lat":-23.68718,"max_lon":-49.8205732,"uid":18902304,"user":"Ana_Lemos","tags":{"changesets_count":"9","comment":"#teachosm-project-1493 #mapealivreufpr #norte-pioneiro-pr #mulheresdocafenppr","created_by":"iD 2.20.2","hashtags":"#teachosm-project-1493;#mapealivreufpr;#norte-pioneiro-pr;#mulheresdocafenppr","host":"https://tasks.teachosm.org/projects/1493/map/","imagery_used":"Bing aerial imagery;.gpx data file","locale":"pt-BR"}},{"id":137763231,"created_at":"2023-06-25T18:33:41Z","open":false,"comments_count":0,"changes_count":106,"closed_at":"2023-06-25T18:33:42Z","min_lat":-23.6903191,"min_lon":-49.8262283,"max_lat":-23.6876931,"max_lon":-49.8202154,"uid":18902304,"user":"Ana_Lemos","tags":{"changesets_count":"8","comment":"#teachosm-project-1493 #mapealivreufpr #norte-pioneiro-pr #mulheresdocafenppr","created_by":"iD 2.20.2","hashtags":"#teachosm-project-1493;#mapealivreufpr;#norte-pioneiro-pr;#mulheresdocafenppr","host":"https://tasks.teachosm.org/projects/1493/map/","imagery_used":"Bing aerial imagery;.gpx data file","locale":"pt-BR"}},{"id":137762961,"created_at":"2023-06-25T18:25:28Z","open":false,"comments_count":0,"changes_count":70,"closed_at":"2023-06-25T18:25:29Z","min_lat":-23.6926236,"min_lon":-49.8279954,"max_lat":-23.6906417,"max_lon":-49.8254655,"uid":18902304,"user":"Ana_Lemos","tags":{"changesets_count":"7","comment":"#teachosm-project-1493 #mapealivreufpr #norte-pioneiro-pr #mulheresdocafenppr","created_by":"iD 2.20.2","hashtags":"#teachosm-project-1493;#mapealivreufpr;#norte-pioneiro-pr;#mulheresdocafenppr","host":"https://tasks.teachosm.org/projects/1493/map/","imagery_used":"Bing aerial imagery;.gpx data file","locale":"pt-BR"}},{"id":137762860,"created_at":"2023-06-25T18:22:13Z","open":false,"comments_count":0,"changes_count":457,"closed_at":"2023-06-25T18:22:15Z","min_lat":-23.6925418,"min_lon":-49.827832,"max_lat":-23.6880723,"max_lon":-49.8232263,"uid":18902304,"user":"Ana_Lemos","tags":{"changesets_count":"6","comment":"#teachosm-project-1493 #mapealivreufpr #norte-pioneiro-pr #mulheresdocafenppr","created_by":"iD 2.20.2","hashtags":"#teachosm-project-1493;#mapealivreufpr;#norte-pioneiro-pr;#mulheresdocafenppr","host":"https://tasks.teachosm.org/projects/1493/map/","imagery_used":"Bing aerial imagery;.gpx data file","locale":"pt-BR"}},{"id":137264621,"created_at":"2023-06-13T01:44:07Z","open":false,"comments_count":0,"changes_count":1,"closed_at":"2023-06-13T01:44:07Z","min_lat":-12.9806566,"min_lon":-38.5106357,"max_lat":-12.9805838,"max_lon":-38.5104075,"uid":18902304,"user":"Ana_Lemos","tags":{"changesets_count":"5","comment":"igrejas Nazaré","created_by":"iD 2.25.2","hashtags":"#youthmappers;#mapeadoreslivres","host":"https://www.openstreetmap.org/edit","ideditor:walkthrough_progress":"welcome;startEditing","ideditor:walkthrough_started":"yes","imagery_used":"CyclOSM","locale":"pt-BR"}},{"id":137264436,"created_at":"2023-06-13T01:29:31Z","open":false,"comments_count":0,"changes_count":1,"closed_at":"2023-06-13T01:29:32Z","min_lat":-12.9834666,"min_lon":-38.5158332,"max_lat":-12.9831921,"max_lon":-38.5155207,"uid":18902304,"user":"Ana_Lemos","tags":{"changesets_count":"4","comment":"igrejas Nazaré","created_by":"iD 2.25.2","hashtags":"#youthmappers;#mapeadoreslivres","host":"https://www.openstreetmap.org/edit","ideditor:walkthrough_progress":"welcome;startEditing","ideditor:walkthrough_started":"yes","imagery_used":"CyclOSM","locale":"pt-BR"}},{"id":137264379,"created_at":"2023-06-13T01:24:44Z","open":false,"comments_count":0,"changes_count":2,"closed_at":"2023-06-13T01:24:44Z","min_lat":-12.9797633,"min_lon":-38.5143224,"max_lat":-12.9774413,"max_lon":-38.5106182,"uid":18902304,"user":"Ana_Lemos","tags":{"changesets_count":"3","comment":"igrejas Nazaré","created_by":"iD 2.25.2","hashtags":"#youthmappers;#mapeadoreslivres","host":"https://www.openstreetmap.org/edit","ideditor:walkthrough_progress":"welcome;startEditing","ideditor:walkthrough_started":"yes","imagery_used":"CyclOSM","locale":"pt-BR"}},{"id":137264359,"created_at":"2023-06-13T01:23:03Z","open":false,"comments_count":0,"changes_count":2,"closed_at":"2023-06-13T01:23:04Z","min_lat":-12.9841024,"min_lon":-38.5147639,"max_lat":-12.9809629,"max_lon":-38.5120612,"uid":18902304,"user":"Ana_Lemos","tags":{"changesets_count":"2","comment":"igrejas Nazaré","created_by":"iD 2.25.2","hashtags":"#youthmappers;#mapeadoreslivres","host":"https://www.openstreetmap.org/edit","ideditor:walkthrough_progress":"welcome;startEditing","ideditor:walkthrough_started":"yes","imagery_used":"CyclOSM","locale":"pt-BR"}},{"id":136722957,"created_at":"2023-05-30T03:18:00Z","open":false,"comments_count":0,"changes_count":225,"closed_at":"2023-05-30T03:18:01Z","min_lat":-12.9952453,"min_lon":-38.4926691,"max_lat":-12.984377,"max_lon":-38.4732843,"uid":18902304,"user":"Ana_Lemos","tags":{"changesets_count":"1","comment":"Brotas #youthmappers #mapeadoreslivres","created_by":"iD 2.25.2","hashtags":"#youthmappers;#mapeadoreslivres","host":"https://www.openstreetmap.org/edit","imagery_used":"Esri World Imagery (Clarity) Beta","locale":"pt-BR","source":"aerial imagery;local knowledge"}}]}
