{"version":"0.6","generator":"OpenStreetMap server","copyright":"OpenStreetMap and contributors","attribution":"http://www.openstreetmap.org/copyright","license":"http://opendatacommons.org/licenses/odbl/1-0/","changesets":[{"id":148269457,"created_at":"2024-03-05T21:52:51Z","open":false,"comments_count":0,"changes_count":57,"closed_at":"2024-03-05T21:52:52Z","min_lat":-12.9152439,"min_lon":-38.4494374,"max_lat":-12.9141259,"max_lon":-38.4475887,"uid":21163033,"user":"Janderson Santos Andrade","tags":{"changesets_count":"1","comment":"#osmus-tasks-538","created_by":"iD 2.21.1","hashtags":"#osmus-tasks-538","host":"https://tasks.openstreetmap.us/projects/538/map/","ideditor:walkthrough_progress":"welcome;startEditing","ideditor:walkthrough_started":"yes","imagery_used":"Bing Maps Aerial;.gpx data file","locale":"pt-BR"}}]}
