{"version":"0.6","generator":"OpenStreetMap server","copyright":"OpenStreetMap and contributors","attribution":"http://www.openstreetmap.org/copyright","license":"http://opendatacommons.org/licenses/odbl/1-0/","changesets":[{"id":151127563,"created_at":"2024-05-10T05:47:45Z","open":false,"comments_count":0,"changes_count":194,"closed_at":"2024-05-10T05:47:47Z","min_lat":-12.9326211,"min_lon":-38.439923,"max_lat":-12.9320277,"max_lon":-38.4381315,"uid":21184792,"user":"abne dias","tags":{"changesets_count":"12","comment":"#osmus-tasks-538","created_by":"iD 2.21.1","hashtags":"#osmus-tasks-538","host":"https://tasks.openstreetmap.us/projects/538/map/","imagery_used":"Esri World Imagery (Clarity) Beta;.gpx data file","locale":"pt-BR","review_requested":"yes"}},{"id":151034194,"created_at":"2024-05-08T02:23:13Z","open":false,"comments_count":0,"changes_count":50,"closed_at":"2024-05-08T02:23:14Z","min_lat":-12.9319406,"min_lon":-38.4385127,"max_lat":-12.931767,"max_lon":-38.4380932,"uid":21184792,"user":"abne dias","tags":{"changesets_count":"11","comment":"#osmus-tasks-538","created_by":"iD 2.21.1","hashtags":"#osmus-tasks-538","host":"https://tasks.openstreetmap.us/projects/538/map/","imagery_used":"Esri World Imagery (Clarity) Beta;.gpx data file;Esri World Imagery","locale":"pt-BR","review_requested":"yes"}},{"id":150992793,"created_at":"2024-05-07T06:15:55Z","open":false,"comments_count":0,"changes_count":210,"closed_at":"2024-05-07T06:15:57Z","min_lat":-12.9312067,"min_lon":-38.4399413,"max_lat":-12.9308213,"max_lon":-38.4388138,"uid":21184792,"user":"abne dias","tags":{"changesets_count":"10","comment":"#osmus-tasks-538","created_by":"iD 2.21.1","hashtags":"#osmus-tasks-538","host":"https://tasks.openstreetmap.us/projects/538/map/","imagery_used":"Esri World Imagery (Clarity) Beta;.gpx data file","locale":"pt-BR","review_requested":"yes"}},{"id":150989659,"created_at":"2024-05-07T04:17:08Z","open":false,"comments_count":0,"changes_count":24,"closed_at":"2024-05-07T04:17:10Z","min_lat":-12.914613,"min_lon":-38.4407889,"max_lat":-12.914404,"max_lon":-38.4401969,"uid":21184792,"user":"abne dias","tags":{"changesets_count":"9","comment":"#osmus-tasks-538","created_by":"iD 2.21.1","hashtags":"#osmus-tasks-538","host":"https://tasks.openstreetmap.us/projects/538/map/","imagery_used":"Esri World Imagery;.gpx data file","locale":"pt-BR","review_requested":"yes"}},{"id":150325825,"created_at":"2024-04-22T04:11:14Z","open":false,"comments_count":0,"changes_count":56,"closed_at":"2024-04-22T04:11:16Z","min_lat":-12.9154655,"min_lon":-38.4418818,"max_lat":-12.9143228,"max_lon":-38.4408975,"uid":21184792,"user":"abne dias","tags":{"changesets_count":"8","comment":"#osmus-tasks-538","created_by":"iD 2.21.1","hashtags":"#osmus-tasks-538","host":"https://tasks.openstreetmap.us/projects/538/map/","imagery_used":"Esri World Imagery;Esri World Imagery (Clarity) Beta;.gpx data file","locale":"pt-BR","review_requested":"yes"}},{"id":150014179,"created_at":"2024-04-15T00:46:11Z","open":false,"comments_count":0,"changes_count":5,"closed_at":"2024-04-15T00:46:12Z","min_lat":-12.9143782,"min_lon":-38.4414415,"max_lat":-12.9142441,"max_lon":-38.4413364,"uid":21184792,"user":"abne dias","tags":{"changesets_count":"7","comment":"#osmus-tasks-538","created_by":"iD 2.21.1","hashtags":"#osmus-tasks-538","host":"https://tasks.openstreetmap.us/projects/538/map/","imagery_used":"Esri World Imagery","locale":"pt-BR","review_requested":"yes"}},{"id":150014096,"created_at":"2024-04-15T00:41:07Z","open":false,"comments_count":0,"changes_count":65,"closed_at":"2024-04-15T00:41:08Z","min_lat":-12.9146565,"min_lon":-38.4417339,"max_lat":-12.9142516,"max_lon":-38.4412557,"uid":21184792,"user":"abne dias","tags":{"changesets_count":"6","comment":"#osmus-tasks-538","created_by":"iD 2.21.1","hashtags":"#osmus-tasks-538","host":"https://tasks.openstreetmap.us/projects/538/map/","imagery_used":"Esri World Imagery","locale":"pt-BR","review_requested":"yes"}},{"id":149983281,"created_at":"2024-04-14T09:18:18Z","open":false,"comments_count":0,"changes_count":19,"closed_at":"2024-04-14T09:18:19Z","min_lat":-12.9155485,"min_lon":-38.4456268,"max_lat":-12.9123383,"max_lon":-38.441037,"uid":21184792,"user":"abne dias","tags":{"changesets_count":"5","comment":"#osmus-tasks-538","created_by":"iD 2.21.1","hashtags":"#osmus-tasks-538","host":"https://tasks.openstreetmap.us/projects/538/map/","imagery_used":"Esri World Imagery;.gpx data file","locale":"pt-BR","review_requested":"yes"}},{"id":149982370,"created_at":"2024-04-14T08:59:47Z","open":false,"comments_count":0,"changes_count":21,"closed_at":"2024-04-14T08:59:48Z","min_lat":-12.9142465,"min_lon":-38.441743,"max_lat":-12.9137141,"max_lon":-38.4411784,"uid":21184792,"user":"abne dias","tags":{"changesets_count":"4","comment":"#osmus-tasks-538","created_by":"iD 2.21.1","hashtags":"#osmus-tasks-538","host":"https://tasks.openstreetmap.us/projects/538/map/","imagery_used":"Esri World Imagery (Clarity) Beta;.gpx data file","locale":"pt-BR","review_requested":"yes","warnings:close_nodes:vertices":"1"}},{"id":149981715,"created_at":"2024-04-14T08:42:35Z","open":false,"comments_count":0,"changes_count":115,"closed_at":"2024-04-14T08:42:36Z","min_lat":-12.9145438,"min_lon":-38.4414239,"max_lat":-12.9138161,"max_lon":-38.4410782,"uid":21184792,"user":"abne dias","tags":{"changesets_count":"3","comment":"#osmus-tasks-538","created_by":"iD 2.21.1","hashtags":"#osmus-tasks-538","host":"https://tasks.openstreetmap.us/projects/538/map/","imagery_used":"Esri World Imagery;.gpx data file","locale":"pt-BR","review_requested":"yes"}},{"id":149979582,"created_at":"2024-04-14T07:38:59Z","open":false,"comments_count":0,"changes_count":121,"closed_at":"2024-04-14T07:39:00Z","min_lat":-12.9151577,"min_lon":-38.4423892,"max_lat":-12.9142805,"max_lon":-38.4397734,"uid":21184792,"user":"abne dias","tags":{"changesets_count":"2","comment":"#osmus-tasks-538","created_by":"iD 2.21.1","hashtags":"#osmus-tasks-538","host":"https://tasks.openstreetmap.us/projects/538/map/","imagery_used":"Esri World Imagery;.gpx data file;Esri World Imagery (Clarity) Beta","locale":"pt-BR","review_requested":"yes"}},{"id":149659456,"created_at":"2024-04-06T15:09:41Z","open":false,"comments_count":0,"changes_count":50,"closed_at":"2024-04-06T15:09:42Z","min_lat":-12.9161591,"min_lon":-38.4375854,"max_lat":-12.9157691,"max_lon":-38.4370825,"uid":21184792,"user":"abne dias","tags":{"changesets_count":"1","comment":"#osmus-tasks-538","created_by":"iD 2.21.1","hashtags":"#osmus-tasks-538","host":"https://tasks.openstreetmap.us/projects/538/map/","imagery_used":"Esri World Imagery (Clarity) Beta;.gpx data file;Esri World Imagery","locale":"pt-BR","review_requested":"yes"}}]}
