{"version":"0.6","generator":"OpenStreetMap server","copyright":"OpenStreetMap and contributors","attribution":"http://www.openstreetmap.org/copyright","license":"http://opendatacommons.org/licenses/odbl/1-0/","changesets":[{"id":137383962,"created_at":"2023-06-15T17:57:44Z","open":false,"comments_count":0,"changes_count":6,"closed_at":"2023-06-15T17:57:46Z","min_lat":-23.6897702,"min_lon":-49.8265761,"max_lat":-23.6860468,"max_lon":-49.8226494,"uid":11572008,"user":"Silvia Miranda","tags":{"comment":"#teachosm-project-1493 #mapealivreufpr #norte-pioneiro-pr #mulheresdocafenppr","created_by":"JOSM/1.5 (18746 pt_BR)","hashtags":"#teachosm-project-1493;#mapealivreufpr;#norte-pioneiro-pr;#mulheresdocafenppr","source":"Bing"}},{"id":137383595,"created_at":"2023-06-15T17:48:17Z","open":false,"comments_count":0,"changes_count":355,"closed_at":"2023-06-15T17:48:19Z","min_lat":-23.6898781,"min_lon":-49.8279575,"max_lat":-23.6860468,"max_lon":-49.8226494,"uid":11572008,"user":"Silvia Miranda","tags":{"comment":"#teachosm-project-1493 #mapealivreufpr #norte-pioneiro-pr #mulheresdocafenppr","created_by":"JOSM/1.5 (18746 pt_BR)","hashtags":"#teachosm-project-1493;#mapealivreufpr;#norte-pioneiro-pr;#mulheresdocafenppr","review_requested":"yes","source":"Bing"}},{"id":137305694,"created_at":"2023-06-13T23:43:02Z","open":false,"comments_count":0,"changes_count":11,"closed_at":"2023-06-13T23:43:03Z","min_lat":-13.0000453,"min_lon":-38.510693,"max_lat":-12.9998483,"max_lon":-38.5105053,"uid":11572008,"user":"Silvia Miranda","tags":{"comment":"#YouthMappers\n#mapeadoreslivresufpr \n#mapealivreufpr\n#cursomapeadoreslivres \n#youthmappers vetorização de edificação térreo na escola politecnica da ufba","created_by":"JOSM/1.5 (18746 pt_BR)","hashtags":"#YouthMappers;#mapeadoreslivresufpr;#mapealivreufpr;#cursomapeadoreslivres;#youthmappers","source":"Bing"}},{"id":137015969,"created_at":"2023-06-06T13:42:55Z","open":false,"comments_count":0,"changes_count":39,"closed_at":"2023-06-06T13:42:56Z","min_lat":-23.6943308,"min_lon":-49.8205364,"max_lat":-23.6939853,"max_lon":-49.8182353,"uid":11572008,"user":"Silvia Miranda","tags":{"changesets_count":"18","comment":"#teachosm-project-1493 #mapealivreufpr #norte-pioneiro-pr #mulheresdocafenppr","created_by":"RapiD 1.1.8-tm.1","hashtags":"#teachosm-project-1493;#mapealivreufpr;#norte-pioneiro-pr;#mulheresdocafenppr","host":"https://tasks.teachosm.org/projects/1493/map/","imagery_used":"Bing aerial imagery;.gpx data file","locale":"pt-BR","source":"mapwithai"}},{"id":137015494,"created_at":"2023-06-06T13:30:02Z","open":false,"comments_count":0,"changes_count":143,"closed_at":"2023-06-06T13:30:04Z","min_lat":-23.6948729,"min_lon":-49.8244587,"max_lat":-23.6934255,"max_lon":-49.8209698,"uid":11572008,"user":"Silvia Miranda","tags":{"changesets_count":"17","comment":"#teachosm-project-1493 #mapealivreufpr #norte-pioneiro-pr #mulheresdocafenppr","created_by":"RapiD 1.1.8-tm.1","hashtags":"#teachosm-project-1493;#mapealivreufpr;#norte-pioneiro-pr;#mulheresdocafenppr","host":"https://tasks.teachosm.org/projects/1493/map/","imagery_used":"Bing aerial imagery;.gpx data file","locale":"pt-BR","source":"mapwithai"}},{"id":137014671,"created_at":"2023-06-06T13:10:53Z","open":false,"comments_count":0,"changes_count":86,"closed_at":"2023-06-06T13:10:54Z","min_lat":-23.6939308,"min_lon":-49.8253661,"max_lat":-23.6917304,"max_lon":-49.8239337,"uid":11572008,"user":"Silvia Miranda","tags":{"changesets_count":"16","comment":"#teachosm-project-1493 #mapealivreufpr #norte-pioneiro-pr #mulheresdocafenppr","created_by":"RapiD 1.1.8-tm.1","hashtags":"#teachosm-project-1493;#mapealivreufpr;#norte-pioneiro-pr;#mulheresdocafenppr","host":"https://tasks.teachosm.org/projects/1493/map/","imagery_used":"Bing aerial imagery;.gpx data file","locale":"pt-BR","source":"mapwithai"}},{"id":136761658,"created_at":"2023-05-30T20:05:01Z","open":false,"comments_count":1,"changes_count":148,"closed_at":"2023-05-30T20:05:02Z","min_lat":-13.0014948,"min_lon":-38.5303121,"max_lat":-13.000072,"max_lon":-38.5279456,"uid":11572008,"user":"Silvia Miranda","tags":{"changesets_count":"15","comment":"pequena edição próxima da minha moradia #youthmappersatufba para o curso de mapeamento livre #YouthMappers\n#mapeadoreslivresufpr \n#mapealivreufpr\n#cursomapeadoreslivres \n#youthmappers","created_by":"iD 2.25.2","hashtags":"#youthmappersatufba;#YouthMappers;#mapeadoreslivresufpr;#mapealivreufpr;#cursomapeadoreslivres","host":"https://www.openstreetmap.org/edit","imagery_used":"Esri World Imagery","locale":"pt-BR","review_requested":"yes"}},{"id":136760884,"created_at":"2023-05-30T19:38:34Z","open":false,"comments_count":0,"changes_count":5,"closed_at":"2023-05-30T19:38:35Z","min_lat":-13.0007564,"min_lon":-38.5296988,"max_lat":-13.000592,"max_lon":-38.5295647,"uid":11572008,"user":"Silvia Miranda","tags":{"changesets_count":"14","comment":"pequena edição próxima da minha moradia #youthmappersatufba para o curso de mapeamento livre #YouthMappers\n#mapeadoreslivresufpr \n#mapealivreufpr\n#cursomapeadoreslivres \n#youthmappers","created_by":"iD 2.25.2","hashtags":"#youthmappersatufba;#YouthMappers;#mapeadoreslivresufpr;#mapealivreufpr;#cursomapeadoreslivres","host":"https://www.openstreetmap.org/edit","imagery_used":"Esri World Imagery","locale":"pt-BR","review_requested":"yes"}},{"id":136760816,"created_at":"2023-05-30T19:37:02Z","open":false,"comments_count":0,"changes_count":13,"closed_at":"2023-05-30T19:37:03Z","min_lat":-13.0007956,"min_lon":-38.5298639,"max_lat":-13.0003357,"max_lon":-38.5288607,"uid":11572008,"user":"Silvia Miranda","tags":{"changesets_count":"13","comment":"pequena edição próxima da minha moradia #youthmappersatufba para o curso de mapeamento livre #YouthMappers\n#mapeadoreslivresufpr \n#mapealivreufpr\n#cursomapeadoreslivres \n#youthmappers","created_by":"iD 2.25.2","hashtags":"#youthmappersatufba;#YouthMappers;#mapeadoreslivresufpr;#mapealivreufpr;#cursomapeadoreslivres","host":"https://www.openstreetmap.org/edit","imagery_used":"Esri World Imagery","locale":"pt-BR","review_requested":"yes"}},{"id":136476252,"created_at":"2023-05-24T00:15:41Z","open":false,"comments_count":0,"changes_count":5,"closed_at":"2023-05-24T00:15:41Z","min_lat":-13.0000457,"min_lon":-38.529022,"max_lat":-12.9998203,"max_lon":-38.5288667,"uid":11572008,"user":"Silvia Miranda","tags":{"changesets_count":"12","comment":"pequena edição próxima da minha moradia #youthmappersatufba","created_by":"iD 2.25.2","hashtags":"#youthmappersatufba","host":"https://www.openstreetmap.org/edit","imagery_used":"Bing Maps Aerial;Esri World Imagery","locale":"pt-BR","review_requested":"yes"}},{"id":89311311,"created_at":"2020-08-12T15:06:58Z","open":false,"comments_count":0,"changes_count":34,"closed_at":"2020-08-12T15:06:59Z","min_lat":-12.9181182,"min_lon":-38.4792684,"max_lat":-12.9175847,"max_lon":-38.4786408,"uid":11572008,"user":"Silvia Miranda","tags":{"changesets_count":"11","comment":"#youthmappersUFBA","created_by":"iD 2.18.4","hashtags":"#youthmappersUFBA","host":"https://www.openstreetmap.org/edit","imagery_used":"Bing","locale":"pt-BR"}},{"id":89310844,"created_at":"2020-08-12T14:54:22Z","open":false,"comments_count":0,"changes_count":20,"closed_at":"2020-08-12T14:54:23Z","min_lat":-12.9206074,"min_lon":-38.4793268,"max_lat":-12.9200413,"max_lon":-38.4786111,"uid":11572008,"user":"Silvia Miranda","tags":{"changesets_count":"10","comment":"#youthmappersUFBA","created_by":"iD 2.18.4","hashtags":"#youthmappersUFBA","host":"https://www.openstreetmap.org/edit","imagery_used":"Bing","locale":"pt-BR"}},{"id":89310143,"created_at":"2020-08-12T14:35:28Z","open":false,"comments_count":0,"changes_count":29,"closed_at":"2020-08-12T14:35:29Z","min_lat":-12.9226051,"min_lon":-38.4803223,"max_lat":-12.9213138,"max_lon":-38.4791753,"uid":11572008,"user":"Silvia Miranda","tags":{"changesets_count":"9","comment":"#youthmappersUFBA","created_by":"iD 2.18.4","hashtags":"#youthmappersUFBA","host":"https://www.openstreetmap.org/edit","imagery_used":"Bing","locale":"pt-BR"}},{"id":89308788,"created_at":"2020-08-12T13:59:18Z","open":false,"comments_count":0,"changes_count":35,"closed_at":"2020-08-12T13:59:19Z","min_lat":-12.9197847,"min_lon":-38.4827559,"max_lat":-12.9184879,"max_lon":-38.481977,"uid":11572008,"user":"Silvia Miranda","tags":{"changesets_count":"8","comment":"#youthmappersUFBA","created_by":"iD 2.18.4","hashtags":"#youthmappersUFBA","host":"https://www.openstreetmap.org/edit","imagery_used":"Bing","locale":"pt-BR"}},{"id":89307305,"created_at":"2020-08-12T13:23:52Z","open":false,"comments_count":0,"changes_count":24,"closed_at":"2020-08-12T13:23:53Z","min_lat":-12.9180146,"min_lon":-38.4829003,"max_lat":-12.9168742,"max_lon":-38.4820792,"uid":11572008,"user":"Silvia Miranda","tags":{"changesets_count":"7","comment":"#youthmappersUFBA","created_by":"iD 2.18.4","hashtags":"#youthmappersUFBA","host":"https://www.openstreetmap.org/edit","imagery_used":"Bing","locale":"pt-BR"}},{"id":89306543,"created_at":"2020-08-12T13:06:21Z","open":false,"comments_count":0,"changes_count":38,"closed_at":"2020-08-12T13:06:22Z","min_lat":-12.9202474,"min_lon":-38.4816572,"max_lat":-12.9168598,"max_lon":-38.4805805,"uid":11572008,"user":"Silvia Miranda","tags":{"changesets_count":"6","comment":"#youthmappersUFBA","created_by":"iD 2.18.4","hashtags":"#youthmappersUFBA","host":"https://www.openstreetmap.org/edit","imagery_used":"Bing","locale":"pt-BR"}},{"id":89305113,"created_at":"2020-08-12T12:35:52Z","open":false,"comments_count":0,"changes_count":28,"closed_at":"2020-08-12T12:35:53Z","min_lat":-12.9378884,"min_lon":-38.4930414,"max_lat":-12.90907,"max_lon":-38.4785266,"uid":11572008,"user":"Silvia Miranda","tags":{"changesets_count":"5","comment":"#youthmappersUFBA","created_by":"iD 2.18.4","hashtags":"#youthmappersUFBA","host":"https://www.openstreetmap.org/edit","imagery_used":"Bing","locale":"pt-BR"}},{"id":89304238,"created_at":"2020-08-12T12:18:07Z","open":false,"comments_count":0,"changes_count":26,"closed_at":"2020-08-12T12:18:08Z","min_lat":-12.9211868,"min_lon":-38.4824773,"max_lat":-12.9206666,"max_lon":-38.4815691,"uid":11572008,"user":"Silvia Miranda","tags":{"changesets_count":"4","comment":"#youthmappersUFBA","created_by":"iD 2.18.4","hashtags":"#youthmappersUFBA","host":"https://www.openstreetmap.org/edit","imagery_used":"Bing","locale":"pt-BR"}},{"id":89257318,"created_at":"2020-08-11T14:33:05Z","open":false,"comments_count":0,"changes_count":12,"closed_at":"2020-08-11T14:33:05Z","min_lat":-12.922126,"min_lon":-38.4824811,"max_lat":-12.9208488,"max_lon":-38.4818499,"uid":11572008,"user":"Silvia Miranda","tags":{"changesets_count":"3","comment":"#youthmappersUFBA","created_by":"iD 2.18.4","hashtags":"#youthmappersUFBA","host":"https://www.openstreetmap.org/edit","imagery_used":"Bing","locale":"pt-BR"}},{"id":89256953,"created_at":"2020-08-11T14:24:13Z","open":false,"comments_count":0,"changes_count":24,"closed_at":"2020-08-11T14:24:14Z","min_lat":-12.9224409,"min_lon":-38.4867114,"max_lat":-12.9200203,"max_lon":-38.4828369,"uid":11572008,"user":"Silvia Miranda","tags":{"changesets_count":"2","comment":"#youthmappersUFBA","created_by":"iD 2.18.4","hashtags":"#youthmappersUFBA","host":"https://www.openstreetmap.org/edit","imagery_used":"Bing","locale":"pt-BR"}},{"id":89256618,"created_at":"2020-08-11T14:15:24Z","open":false,"comments_count":0,"changes_count":6,"closed_at":"2020-08-11T14:15:27Z","min_lat":-12.9222951,"min_lon":-38.4856022,"max_lat":-12.9221488,"max_lon":-38.485428,"uid":11572008,"user":"Silvia Miranda","tags":{"changesets_count":"1","comment":"#youthmappersUFBA","created_by":"iD 2.18.4","hashtags":"#youthmappersUFBA","host":"https://www.openstreetmap.org/edit","imagery_used":"Bing","locale":"pt-BR"}}]}
