{"version":"0.6","generator":"OpenStreetMap server","copyright":"OpenStreetMap and contributors","attribution":"http://www.openstreetmap.org/copyright","license":"http://opendatacommons.org/licenses/odbl/1-0/","changesets":[{"id":142787347,"created_at":"2023-10-18T23:55:47Z","open":false,"comments_count":0,"changes_count":1,"closed_at":"2023-10-18T23:55:48Z","min_lat":-12.9301195,"min_lon":-38.4948355,"max_lat":-12.9294556,"max_lon":-38.4941399,"uid":20484308,"user":"Igor Arão","tags":{"changesets_count":"1","comment":"O campo estava sem nome. Adicionei o nome","created_by":"iD 2.27.1","host":"https://www.openstreetmap.org/edit","imagery_used":"Bing Maps Aerial","locale":"pt-BR","review_requested":"yes"}}]}
