{"version":"0.6","generator":"OpenStreetMap server","copyright":"OpenStreetMap and contributors","attribution":"http://www.openstreetmap.org/copyright","license":"http://opendatacommons.org/licenses/odbl/1-0/","changesets":[{"id":151334835,"created_at":"2024-05-14T22:55:27Z","open":false,"comments_count":0,"changes_count":13,"closed_at":"2024-05-14T22:55:28Z","min_lat":-29.3915935,"min_lon":-51.9237827,"max_lat":-29.3893361,"max_lon":-51.9229628,"uid":18502802,"user":"Aline Graziadei","tags":{"changesets_count":"14","comment":"#hotosm-project-16737 #2024_brrs_floods #enchentes_RS_2024 #Humanitarianprogram #Mapping_emergency_response","created_by":"iD 2.21.1","hashtags":"#hotosm-project-16737;#2024_brrs_floods;#enchentes_RS_2024;#Humanitarianprogram;#Mapping_emergency_response;#youthmappersufba","host":"https://tasks.hotosm.org/projects/16737/map/","imagery_used":"Bing Maps Aerial;unknown.geojson","locale":"pt-BR","review_requested":"yes"}},{"id":151334589,"created_at":"2024-05-14T22:43:49Z","open":false,"comments_count":0,"changes_count":5,"closed_at":"2024-05-14T22:43:50Z","min_lat":-29.3913095,"min_lon":-51.9234619,"max_lat":-29.391233,"max_lon":-51.9233671,"uid":18502802,"user":"Aline Graziadei","tags":{"changesets_count":"13","comment":"#hotosm-project-16737 #2024_brrs_floods #enchentes_RS_2024 #Humanitarianprogram #Mapping_emergency_response","created_by":"iD 2.21.1","hashtags":"#hotosm-project-16737;#2024_brrs_floods;#enchentes_RS_2024;#Humanitarianprogram;#Mapping_emergency_response;#yo;#youthmappersufba","host":"https://tasks.hotosm.org/projects/16737/map/","imagery_used":"Bing Maps Aerial;unknown.geojson","locale":"pt-BR"}},{"id":150730706,"created_at":"2024-05-01T00:09:28Z","open":false,"comments_count":0,"changes_count":34,"closed_at":"2024-05-01T00:09:30Z","min_lat":-19.1346918,"min_lon":-46.3332369,"max_lat":-19.1310414,"max_lon":-46.325892,"uid":18502802,"user":"Aline Graziadei","tags":{"changesets_count":"12","comment":"#teachosm-project-1463 #YouthMappers #YouthMappersUFV Mapeamento de estradas rurais","created_by":"iD 2.21.1","hashtags":"#teachosm-project-1463;#YouthMappers;#YouthMappersUFV","host":"https://tasks.teachosm.org/projects/1463/map/","imagery_used":"Bing Maps Aerial;unknown.geojson","locale":"pt-BR","review_requested":"yes"}},{"id":149949337,"created_at":"2024-04-13T12:23:43Z","open":false,"comments_count":0,"changes_count":17,"closed_at":"2024-04-13T12:23:44Z","min_lat":-12.9393656,"min_lon":-38.4327228,"max_lat":-12.9378629,"max_lon":-38.4310226,"uid":18502802,"user":"Aline Graziadei","tags":{"changesets_count":"11","comment":"#osmus-tasks-538 #youthmappersufba","created_by":"iD 2.21.1","hashtags":"#osmus-tasks-538;#youthmappersufba","host":"https://tasks.openstreetmap.us/projects/538/map/","imagery_used":"Esri World Imagery;IBGE Nomes de Ruas;.gpx data file","locale":"pt-BR","review_requested":"yes"}},{"id":149949173,"created_at":"2024-04-13T12:19:45Z","open":false,"comments_count":0,"changes_count":15,"closed_at":"2024-04-13T12:19:46Z","min_lat":-12.9393243,"min_lon":-38.4322068,"max_lat":-12.9390647,"max_lon":-38.4314698,"uid":18502802,"user":"Aline Graziadei","tags":{"changesets_count":"10","comment":"#osmus-tasks-538 #youthmappersufba","created_by":"iD 2.21.1","hashtags":"#osmus-tasks-538;#youthmappersufba","host":"https://tasks.openstreetmap.us/projects/538/map/","imagery_used":"Esri World Imagery;.gpx data file","locale":"pt-BR","review_requested":"yes"}},{"id":142055347,"created_at":"2023-10-02T20:01:55Z","open":false,"comments_count":0,"changes_count":10,"closed_at":"2023-10-02T20:01:56Z","min_lat":-29.4091022,"min_lon":-51.9464818,"max_lat":-29.408734,"max_lon":-51.9460751,"uid":18502802,"user":"Aline Graziadei","tags":{"changesets_count":"9","comment":"#hotosm-project-15602 MAPEAMENTO DE ENCHENTES NA CIDADE DE AROIO DO MEIO (RS) #ENCHENTESRS #OPENSTREETMAP-BR #UMBRAOSM #YOUTHMAPPERS-BR #BRASIL #HOTHubLAC","created_by":"iD 2.21.1","hashtags":"#hotosm-project-15602;#ENCHENTESRS;#OPENSTREETMAP-BR;#UMBRAOSM;#YOUTHMAPPERS-BR;#BRASIL;#HOTHubLAC","host":"https://tasks.hotosm.org/projects/15602/map/","imagery_used":"Bing Maps Aerial;.gpx data file","locale":"pt-BR"}},{"id":141891149,"created_at":"2023-09-29T00:19:55Z","open":false,"comments_count":0,"changes_count":65,"closed_at":"2023-09-29T00:19:56Z","min_lat":-29.386666,"min_lon":-51.9176934,"max_lat":-29.3846145,"max_lon":-51.9156797,"uid":18502802,"user":"Aline Graziadei","tags":{"changesets_count":"8","comment":"#hotosm-project-15602 MAPEAMENTO DE ENCHENTES NA CIDADE DE AROIO DO MEIO (RS) #ENCHENTESRS #OPENSTREETMAP-BR #UMBRAOSM #YOUTHMAPPERS-BR #BRASIL #HOTHubLAC","created_by":"iD 2.21.1","hashtags":"#hotosm-project-15602;#ENCHENTESRS;#OPENSTREETMAP-BR;#UMBRAOSM;#YOUTHMAPPERS-BR;#BRASIL;#HOTHubLAC","host":"https://tasks.hotosm.org/projects/15602/map/","imagery_used":"Bing Maps Aerial;.gpx data file","locale":"pt-BR","review_requested":"yes"}},{"id":141890736,"created_at":"2023-09-28T23:49:56Z","open":false,"comments_count":0,"changes_count":67,"closed_at":"2023-09-28T23:49:57Z","min_lat":-29.3785241,"min_lon":-51.9145689,"max_lat":-29.3774039,"max_lon":-51.9134946,"uid":18502802,"user":"Aline Graziadei","tags":{"changesets_count":"7","comment":"#hotosm-project-15602 MAPEAMENTO DE ENCHENTES NA CIDADE DE AROIO DO MEIO (RS) #ENCHENTESRS #OPENSTREETMAP-BR #UMBRAOSM #YOUTHMAPPERS-BR #BRASIL #HOTHubLAC","created_by":"iD 2.21.1","hashtags":"#hotosm-project-15602;#ENCHENTESRS;#OPENSTREETMAP-BR;#UMBRAOSM;#YOUTHMAPPERS-BR;#BRASIL;#HOTHubLAC","host":"https://tasks.hotosm.org/projects/15602/map/","imagery_used":"Bing Maps Aerial;.gpx data file","locale":"pt-BR","review_requested":"yes"}},{"id":141890562,"created_at":"2023-09-28T23:39:23Z","open":false,"comments_count":0,"changes_count":35,"closed_at":"2023-09-28T23:39:24Z","min_lat":-29.3762563,"min_lon":-51.9158841,"max_lat":-29.3749935,"max_lon":-51.9145585,"uid":18502802,"user":"Aline Graziadei","tags":{"changesets_count":"6","comment":"#hotosm-project-15602 MAPEAMENTO DE ENCHENTES NA CIDADE DE AROIO DO MEIO (RS) #ENCHENTESRS #OPENSTREETMAP-BR #UMBRAOSM #YOUTHMAPPERS-BR #BRASIL #HOTHubLAC","created_by":"iD 2.21.1","hashtags":"#hotosm-project-15602;#ENCHENTESRS;#OPENSTREETMAP-BR;#UMBRAOSM;#YOUTHMAPPERS-BR;#BRASIL;#HOTHubLAC","host":"https://tasks.hotosm.org/projects/15602/map/","imagery_used":"Bing Maps Aerial;.gpx data file","locale":"pt-BR","review_requested":"yes"}},{"id":141890427,"created_at":"2023-09-28T23:32:56Z","open":false,"comments_count":0,"changes_count":5,"closed_at":"2023-09-28T23:32:57Z","min_lat":-29.3735562,"min_lon":-51.929309,"max_lat":-29.3734354,"max_lon":-51.929166,"uid":18502802,"user":"Aline Graziadei","tags":{"changesets_count":"5","comment":"#hotosm-project-15602 MAPEAMENTO DE ENCHENTES NA CIDADE DE AROIO DO MEIO (RS) #ENCHENTESRS #OPENSTREETMAP-BR #UMBRAOSM #YOUTHMAPPERS-BR #BRASIL #HOTHubLAC","created_by":"iD 2.21.1","hashtags":"#hotosm-project-15602;#ENCHENTESRS;#OPENSTREETMAP-BR;#UMBRAOSM;#YOUTHMAPPERS-BR;#BRASIL;#HOTHubLAC","host":"https://tasks.hotosm.org/projects/15602/map/","imagery_used":"Bing Maps Aerial;.gpx data file","locale":"pt-BR"}},{"id":141890357,"created_at":"2023-09-28T23:30:34Z","open":false,"comments_count":0,"changes_count":41,"closed_at":"2023-09-28T23:30:35Z","min_lat":-29.3687351,"min_lon":-51.9390855,"max_lat":-29.3681493,"max_lon":-51.9379258,"uid":18502802,"user":"Aline Graziadei","tags":{"changesets_count":"4","comment":"#hotosm-project-15602 MAPEAMENTO DE ENCHENTES NA CIDADE DE AROIO DO MEIO (RS) #ENCHENTESRS #OPENSTREETMAP-BR #UMBRAOSM #YOUTHMAPPERS-BR #BRASIL #HOTHubLAC","created_by":"iD 2.21.1","hashtags":"#hotosm-project-15602;#ENCHENTESRS;#OPENSTREETMAP-BR;#UMBRAOSM;#YOUTHMAPPERS-BR;#BRASIL;#HOTHubLAC","host":"https://tasks.hotosm.org/projects/15602/map/","imagery_used":"Bing Maps Aerial;.gpx data file","locale":"pt-BR","review_requested":"yes"}},{"id":141224468,"created_at":"2023-09-13T18:29:07Z","open":false,"comments_count":3,"changes_count":183,"closed_at":"2023-09-13T18:29:09Z","min_lat":-29.1705976,"min_lon":-51.8792897,"max_lat":-29.1659535,"max_lon":-51.8669288,"uid":18502802,"user":"Aline Graziadei","tags":{"changesets_count":"3","comment":"#hotosm-project-15493 MAPEAMENTO DE ENCHENTES NA CIDADE DE MUÇUM-RS   #UMBRAOSM   #YOUTHMAPPERS-BR   #ENCHENTESRS e #HOTHubLAC","created_by":"iD 2.21.1","hashtags":"#hotosm-project-15493;#UMBRAOSM;#YOUTHMAPPERS-BR;#ENCHENTESRS;#HOTHubLAC;#meninasdageo","host":"https://tasks.hotosm.org/projects/15493/map/","imagery_used":"Bing Maps Aerial;.gpx data file","locale":"pt-BR","review_requested":"yes"}},{"id":137813688,"created_at":"2023-06-27T01:54:49Z","open":false,"comments_count":0,"changes_count":416,"closed_at":"2023-06-27T01:54:50Z","min_lat":-23.8800006,"min_lon":-50.4349277,"max_lat":-23.6688964,"max_lon":-50.1921719,"uid":18502802,"user":"Aline Graziadei","tags":{"changesets_count":"2","comment":"#teachosm-project-1493 #mapealivreufpr #norte-pioneiro-pr #mulheresdocafenppr","created_by":"RapiD 1.1.8-tm.1","hashtags":"#teachosm-project-1493;#mapealivreufpr;#norte-pioneiro-pr;#mulheresdocafenppr","host":"https://tasks.teachosm.org/projects/1493/map/","imagery_used":"Bing aerial imagery;.gpx data file","locale":"pt-BR","review_requested":"yes","source":"mapwithai","warnings:disconnected_way:highway":"1","warnings:outdated_tags:noncanonical_brand":"1"}},{"id":137217437,"created_at":"2023-06-11T19:34:42Z","open":false,"comments_count":0,"changes_count":277,"closed_at":"2023-06-11T19:34:43Z","min_lat":-29.7585521,"min_lon":-53.8683483,"max_lat":-29.6989169,"max_lon":-53.6980436,"uid":18502802,"user":"Aline Graziadei","tags":{"changesets_count":"1","comment":"Curso mapeadores livres UFPR","created_by":"iD 2.25.2","hashtags":"#YouthMappers;#mapeadoreslivresufpr;#youthmappersatufba;#cursomapeadoreslivres","host":"https://www.openstreetmap.org/edit","imagery_used":"Maxar Premium Imagery","locale":"pt-BR","review_requested":"yes","source":"local knowledge"}}]}
