{"version":"0.6","generator":"OpenStreetMap server","copyright":"OpenStreetMap and contributors","attribution":"http://www.openstreetmap.org/copyright","license":"http://opendatacommons.org/licenses/odbl/1-0/","changesets":[{"id":151035133,"created_at":"2024-05-08T03:39:30Z","open":false,"comments_count":0,"changes_count":281,"closed_at":"2024-05-08T03:39:32Z","min_lat":-30.2115624,"min_lon":-51.1784505,"max_lat":-30.2102114,"max_lon":-51.1763039,"uid":17355350,"user":"Igor_Santana","tags":{"changesets_count":"41","comment":"#teachosm-project-1605 #enchentesRS #floodmapping #youthmappers #mapealivreufpr #youthmappersufba","created_by":"iD 2.21.1","hashtags":"#teachosm-project-1605;#enchentesRS;#floodmapping;#youthmappers;#mapealivreufpr;#youthmappersufba","host":"https://tasks.teachosm.org/projects/1605/map/","imagery_used":"Esri World Imagery;unknown.geojson","locale":"pt-BR","review_requested":"yes","source":"aerial imagery;Imagens de satélite;ESRI satélite;Interpretação visual"}},{"id":151034916,"created_at":"2024-05-08T03:25:02Z","open":false,"comments_count":0,"changes_count":386,"closed_at":"2024-05-08T03:25:03Z","min_lat":-30.212031,"min_lon":-51.1779732,"max_lat":-30.2111315,"max_lon":-51.176111,"uid":17355350,"user":"Igor_Santana","tags":{"changesets_count":"40","comment":"#teachosm-project-1605 #enchentesRS #floodmapping #youthmappers #mapealivreufpr #youthmappersufba","created_by":"iD 2.21.1","hashtags":"#teachosm-project-1605;#enchentesRS;#floodmapping;#youthmappers;#mapealivreufpr;#youthmappersufba","host":"https://tasks.teachosm.org/projects/1605/map/","imagery_used":"Esri World Imagery;unknown.geojson","locale":"pt-BR","review_requested":"yes","source":"aerial imagery;Imagens de satélite;ESRI satélite;Interpretação visual"}},{"id":151034506,"created_at":"2024-05-08T02:46:53Z","open":false,"comments_count":0,"changes_count":167,"closed_at":"2024-05-08T02:46:54Z","min_lat":-30.2125377,"min_lon":-51.1783698,"max_lat":-30.2114781,"max_lon":-51.1770368,"uid":17355350,"user":"Igor_Santana","tags":{"changesets_count":"39","comment":"#teachosm-project-1605 #enchentesRS #floodmapping #youthmappers #mapealivreufpr #youthmappersufba","created_by":"iD 2.21.1","hashtags":"#teachosm-project-1605;#enchentesRS;#floodmapping;#youthmappers;#mapealivreufpr;#youthmappersufba","host":"https://tasks.teachosm.org/projects/1605/map/","imagery_used":"Esri World Imagery;unknown.geojson","locale":"pt-BR","review_requested":"yes","source":"aerial imagery;Imagens de satélite;ESRI satélite;Interpretação visual"}},{"id":151034242,"created_at":"2024-05-08T02:26:24Z","open":false,"comments_count":0,"changes_count":226,"closed_at":"2024-05-08T02:26:25Z","min_lat":-30.2128234,"min_lon":-51.1794287,"max_lat":-30.2118513,"max_lon":-51.1777699,"uid":17355350,"user":"Igor_Santana","tags":{"changesets_count":"38","comment":"#teachosm-project-1605 #enchentesRS #floodmapping #youthmappers #mapealivreufpr #youthmappersufba","created_by":"iD 2.21.1","hashtags":"#teachosm-project-1605;#enchentesRS;#floodmapping;#youthmappers;#mapealivreufpr;#youthmappersufba","host":"https://tasks.teachosm.org/projects/1605/map/","imagery_used":"Esri World Imagery;unknown.geojson","locale":"pt-BR","review_requested":"yes","source":"aerial imagery;Imagens de satélite;ESRI satélite;Interpretação visual"}},{"id":151033883,"created_at":"2024-05-08T01:58:35Z","open":false,"comments_count":0,"changes_count":329,"closed_at":"2024-05-08T01:58:37Z","min_lat":-30.2130522,"min_lon":-51.1800549,"max_lat":-30.2120441,"max_lon":-51.1782167,"uid":17355350,"user":"Igor_Santana","tags":{"changesets_count":"37","comment":"#teachosm-project-1605 #enchentesRS #floodmapping #youthmappers #mapealivreufpr #youthmappersufba","created_by":"iD 2.21.1","hashtags":"#teachosm-project-1605;#enchentesRS;#floodmapping;#youthmappers;#mapealivreufpr;#youthmappersufba","host":"https://tasks.teachosm.org/projects/1605/map/","imagery_used":"Bing Maps Aerial;unknown.geojson;Esri World Imagery","locale":"pt-BR","review_requested":"yes","source":"aerial imagery;Imagens de satélite;Esri satélite"}},{"id":151033657,"created_at":"2024-05-08T01:36:33Z","open":false,"comments_count":0,"changes_count":259,"closed_at":"2024-05-08T01:36:35Z","min_lat":-30.2121446,"min_lon":-51.1806541,"max_lat":-30.2103986,"max_lon":-51.1792549,"uid":17355350,"user":"Igor_Santana","tags":{"changesets_count":"36","comment":"#teachosm-project-1605 #enchentesRS #floodmapping #youthmappers #mapealivreufpr #youthmappersufba","created_by":"iD 2.21.1","hashtags":"#teachosm-project-1605;#enchentesRS;#floodmapping;#youthmappers;#mapealivreufpr;#youthmappersufba","host":"https://tasks.teachosm.org/projects/1605/map/","imagery_used":"Bing Maps Aerial;unknown.geojson","locale":"pt-BR","review_requested":"yes","source":"aerial imagery;Imagens de satélite;Bing satélite;Interpretação visual"}},{"id":151033407,"created_at":"2024-05-08T01:14:24Z","open":false,"comments_count":0,"changes_count":174,"closed_at":"2024-05-08T01:14:26Z","min_lat":-30.2113993,"min_lon":-51.1813678,"max_lat":-30.2099088,"max_lon":-51.1799098,"uid":17355350,"user":"Igor_Santana","tags":{"changesets_count":"35","comment":"#teachosm-project-1605 #enchentesRS #floodmapping #youthmappers #mapealivreufpr #youthmappersufba","created_by":"iD 2.21.1","hashtags":"#teachosm-project-1605;#enchentesRS;#floodmapping;#youthmappers;#mapealivreufpr;#youthmappersufba","host":"https://tasks.teachosm.org/projects/1605/map/","ideditor:walkthrough_progress":"welcome;startEditing","ideditor:walkthrough_started":"yes","imagery_used":"Bing Maps Aerial;unknown.geojson","locale":"pt-BR","review_requested":"yes","source":"aerial imagery;Imagens de satélite;Bing satélite"}},{"id":151033173,"created_at":"2024-05-08T00:55:24Z","open":false,"comments_count":0,"changes_count":308,"closed_at":"2024-05-08T00:55:25Z","min_lat":-30.2114601,"min_lon":-51.1818157,"max_lat":-30.2100801,"max_lon":-51.1803871,"uid":17355350,"user":"Igor_Santana","tags":{"changesets_count":"34","comment":"#teachosm-project-1605 #enchentesRS #floodmapping #youthmappers #mapealivreufpr #youthmappersufba","created_by":"iD 2.21.1","hashtags":"#teachosm-project-1605;#enchentesRS;#floodmapping;#youthmappers;#mapealivreufpr;#youthmappersufba","host":"https://tasks.teachosm.org/projects/1605/map/","ideditor:walkthrough_progress":"welcome;startEditing","ideditor:walkthrough_started":"yes","imagery_used":"Bing Maps Aerial;unknown.geojson","locale":"pt-BR","review_requested":"yes","source":"aerial imagery;Imagens de satélite;Bing satélite;Interpretação visual"}},{"id":150985734,"created_at":"2024-05-06T23:08:38Z","open":false,"comments_count":0,"changes_count":2,"closed_at":"2024-05-06T23:08:39Z","min_lat":-29.6396666,"min_lon":-52.8052068,"max_lat":-29.6378117,"max_lon":-52.7981422,"uid":17355350,"user":"Igor_Santana","tags":{"changesets_count":"33","comment":"#hotosm-project-16696","created_by":"Rapid 2.2.5","hashtags":"#hotosm-project-16696;#ymufba","host":"https://rapideditor.org/rapid","imagery_used":"Esri World Imagery (Clarity) Beta","locale":"pt-BR","review_requested":"yes","source":"aerial imagery;bingsatelite"}},{"id":150985699,"created_at":"2024-05-06T23:05:41Z","open":false,"comments_count":0,"changes_count":34,"closed_at":"2024-05-06T23:05:42Z","min_lat":-29.6408912,"min_lon":-52.8052068,"max_lat":-29.6367925,"max_lon":-52.7972802,"uid":17355350,"user":"Igor_Santana","tags":{"changesets_count":"32","comment":"#hotosm-project-16696","created_by":"Rapid 2.2.5","data_used":"mapwithai;Facebook Roads","hashtags":"#hotosm-project-16696;#ymufba","host":"https://rapideditor.org/rapid","imagery_used":"Bing Maps Aerial;Esri World Imagery (Clarity) Beta","locale":"pt-BR","resolved:disconnected_way:highway":"2","review_requested":"yes","source":"aerial imagery;mapwithai;bingsatelite","warnings:y_shaped_connection":"1"}},{"id":150985586,"created_at":"2024-05-06T22:58:08Z","open":false,"comments_count":0,"changes_count":26,"closed_at":"2024-05-06T22:58:09Z","min_lat":-29.6381147,"min_lon":-52.8116653,"max_lat":-29.63281,"max_lon":-52.8052127,"uid":17355350,"user":"Igor_Santana","tags":{"changesets_count":"31","comment":"#hotosm-project-16696","created_by":"Rapid 2.2.5","data_used":"mapwithai;Facebook Roads","hashtags":"#hotosm-project-16696","host":"https://rapideditor.org/rapid","imagery_used":"Bing Maps Aerial","locale":"pt-BR","review_requested":"yes","source":"aerial imagery;mapwithai;bingsatelite;ymufba"}},{"id":150985505,"created_at":"2024-05-06T22:52:25Z","open":false,"comments_count":1,"changes_count":4,"closed_at":"2024-05-06T22:52:26Z","min_lat":-29.6323182,"min_lon":-52.816768,"max_lat":-29.630661,"max_lon":-52.8114335,"uid":17355350,"user":"Igor_Santana","tags":{"changesets_count":"30","comment":"#hotosm-project-16696","created_by":"Rapid 2.2.5","hashtags":"#hotosm-project-16696;#ymufba","host":"https://rapideditor.org/rapid","imagery_used":"Bing Maps Aerial","locale":"pt-BR","resolved:crossing_ways:highway-highway":"1","review_requested":"yes","source":"bingsatelie;aerial imagery"}},{"id":150985417,"created_at":"2024-05-06T22:45:44Z","open":false,"comments_count":0,"changes_count":0,"closed_at":"2024-05-06T23:45:44Z","uid":17355350,"user":"Igor_Santana","tags":{"changesets_count":"29","comment":"#hotosm-project-16696","created_by":"Rapid 2.2.5","hashtags":"#hotosm-project-16696;#ymufba","host":"https://rapideditor.org/rapid","imagery_used":"Bing Maps Aerial","locale":"pt-BR","review_requested":"yes","source":"aerial imagery;bingsatelite"}},{"id":150985260,"created_at":"2024-05-06T22:35:41Z","open":false,"comments_count":0,"changes_count":14,"closed_at":"2024-05-06T22:35:42Z","min_lat":-29.6928014,"min_lon":-52.7623719,"max_lat":-29.6913484,"max_lon":-52.756147,"uid":17355350,"user":"Igor_Santana","tags":{"changesets_count":"28","comment":"#hotosm-project-16696","created_by":"Rapid 2.2.5","hashtags":"#hotosm-project-16696;#ymufba","host":"https://rapideditor.org/rapid","imagery_used":"Bing Maps Aerial","locale":"pt-BR","review_requested":"yes","source":"aerial imagery;bingsatelite"}},{"id":150985168,"created_at":"2024-05-06T22:30:40Z","open":false,"comments_count":0,"changes_count":32,"closed_at":"2024-05-06T22:30:41Z","min_lat":-29.693053,"min_lon":-52.7345137,"max_lat":-29.676693,"max_lon":-52.727576,"uid":17355350,"user":"Igor_Santana","tags":{"changesets_count":"27","comment":"#hotosm-project-16696","created_by":"Rapid 2.2.5","data_used":"mapwithai;Facebook Roads","hashtags":"#hotosm-project-16696;#ymufba","host":"https://rapideditor.org/rapid","imagery_used":"Bing Maps Aerial","locale":"pt-BR","review_requested":"yes","source":"aerial imagery;mapwithai;Bing satelite"}},{"id":150985005,"created_at":"2024-05-06T22:22:34Z","open":false,"comments_count":0,"changes_count":15,"closed_at":"2024-05-06T22:22:36Z","min_lat":-29.6323182,"min_lon":-52.816768,"max_lat":-29.630661,"max_lon":-52.8114335,"uid":17355350,"user":"Igor_Santana","tags":{"changesets_count":"26","comment":"#hotosm-project-16696","created_by":"Rapid 2.2.5","data_used":"mapwithai;Facebook Roads","hashtags":"#hotosm-project-16696","host":"https://rapideditor.org/rapid","imagery_used":"Bing Maps Aerial","locale":"pt-BR","review_requested":"yes","source":"Bingsatelite;aerial imagery;mapwithai"}},{"id":150267543,"created_at":"2024-04-20T15:06:00Z","open":false,"comments_count":0,"changes_count":45,"closed_at":"2024-04-20T15:06:01Z","min_lat":-12.9352057,"min_lon":-38.4249789,"max_lat":-12.9343914,"max_lon":-38.4237564,"uid":17355350,"user":"Igor_Santana","tags":{"changesets_count":"25","comment":"#osmus-tasks-538 #mapatona #tomtom #youthmappers #youthmappersatufba","created_by":"iD 2.21.1","hashtags":"#osmus-tasks-538;#mapatona;#tomtom;#youthmappers;#youthmappersatufba","host":"https://tasks.openstreetmap.us/projects/538/map/","ideditor:walkthrough_progress":"welcome;startEditing","ideditor:walkthrough_started":"yes","imagery_used":"Esri World Imagery","locale":"pt-BR","review_requested":"yes","source":"Imagens de satélite;Esri-clareadas;Interpretação visual"}},{"id":150267089,"created_at":"2024-04-20T14:56:44Z","open":false,"comments_count":0,"changes_count":26,"closed_at":"2024-04-20T14:56:45Z","min_lat":-12.9385836,"min_lon":-38.4336902,"max_lat":-12.9301308,"max_lon":-38.4252684,"uid":17355350,"user":"Igor_Santana","tags":{"changesets_count":"24","comment":"#osmus-tasks-538 #mapatona #tomtom #youthmappers #youthmappersatufba","created_by":"iD 2.21.1","hashtags":"#osmus-tasks-538;#mapatona;#tomtom;#youthmappers;#youthmappersatufba","host":"https://tasks.openstreetmap.us/projects/538/map/","ideditor:walkthrough_progress":"welcome;startEditing","ideditor:walkthrough_started":"yes","imagery_used":"Esri World Imagery (Clarity) Beta;.gpx data file","locale":"pt-BR","review_requested":"yes","source":"Imagens de satélite;Esri-clareadas;Interpretação visual"}},{"id":150266812,"created_at":"2024-04-20T14:50:04Z","open":false,"comments_count":0,"changes_count":158,"closed_at":"2024-04-20T14:50:05Z","min_lat":-12.9326583,"min_lon":-38.4290555,"max_lat":-12.9314173,"max_lon":-38.4280753,"uid":17355350,"user":"Igor_Santana","tags":{"changesets_count":"23","comment":"#osmus-tasks-538 #mapatona #tomtom #youthmappers #youthmappersatufba","created_by":"iD 2.21.1","hashtags":"#osmus-tasks-538;#mapatona;#tomtom;#youthmappers;#youthmappersatufba","host":"https://tasks.openstreetmap.us/projects/538/map/","ideditor:walkthrough_progress":"welcome;startEditing","ideditor:walkthrough_started":"yes","imagery_used":"Esri World Imagery (Clarity) Beta;.gpx data file","locale":"pt-BR","review_requested":"yes","source":"Imagens de satélite;Esri-clareadas;Interpretação visual"}},{"id":150264985,"created_at":"2024-04-20T14:05:00Z","open":false,"comments_count":0,"changes_count":28,"closed_at":"2024-04-20T14:05:01Z","min_lat":-12.9385836,"min_lon":-38.4336902,"max_lat":-12.9301214,"max_lon":-38.4252684,"uid":17355350,"user":"Igor_Santana","tags":{"changesets_count":"22","comment":"#osmus-tasks-538 #opendataday-youthmappersatufba  #mapatona #tomtom #youthmappers #youthmappersatufba","created_by":"iD 2.21.1","hashtags":"#osmus-tasks-538;#opendataday-youthmappersatufba;#mapatona;#tomtom;#youthmappers;#youthmappersatufba","host":"https://tasks.openstreetmap.us/projects/538/map/","ideditor:walkthrough_progress":"welcome;startEditing","ideditor:walkthrough_started":"yes","imagery_used":"Esri World Imagery (Clarity) Beta;.gpx data file;Bing Maps Aerial","locale":"pt-BR","review_requested":"yes","source":"Esri-Clareadas;Imagem de satélite;Interpretação visual"}},{"id":149053318,"created_at":"2024-03-23T14:29:07Z","open":false,"comments_count":0,"changes_count":70,"closed_at":"2024-03-23T14:29:08Z","min_lat":-12.9168035,"min_lon":-38.4399154,"max_lat":-12.915306,"max_lon":-38.4382245,"uid":17355350,"user":"Igor_Santana","tags":{"changesets_count":"21","comment":"#osmus-tasks-538 #opendataday-youthmappersatufba #sessao3 #mapatona #tomtom #youthmappers #youthmappersatufba","created_by":"iD 2.21.1","hashtags":"#osmus-tasks-538;#opendataday-youthmappersatufba;#sessao3;#mapatona;#tomtom;#youthmappers;#youthmappersatufba","host":"https://tasks.openstreetmap.us/projects/538/map/","imagery_used":"Esri World Imagery (Clarity) Beta;.gpx data file","locale":"pt-BR","review_requested":"yes","source":"aerial imagery;ESRI"}},{"id":149052787,"created_at":"2024-03-23T14:19:26Z","open":false,"comments_count":0,"changes_count":74,"closed_at":"2024-03-23T14:19:27Z","min_lat":-12.9169102,"min_lon":-38.4392973,"max_lat":-12.9163189,"max_lon":-38.4383253,"uid":17355350,"user":"Igor_Santana","tags":{"changesets_count":"20","comment":"#osmus-tasks-538 #opendataday-youthmappersatufba #sessao3 #mapatona #tomtom #youthmappers #youthmappersatufba","created_by":"iD 2.21.1","hashtags":"#osmus-tasks-538;#opendataday-youthmappersatufba;#sessao3;#mapatona;#tomtom;#youthmappers;#youthmappersatufba","host":"https://tasks.openstreetmap.us/projects/538/map/","imagery_used":"Esri World Imagery (Clarity) Beta;.gpx data file","locale":"pt-BR","review_requested":"yes","source":"aerial imagery;ESRI"}},{"id":149052563,"created_at":"2024-03-23T14:14:40Z","open":false,"comments_count":0,"changes_count":63,"closed_at":"2024-03-23T14:14:41Z","min_lat":-12.9172079,"min_lon":-38.4395547,"max_lat":-12.9154047,"max_lon":-38.4379414,"uid":17355350,"user":"Igor_Santana","tags":{"changesets_count":"19","comment":"#osmus-tasks-538 #opendataday-youthmappersatufba #sessao3 #mapatona #tomtom #youthmappers #youthmappersatufba","created_by":"iD 2.21.1","hashtags":"#osmus-tasks-538;#opendataday-youthmappersatufba;#sessao3;#mapatona;#tomtom;#youthmappers;#youthmappersatufba","host":"https://tasks.openstreetmap.us/projects/538/map/","imagery_used":"Esri World Imagery (Clarity) Beta;.gpx data file","locale":"pt-BR","review_requested":"yes","source":"aerial imagery;esri;clareadas"}},{"id":149052279,"created_at":"2024-03-23T14:07:18Z","open":false,"comments_count":0,"changes_count":111,"closed_at":"2024-03-23T14:07:19Z","min_lat":-12.9168439,"min_lon":-38.4396041,"max_lat":-12.9160749,"max_lon":-38.4381735,"uid":17355350,"user":"Igor_Santana","tags":{"changesets_count":"18","comment":"#osmus-tasks-538 #opendataday-youthmappersatufba #sessao3 #mapatona #tomtom #youthmappers #youthmappersatufba","created_by":"iD 2.21.1","hashtags":"#osmus-tasks-538;#opendataday-youthmappersatufba;#sessao3;#mapatona;#tomtom;#youthmappers;#youthmappersatufba","host":"https://tasks.openstreetmap.us/projects/538/map/","imagery_used":"Esri World Imagery (Clarity) Beta;.gpx data file","locale":"pt-BR","review_requested":"yes","source":"aerial imagery;ESRI;Clareadas"}},{"id":149051709,"created_at":"2024-03-23T13:52:04Z","open":false,"comments_count":0,"changes_count":66,"closed_at":"2024-03-23T13:52:05Z","min_lat":-12.922629,"min_lon":-38.4403078,"max_lat":-12.9155224,"max_lon":-38.4319066,"uid":17355350,"user":"Igor_Santana","tags":{"changesets_count":"17","comment":"#osmus-tasks-538 #opendataday-youthmappersatufba #sessao3 #mapatona #tomtom #youthmappers #youthmappersatufba","created_by":"iD 2.21.1","hashtags":"#osmus-tasks-538;#opendataday-youthmappersatufba;#sessao3;#mapatona;#tomtom;#youthmappers;#youthmappersatufba","host":"https://tasks.openstreetmap.us/projects/538/map/","imagery_used":"Esri World Imagery (Clarity) Beta;.gpx data file","locale":"pt-BR","review_requested":"yes","source":"aerial imagery;ESRI;clareada"}},{"id":149050009,"created_at":"2024-03-23T12:58:30Z","open":false,"comments_count":0,"changes_count":15,"closed_at":"2024-03-23T12:58:31Z","min_lat":-12.9161788,"min_lon":-38.4383689,"max_lat":-12.9159688,"max_lon":-38.4381443,"uid":17355350,"user":"Igor_Santana","tags":{"changesets_count":"16","comment":"#osmus-tasks-538","created_by":"iD 2.21.1","hashtags":"#osmus-tasks-538","host":"https://tasks.openstreetmap.us/projects/538/map/","imagery_used":"Esri World Imagery (Clarity) Beta;.gpx data file","locale":"pt-BR","review_requested":"yes"}},{"id":149049954,"created_at":"2024-03-23T12:56:33Z","open":false,"comments_count":0,"changes_count":202,"closed_at":"2024-03-23T12:56:35Z","min_lat":-12.922629,"min_lon":-38.4403078,"max_lat":-12.9154306,"max_lon":-38.4319066,"uid":17355350,"user":"Igor_Santana","tags":{"changesets_count":"15","comment":"#osmus-tasks-538 #opendataday-youthmappersatufba #sessao3 #mapatona #tomtom #youthmappers #youthmappersatufba","created_by":"iD 2.21.1","hashtags":"#osmus-tasks-538;#opendataday-youthmappersatufba;#sessao3;#mapatona;#tomtom;#youthmappers;#youthmappersatufba","host":"https://tasks.openstreetmap.us/projects/538/map/","imagery_used":"Esri World Imagery (Clarity) Beta;.gpx data file","locale":"pt-BR","review_requested":"yes","source":"aerial imagery;ESRI clareadas"}},{"id":149046636,"created_at":"2024-03-23T11:18:11Z","open":false,"comments_count":0,"changes_count":4,"closed_at":"2024-03-23T11:18:12Z","min_lat":-12.9188634,"min_lon":-38.4432757,"max_lat":-12.9106816,"max_lon":-38.431067,"uid":17355350,"user":"Igor_Santana","tags":{"changesets_count":"14","comment":"#osmus-tasks-538 #opendataday-youthmappersatufba #sessao3 #mapatona #tomtom #youthmappers #youthmappersatufba","created_by":"iD 2.21.1","hashtags":"#osmus-tasks-538;#opendataday-youthmappersatufba;#sessao3;#mapatona;#tomtom;#youthmappers;#youthmappersatufba","host":"https://tasks.openstreetmap.us/projects/538/map/","imagery_used":"Esri World Imagery;.gpx data file","locale":"pt-BR","review_requested":"yes"}},{"id":149046400,"created_at":"2024-03-23T11:11:32Z","open":false,"comments_count":0,"changes_count":93,"closed_at":"2024-03-23T11:11:33Z","min_lat":-12.9188634,"min_lon":-38.4432757,"max_lat":-12.9106816,"max_lon":-38.431067,"uid":17355350,"user":"Igor_Santana","tags":{"changesets_count":"13","comment":"#osmus-tasks-538 #opendataday-youthmappersatufba #sessao3 #mapatona #tomtom #youthmappers #youthmappersatufba","created_by":"iD 2.21.1","hashtags":"#osmus-tasks-538;#opendataday-youthmappersatufba;#sessao3;#mapatona;#tomtom;#youthmappers;#youthmappersatufba","host":"https://tasks.openstreetmap.us/projects/538/map/","imagery_used":"Esri World Imagery;.gpx data file","locale":"pt-BR","review_requested":"yes","source":"aerial imagery;Bing"}},{"id":149010288,"created_at":"2024-03-22T12:04:52Z","open":false,"comments_count":0,"changes_count":35,"closed_at":"2024-03-22T12:04:53Z","min_lat":-12.9170091,"min_lon":-38.4340017,"max_lat":-12.9167141,"max_lon":-38.4334473,"uid":17355350,"user":"Igor_Santana","tags":{"changesets_count":"12","comment":"#osmus-tasks-538 #opendataday-youthmappersatufba #sessao3 #mapatona #tomtom #youthmappers #youthmappersatufba","created_by":"iD 2.21.1","hashtags":"#osmus-tasks-538;#opendataday-youthmappersatufba;#sessao3;#mapatona;#tomtom;#youthmappers;#youthmappersatufba","host":"https://tasks.openstreetmap.us/projects/538/map/","imagery_used":"Esri World Imagery;.gpx data file;Esri World Imagery (Clarity) Beta","locale":"pt-BR","review_requested":"yes"}},{"id":149010049,"created_at":"2024-03-22T11:59:42Z","open":false,"comments_count":1,"changes_count":119,"closed_at":"2024-03-22T11:59:44Z","min_lat":-12.9188634,"min_lon":-38.4432757,"max_lat":-12.9106816,"max_lon":-38.431067,"uid":17355350,"user":"Igor_Santana","tags":{"changesets_count":"11","comment":"#osmus-tasks-538 #opendataday-youthmappersatufba #sessao3 #mapatona #tomtom #youthmappers #youthmappersatufba","created_by":"iD 2.21.1","hashtags":"#osmus-tasks-538;#opendataday-youthmappersatufba;#sessao3;#mapatona;#tomtom;#youthmappers;#youthmappersatufba","host":"https://tasks.openstreetmap.us/projects/538/map/","imagery_used":"Bing Maps Aerial;.gpx data file;Esri World Imagery (Clarity) Beta;Esri World Imagery","locale":"pt-BR","review_requested":"yes","source":"aerial imagery;Bing;Esri"}},{"id":149008394,"created_at":"2024-03-22T11:26:16Z","open":false,"comments_count":0,"changes_count":56,"closed_at":"2024-03-22T11:26:19Z","min_lat":-12.9162441,"min_lon":-38.4334449,"max_lat":-12.9150686,"max_lon":-38.4311832,"uid":17355350,"user":"Igor_Santana","tags":{"changesets_count":"10","comment":"#osmus-tasks-538 #opendataday-youthmappersatufba #sessao3 #mapatona #tomtom #youthmappers #youthmappersatufba","created_by":"iD 2.21.1","hashtags":"#osmus-tasks-538;#opendataday-youthmappersatufba;#sessao3;#mapatona;#tomtom;#youthmappers;#youthmappersatufba","host":"https://tasks.openstreetmap.us/projects/538/map/","imagery_used":"Esri World Imagery;.gpx data file","locale":"pt-BR","review_requested":"yes","source":"aerial imagery;Bingaerial;osm notes"}},{"id":149008008,"created_at":"2024-03-22T11:18:58Z","open":false,"comments_count":0,"changes_count":0,"closed_at":"2024-03-22T12:18:58Z","uid":17355350,"user":"Igor_Santana","tags":{"changesets_count":"9","comment":"#osmus-tasks-538 #opendataday-youthmappersatufba #sessao3 #mapatona #tomtom #youthmappers #youthmappersatufba","created_by":"iD 2.21.1","hashtags":"#osmus-tasks-538;#opendataday-youthmappersatufba;#sessao3;#mapatona;#tomtom;#youthmappers;#youthmappersatufba","host":"https://tasks.openstreetmap.us/projects/538/map/","imagery_used":"Esri World Imagery;.gpx data file","locale":"pt-BR","review_requested":"yes","source":"aerial imagery;Bingaerial;osm notes"}},{"id":148989601,"created_at":"2024-03-21T23:13:37Z","open":false,"comments_count":0,"changes_count":121,"closed_at":"2024-03-21T23:13:38Z","min_lat":-12.9164064,"min_lon":-38.4324442,"max_lat":-12.9150686,"max_lon":-38.4309137,"uid":17355350,"user":"Igor_Santana","tags":{"changesets_count":"8","comment":"#osmus-tasks-538 #opendataday-youthmappersatufba #sessao3 #mapatona #tomtom #youthmappers #youthmappersatufba","created_by":"iD 2.21.1","hashtags":"#osmus-tasks-538;#opendataday-youthmappersatufba;#sessao3;#mapatona;#tomtom;#youthmappers;#youthmappersatufba","host":"https://tasks.openstreetmap.us/projects/538/map/","imagery_used":"Esri World Imagery (Clarity) Beta;.gpx data file","locale":"pt-BR","review_requested":"yes","source":"aerial imagery;#esri-clareadas"}},{"id":148270186,"created_at":"2024-03-05T22:21:44Z","open":false,"comments_count":0,"changes_count":5,"closed_at":"2024-03-05T22:21:45Z","min_lat":-12.932112,"min_lon":-38.4234321,"max_lat":-12.9318421,"max_lon":-38.4231746,"uid":17355350,"user":"Igor_Santana","tags":{"changesets_count":"7","comment":"#osmus-tasks-538 #opendataday-youthmappersatufba #sessao3 #mapatona #tomtom #youthmappers #youthmappersatufba","created_by":"iD 2.21.1","hashtags":"#osmus-tasks-538;#opendataday-youthmappersatufba;#sessao3;#mapatona;#tomtom;#youthmappers;#youthmappersatufba","host":"https://tasks.openstreetmap.us/projects/538/map/","imagery_used":"Esri World Imagery;.gpx data file","locale":"pt-BR","review_requested":"yes"}},{"id":148269365,"created_at":"2024-03-05T21:49:15Z","open":false,"comments_count":0,"changes_count":278,"closed_at":"2024-03-05T21:49:16Z","min_lat":-12.9326021,"min_lon":-38.423959,"max_lat":-12.9308372,"max_lon":-38.4219501,"uid":17355350,"user":"Igor_Santana","tags":{"changesets_count":"6","comment":"#osmus-tasks-538 #opendataday-youthmappersatufba #sessao3 #mapatona #tomtom #youthmappers #youthmappersatufba","created_by":"iD 2.21.1","hashtags":"#osmus-tasks-538;#opendataday-youthmappersatufba;#sessao3;#mapatona;#tomtom;#youthmappers;#youthmappersatufba","host":"https://tasks.openstreetmap.us/projects/538/map/","imagery_used":"Esri World Imagery (Clarity) Beta;.gpx data file;Bing Maps Aerial;Esri World Imagery","locale":"pt-BR","review_requested":"yes"}},{"id":148253324,"created_at":"2024-03-05T14:31:40Z","open":false,"comments_count":0,"changes_count":35,"closed_at":"2024-03-05T14:31:41Z","min_lat":-12.9341039,"min_lon":-38.4299978,"max_lat":-12.9232987,"max_lon":-38.4204535,"uid":17355350,"user":"Igor_Santana","tags":{"changesets_count":"5","comment":"#osmus-tasks-538 #opendataday-youthmappersatufba #sessao3 #mapatona #tomtom #youthmappers #youthmappersatufba","created_by":"iD 2.21.1","hashtags":"#osmus-tasks-538;#opendataday-youthmappersatufba;#sessao3;#mapatona;#tomtom;#youthmappers;#youthmappersatufba","host":"https://tasks.openstreetmap.us/projects/538/map/","imagery_used":"Esri World Imagery;.gpx data file","locale":"pt-BR","review_requested":"yes","source":"aerial imagery;Imagens ESRI"}},{"id":137301252,"created_at":"2023-06-13T19:59:51Z","open":false,"comments_count":0,"changes_count":95,"closed_at":"2023-06-13T19:59:54Z","min_lat":-12.9617786,"min_lon":-38.4076568,"max_lat":-12.9610061,"max_lon":-38.4056067,"uid":17355350,"user":"Igor_Santana","tags":{"changesets_count":"4","comment":"#teachosm-project-1534 #youthmappersUFBA #MapeamentoSalvador Brazil, Salvador, streets and buidlings","created_by":"iD 2.20.2","hashtags":"#teachosm-project-1534;#youthmappersUFBA;#MapeamentoSalvador","host":"https://tasks.teachosm.org/projects/1534/map/","imagery_used":"Esri World Imagery;.gpx data file","locale":"pt-BR"}},{"id":137300424,"created_at":"2023-06-13T19:37:16Z","open":false,"comments_count":0,"changes_count":5,"closed_at":"2023-06-13T19:37:17Z","min_lat":-12.9635252,"min_lon":-38.4043506,"max_lat":-12.9633224,"max_lon":-38.4041487,"uid":17355350,"user":"Igor_Santana","tags":{"changesets_count":"3","comment":"#teachosm-project-1534 #youthmappersUFBA #MapeamentoSalvador Brazil, Salvador, streets and buidlings","created_by":"iD 2.20.2","hashtags":"#teachosm-project-1534;#youthmappersUFBA;#MapeamentoSalvador","host":"https://tasks.teachosm.org/projects/1534/map/","imagery_used":"Esri World Imagery;.gpx data file","locale":"pt-BR"}},{"id":137299472,"created_at":"2023-06-13T19:06:30Z","open":false,"comments_count":0,"changes_count":117,"closed_at":"2023-06-13T19:06:32Z","min_lat":-12.9642427,"min_lon":-38.4055913,"max_lat":-12.9616622,"max_lon":-38.4029374,"uid":17355350,"user":"Igor_Santana","tags":{"changesets_count":"2","comment":"#teachosm-project-1534 #youthmappersUFBA #MapeamentoSalvador Brazil, Salvador, streets and buidlings","created_by":"iD 2.20.2","hashtags":"#teachosm-project-1534;#youthmappersUFBA;#MapeamentoSalvador","host":"https://tasks.teachosm.org/projects/1534/map/","imagery_used":"Esri World Imagery (Clarity) Beta;.gpx data file","locale":"pt-BR"}},{"id":137298769,"created_at":"2023-06-13T18:45:26Z","open":false,"comments_count":0,"changes_count":220,"closed_at":"2023-06-13T18:45:27Z","min_lat":-12.9645524,"min_lon":-38.4058917,"max_lat":-12.9623056,"max_lon":-38.4041075,"uid":17355350,"user":"Igor_Santana","tags":{"changesets_count":"1","comment":"#teachosm-project-1534 #youthmappersUFBA #MapeamentoSalvador Brazil, Salvador, streets and buidlings","created_by":"iD 2.20.2","hashtags":"#teachosm-project-1534;#youthmappersUFBA;#MapeamentoSalvador","host":"https://tasks.teachosm.org/projects/1534/map/","imagery_used":"Esri World Imagery (Clarity) Beta;.gpx data file","locale":"pt-BR"}}]}
