{"version":"0.6","generator":"OpenStreetMap server","copyright":"OpenStreetMap and contributors","attribution":"http://www.openstreetmap.org/copyright","license":"http://opendatacommons.org/licenses/odbl/1-0/","changesets":[{"id":148266830,"created_at":"2024-03-05T20:23:11Z","open":false,"comments_count":0,"changes_count":5,"closed_at":"2024-03-05T20:23:13Z","min_lat":-12.9220673,"min_lon":-38.4452617,"max_lat":-12.9218126,"max_lon":-38.4449888,"uid":10174407,"user":"Marbrisareis","tags":{"changesets_count":"87","comment":"#osmus-tasks-538","created_by":"iD 2.21.1","hashtags":"#osmus-tasks-538","host":"https://tasks.openstreetmap.us/projects/538/map/","imagery_used":"Esri World Imagery (Clarity) Beta;.gpx data file","locale":"pt-BR"}},{"id":148266817,"created_at":"2024-03-05T20:22:46Z","open":false,"comments_count":0,"changes_count":15,"closed_at":"2024-03-05T20:22:48Z","min_lat":-12.9220673,"min_lon":-38.4452617,"max_lat":-12.9204498,"max_lon":-38.4447037,"uid":10174407,"user":"Marbrisareis","tags":{"changesets_count":"86","comment":"#osmus-tasks-538","created_by":"iD 2.21.1","hashtags":"#osmus-tasks-538","host":"https://tasks.openstreetmap.us/projects/538/map/","imagery_used":"Esri World Imagery;Esri World Imagery (Clarity) Beta;.gpx data file","locale":"pt-BR"}},{"id":118237196,"created_at":"2022-03-08T13:36:44Z","open":false,"comments_count":0,"changes_count":1,"closed_at":"2022-03-08T13:36:45Z","min_lat":-12.9324287,"min_lon":-38.4782858,"max_lat":-12.9324182,"max_lon":-38.4782735,"uid":10174407,"user":"Marbrisareis","tags":{"changesets_count":"85","comment":"#GeoCombateCOVID19BA","created_by":"iD 2.20.4","hashtags":"#GeoCombateCOVID19BA","host":"https://www.openstreetmap.org/edit","imagery_used":"Bing Maps Aerial","locale":"pt-BR"}},{"id":118237095,"created_at":"2022-03-08T13:33:37Z","open":false,"comments_count":0,"changes_count":1,"closed_at":"2022-03-08T13:33:38Z","min_lat":-12.9324182,"min_lon":-38.4782858,"max_lat":-12.9324182,"max_lon":-38.4782858,"uid":10174407,"user":"Marbrisareis","tags":{"changesets_count":"84","comment":"#hotosm-project-8788 #GeoCombateCOVID19BA","created_by":"iD 2.20.4","hashtags":"#hotosm-project-8788;#GeoCombateCOVID19BA","host":"https://www.openstreetmap.org/edit","imagery_used":"Bing Maps Aerial","locale":"pt-BR"}},{"id":118237010,"created_at":"2022-03-08T13:31:22Z","open":false,"comments_count":0,"changes_count":1,"closed_at":"2022-03-08T13:31:23Z","min_lat":-12.9324182,"min_lon":-38.4782858,"max_lat":-12.9324182,"max_lon":-38.4782858,"uid":10174407,"user":"Marbrisareis","tags":{"changesets_count":"83","comment":"#GeoCombateCOVID19BA","created_by":"iD 2.20.4","hashtags":"#GeoCombateCOVID19BA","host":"https://www.openstreetmap.org/edit","imagery_used":"Bing Maps Aerial","locale":"pt-BR"}},{"id":109533142,"created_at":"2021-08-11T18:56:55Z","open":false,"comments_count":0,"changes_count":2,"closed_at":"2021-08-11T18:56:55Z","min_lat":-12.9360912,"min_lon":-38.4811882,"max_lat":-12.9331627,"max_lon":-38.4799482,"uid":10174407,"user":"Marbrisareis","tags":{"changesets_count":"82","comment":"#hotosm-project-5272 SGA Youth Mappers Freetown #YouthMappers #OSMSierraLeone #Map2EndFGM #Map4Africa","created_by":"iD 2.20.0","hashtags":"#hotosm-project-5272;#YouthMappers;#OSMSierraLeone;#Map2EndFGM;#Map4Africa","host":"https://www.openstreetmap.org/edit","imagery_used":"Bing aerial imagery","locale":"pt-BR","review_requested":"yes"}},{"id":109529140,"created_at":"2021-08-11T17:24:10Z","open":false,"comments_count":1,"changes_count":1,"closed_at":"2021-08-11T17:24:11Z","min_lat":-12.9517462,"min_lon":-38.4522449,"max_lat":-12.9401496,"max_lon":-38.4432383,"uid":10174407,"user":"Marbrisareis","tags":{"changesets_count":"81","comment":"TESTE","created_by":"iD 2.20.0","host":"https://www.openstreetmap.org/edit","imagery_used":".kml data file","locale":"pt-BR","review_requested":"yes","warnings:disconnected_way:highway":"8","warnings:impossible_oneway:highway":"4"}},{"id":90143204,"created_at":"2020-08-30T11:55:34Z","open":false,"comments_count":0,"changes_count":5,"closed_at":"2020-08-30T11:55:35Z","min_lat":-12.8952559,"min_lon":-38.4526887,"max_lat":-12.8950819,"max_lon":-38.4525964,"uid":10174407,"user":"Marbrisareis","tags":{"changesets_count":"80","comment":"#Areacomaglomeraçao","created_by":"iD 2.18.4","hashtags":"#Areacomaglomeraçao","host":"https://www.openstreetmap.org/edit","imagery_used":"Bing","locale":"pt-BR"}},{"id":90143150,"created_at":"2020-08-30T11:52:24Z","open":false,"comments_count":0,"changes_count":5,"closed_at":"2020-08-30T11:52:26Z","min_lat":-12.8952559,"min_lon":-38.4526887,"max_lat":-12.8950833,"max_lon":-38.4525964,"uid":10174407,"user":"Marbrisareis","tags":{"changesets_count":"79","comment":"#Areacomaglomeraçao","created_by":"iD 2.18.4","hashtags":"#Areacomaglomeraçao","host":"https://www.openstreetmap.org/edit","imagery_used":"Bing","locale":"pt-BR"}},{"id":89710452,"created_at":"2020-08-20T20:19:04Z","open":false,"comments_count":0,"changes_count":27,"closed_at":"2020-08-20T20:19:07Z","min_lat":18.5174926,"min_lon":-77.8665421,"max_lat":18.5184008,"max_lon":-77.8636216,"uid":10174407,"user":"Marbrisareis","tags":{"comment":"#hotosm-project-8990 #covid19 #COVJam #HOT10YRS","created_by":"iD 2.18.4","hashtags":"#hotosm-project-8990;#covid19;#COVJam;#HOT10YRS","host":"https://tasks.hotosm.org/projects/8990/map/","imagery_used":"Bing;.gpx data file","locale":"pt-BR"}},{"id":89710271,"created_at":"2020-08-20T20:13:54Z","open":false,"comments_count":0,"changes_count":11,"closed_at":"2020-08-20T20:13:56Z","min_lat":18.5174257,"min_lon":-77.8640317,"max_lat":18.5176457,"max_lon":-77.8637763,"uid":10174407,"user":"Marbrisareis","tags":{"changesets_count":"77","comment":"#hotosm-project-8990 #covid19 #COVJam #HOT10YRS","created_by":"iD 2.18.4","hashtags":"#hotosm-project-8990;#covid19;#COVJam;#HOT10YRS","host":"https://tasks.hotosm.org/projects/8990/map/","imagery_used":"Bing;.gpx data file","locale":"pt-BR"}},{"id":89710225,"created_at":"2020-08-20T20:12:18Z","open":false,"comments_count":0,"changes_count":7,"closed_at":"2020-08-20T20:12:20Z","min_lat":18.517326,"min_lon":-77.8643092,"max_lat":18.5175601,"max_lon":-77.8640459,"uid":10174407,"user":"Marbrisareis","tags":{"changesets_count":"76","comment":"#hotosm-project-8990 #covid19 #COVJam #HOT10YRS","created_by":"iD 2.18.4","hashtags":"#hotosm-project-8990;#covid19;#COVJam;#HOT10YRS","host":"https://tasks.hotosm.org/projects/8990/map/","imagery_used":"Bing;.gpx data file","locale":"pt-BR"}},{"id":89710155,"created_at":"2020-08-20T20:10:37Z","open":false,"comments_count":0,"changes_count":58,"closed_at":"2020-08-20T20:10:39Z","min_lat":18.5152423,"min_lon":-77.8672624,"max_lat":18.5203001,"max_lon":-77.8630594,"uid":10174407,"user":"Marbrisareis","tags":{"changesets_count":"75","comment":"#hotosm-project-8990 #covid19 #COVJam #HOT10YRS","created_by":"iD 2.18.4","hashtags":"#hotosm-project-8990;#covid19;#COVJam;#HOT10YRS","host":"https://tasks.hotosm.org/projects/8990/map/","imagery_used":"EsriWorldImagery;.gpx data file;Bing","locale":"pt-BR"}},{"id":89709768,"created_at":"2020-08-20T19:57:37Z","open":false,"comments_count":0,"changes_count":7,"closed_at":"2020-08-20T19:58:02Z","min_lat":18.5180512,"min_lon":-77.8672248,"max_lat":18.5184883,"max_lon":-77.8669168,"uid":10174407,"user":"Marbrisareis","tags":{"changesets_count":"74","comment":"#hotosm-project-8990 #covid19 #COVJam #HOT10YRS","created_by":"iD 2.18.4","hashtags":"#hotosm-project-8990;#covid19;#COVJam;#HOT10YRS","host":"https://tasks.hotosm.org/projects/8990/map/","imagery_used":"EsriWorldImagery;.gpx data file","locale":"pt-BR"}},{"id":89709078,"created_at":"2020-08-20T19:34:19Z","open":false,"comments_count":0,"changes_count":1,"closed_at":"2020-08-20T19:34:20Z","min_lat":-12.9165451,"min_lon":-38.482259,"max_lat":-12.9165387,"max_lon":-38.4822504,"uid":10174407,"user":"Marbrisareis","tags":{"changesets_count":"73","comment":"#GeoCombateCOVID19BA","created_by":"iD 2.18.4","hashtags":"#GeoCombateCOVID19BA","host":"https://www.openstreetmap.org/edit","imagery_used":"EsriWorldImagery","locale":"pt-BR"}},{"id":89709061,"created_at":"2020-08-20T19:33:51Z","open":false,"comments_count":0,"changes_count":6,"closed_at":"2020-08-20T19:33:52Z","min_lat":-12.9165724,"min_lon":-38.4822682,"max_lat":-12.9164778,"max_lon":-38.4821412,"uid":10174407,"user":"Marbrisareis","tags":{"changesets_count":"72","comment":"#GeoCombateCOVID19BA","created_by":"iD 2.18.4","hashtags":"#GeoCombateCOVID19BA","host":"https://www.openstreetmap.org/edit","imagery_used":"EsriWorldImagery","locale":"pt-BR"}},{"id":89708875,"created_at":"2020-08-20T19:27:28Z","open":false,"comments_count":0,"changes_count":1,"closed_at":"2020-08-20T19:27:29Z","min_lat":-12.9117361,"min_lon":-38.4793512,"max_lat":-12.9117361,"max_lon":-38.4793512,"uid":10174407,"user":"Marbrisareis","tags":{"changesets_count":"71","comment":"#GeoCombateCOVID19BA","created_by":"iD 2.18.4","hashtags":"#GeoCombateCOVID19BA","host":"https://www.openstreetmap.org/edit","imagery_used":"EsriWorldImagery","locale":"pt-BR"}},{"id":89708735,"created_at":"2020-08-20T19:23:15Z","open":false,"comments_count":0,"changes_count":1,"closed_at":"2020-08-20T19:23:18Z","min_lat":-12.9156547,"min_lon":-38.4804391,"max_lat":-12.9156547,"max_lon":-38.4804391,"uid":10174407,"user":"Marbrisareis","tags":{"changesets_count":"70","comment":"#GeoCombateCOVID19BA","created_by":"iD 2.18.4","hashtags":"#GeoCombateCOVID19BA","host":"https://www.openstreetmap.org/edit","imagery_used":"EsriWorldImagery","locale":"pt-BR"}},{"id":89708152,"created_at":"2020-08-20T19:01:54Z","open":false,"comments_count":0,"changes_count":1,"closed_at":"2020-08-20T19:01:56Z","min_lat":-12.9157832,"min_lon":-38.4803833,"max_lat":-12.9157832,"max_lon":-38.4803833,"uid":10174407,"user":"Marbrisareis","tags":{"changesets_count":"69","comment":"#GeoCombateCOVID19BA","created_by":"iD 2.18.4","hashtags":"#GeoCombateCOVID19BA","host":"https://www.openstreetmap.org/edit","imagery_used":"EsriWorldImagery","locale":"pt-BR"}},{"id":89707895,"created_at":"2020-08-20T18:54:20Z","open":false,"comments_count":0,"changes_count":6,"closed_at":"2020-08-20T18:54:21Z","min_lat":-12.9101525,"min_lon":-38.4788389,"max_lat":-12.9100858,"max_lon":-38.4787658,"uid":10174407,"user":"Marbrisareis","tags":{"changesets_count":"68","comment":"#GeoCombateCOVID19BA","created_by":"iD 2.18.4","hashtags":"#GeoCombateCOVID19BA","host":"https://www.openstreetmap.org/edit","imagery_used":"EsriWorldImagery","locale":"pt-BR"}},{"id":89706858,"created_at":"2020-08-20T18:24:18Z","open":false,"comments_count":0,"changes_count":6,"closed_at":"2020-08-20T18:24:27Z","min_lat":-12.9135612,"min_lon":-38.4814234,"max_lat":-12.9134121,"max_lon":-38.4813349,"uid":10174407,"user":"Marbrisareis","tags":{"changesets_count":"67","comment":"#GeoCombateCOVID19BA","created_by":"iD 2.18.4","hashtags":"#GeoCombateCOVID19BA","host":"https://www.openstreetmap.org/edit","imagery_used":"EsriWorldImagery","locale":"pt-BR"}},{"id":89706613,"created_at":"2020-08-20T18:17:05Z","open":false,"comments_count":0,"changes_count":6,"closed_at":"2020-08-20T18:17:06Z","min_lat":-12.9163941,"min_lon":-38.4816363,"max_lat":-12.9163242,"max_lon":-38.481415,"uid":10174407,"user":"Marbrisareis","tags":{"changesets_count":"66","comment":"#GeoCombateCOVID19BA","created_by":"iD 2.18.4","hashtags":"#GeoCombateCOVID19BA","host":"https://www.openstreetmap.org/edit","imagery_used":"EsriWorldImagery","locale":"pt-BR"}},{"id":89706454,"created_at":"2020-08-20T18:12:40Z","open":false,"comments_count":0,"changes_count":1,"closed_at":"2020-08-20T18:12:41Z","min_lat":-12.9101504,"min_lon":-38.4810871,"max_lat":-12.9101504,"max_lon":-38.4810871,"uid":10174407,"user":"Marbrisareis","tags":{"changesets_count":"65","comment":"#GeoCombateCOVID19BA","created_by":"iD 2.18.4","hashtags":"#GeoCombateCOVID19BA","host":"https://www.openstreetmap.org/edit","imagery_used":"EsriWorldImagery","locale":"pt-BR"}},{"id":89706260,"created_at":"2020-08-20T18:07:01Z","open":false,"comments_count":0,"changes_count":1,"closed_at":"2020-08-20T18:07:05Z","min_lat":-12.9131837,"min_lon":-38.4799773,"max_lat":-12.9131837,"max_lon":-38.4799773,"uid":10174407,"user":"Marbrisareis","tags":{"changesets_count":"64","comment":"#GeoCombateCOVID19BA","created_by":"iD 2.18.4","hashtags":"#GeoCombateCOVID19BA","host":"https://www.openstreetmap.org/edit","imagery_used":"EsriWorldImagery","locale":"pt-BR","review_requested":"yes"}},{"id":89371112,"created_at":"2020-08-13T18:45:15Z","open":false,"comments_count":0,"changes_count":1,"closed_at":"2020-08-13T18:45:19Z","min_lat":-12.9164403,"min_lon":-38.4818331,"max_lat":-12.9164314,"max_lon":-38.4817132,"uid":10174407,"user":"Marbrisareis","tags":{"changesets_count":"63","comment":"#GeoCombateCOVID19BA","created_by":"iD 2.18.4","hashtags":"#GeoCombateCOVID19BA","host":"https://www.openstreetmap.org/edit","imagery_used":"EsriWorldImagery","locale":"pt-BR"}},{"id":89371083,"created_at":"2020-08-13T18:44:07Z","open":false,"comments_count":0,"changes_count":6,"closed_at":"2020-08-13T18:44:08Z","min_lat":-12.916469,"min_lon":-38.4819185,"max_lat":-12.9163779,"max_lon":-38.4817223,"uid":10174407,"user":"Marbrisareis","tags":{"changesets_count":"62","comment":"#GeoCombateCOVID19BA","created_by":"iD 2.18.4","hashtags":"#GeoCombateCOVID19BA","host":"https://www.openstreetmap.org/edit","imagery_used":"EsriWorldImagery","locale":"pt-BR"}},{"id":89370920,"created_at":"2020-08-13T18:38:31Z","open":false,"comments_count":0,"changes_count":20,"closed_at":"2020-08-13T18:38:42Z","min_lat":-12.9127846,"min_lon":-38.4774806,"max_lat":-12.9126126,"max_lon":-38.4769716,"uid":10174407,"user":"Marbrisareis","tags":{"changesets_count":"61","comment":"#GeoCombateCOVID19BA","created_by":"iD 2.18.4","hashtags":"#GeoCombateCOVID19BA","host":"https://www.openstreetmap.org/edit","imagery_used":"EsriWorldImagery","locale":"pt-BR","resolved:crossing_ways:building-building":"4"}},{"id":89370850,"created_at":"2020-08-13T18:36:04Z","open":false,"comments_count":0,"changes_count":10,"closed_at":"2020-08-13T18:36:17Z","min_lat":-12.9128521,"min_lon":-38.4772488,"max_lat":-12.9127677,"max_lon":-38.4772001,"uid":10174407,"user":"Marbrisareis","tags":{"changesets_count":"60","comment":"#GeoCombateCOVID19BA","created_by":"iD 2.18.4","hashtags":"#GeoCombateCOVID19BA","host":"https://www.openstreetmap.org/edit","imagery_used":"EsriWorldImagery","locale":"pt-BR"}},{"id":89370832,"created_at":"2020-08-13T18:35:17Z","open":false,"comments_count":0,"changes_count":6,"closed_at":"2020-08-13T18:35:18Z","min_lat":-12.9130215,"min_lon":-38.4773248,"max_lat":-12.9128867,"max_lon":-38.4772526,"uid":10174407,"user":"Marbrisareis","tags":{"changesets_count":"59","comment":"#GeoCombateCOVID19BA","created_by":"iD 2.18.4","hashtags":"#GeoCombateCOVID19BA","host":"https://www.openstreetmap.org/edit","imagery_used":"EsriWorldImagery","locale":"pt-BR"}},{"id":89370718,"created_at":"2020-08-13T18:31:40Z","open":false,"comments_count":0,"changes_count":12,"closed_at":"2020-08-13T18:31:51Z","min_lat":-12.9099641,"min_lon":-38.4787309,"max_lat":-12.9095537,"max_lon":-38.4782544,"uid":10174407,"user":"Marbrisareis","tags":{"changesets_count":"58","comment":"#GeoCombateCOVID19BA","created_by":"iD 2.18.4","hashtags":"#GeoCombateCOVID19BA","host":"https://www.openstreetmap.org/edit","imagery_used":"EsriWorldImagery","locale":"pt-BR"}},{"id":89370607,"created_at":"2020-08-13T18:28:07Z","open":false,"comments_count":0,"changes_count":1,"closed_at":"2020-08-13T18:28:08Z","min_lat":-12.9143695,"min_lon":-38.4806475,"max_lat":-12.9143695,"max_lon":-38.4806475,"uid":10174407,"user":"Marbrisareis","tags":{"changesets_count":"57","comment":"#GeoCombateCOVID19BA","created_by":"iD 2.18.4","hashtags":"#GeoCombateCOVID19BA","host":"https://www.openstreetmap.org/edit","imagery_used":"EsriWorldImagery","locale":"pt-BR"}},{"id":89370574,"created_at":"2020-08-13T18:26:54Z","open":false,"comments_count":0,"changes_count":1,"closed_at":"2020-08-13T18:26:55Z","min_lat":-12.9140871,"min_lon":-38.4798149,"max_lat":-12.9140871,"max_lon":-38.4798149,"uid":10174407,"user":"Marbrisareis","tags":{"changesets_count":"56","comment":"#GeoCombateCOVID19BA","created_by":"iD 2.18.4","hashtags":"#GeoCombateCOVID19BA","host":"https://www.openstreetmap.org/edit","imagery_used":"EsriWorldImagery","locale":"pt-BR"}},{"id":89370455,"created_at":"2020-08-13T18:22:38Z","open":false,"comments_count":0,"changes_count":1,"closed_at":"2020-08-13T18:22:39Z","min_lat":-12.9146319,"min_lon":-38.4811901,"max_lat":-12.9146319,"max_lon":-38.4811901,"uid":10174407,"user":"Marbrisareis","tags":{"changesets_count":"55","comment":"#GeoCombateCOVID19BA","created_by":"iD 2.18.4","hashtags":"#GeoCombateCOVID19BA","host":"https://www.openstreetmap.org/edit","imagery_used":"EsriWorldImagery","locale":"pt-BR"}},{"id":89370444,"created_at":"2020-08-13T18:22:02Z","open":false,"comments_count":0,"changes_count":25,"closed_at":"2020-08-13T18:22:03Z","min_lat":-12.9146759,"min_lon":-38.4810468,"max_lat":-12.9137409,"max_lon":-38.4807006,"uid":10174407,"user":"Marbrisareis","tags":{"changesets_count":"54","comment":"#GeoCombateCOVID19BA","created_by":"iD 2.18.4","hashtags":"#GeoCombateCOVID19BA","host":"https://www.openstreetmap.org/edit","imagery_used":"EsriWorldImagery","locale":"pt-BR","resolved:crossing_ways:building-building":"13"}},{"id":89370346,"created_at":"2020-08-13T18:18:57Z","open":false,"comments_count":0,"changes_count":6,"closed_at":"2020-08-13T18:18:58Z","min_lat":-12.9141499,"min_lon":-38.4807538,"max_lat":-12.9140306,"max_lon":-38.4806306,"uid":10174407,"user":"Marbrisareis","tags":{"changesets_count":"53","comment":"#GeoCombateCOVID19BA","created_by":"iD 2.18.4","hashtags":"#GeoCombateCOVID19BA","host":"https://www.openstreetmap.org/edit","imagery_used":"EsriWorldImagery","locale":"pt-BR","resolved:crossing_ways:building-building":"1"}},{"id":89370241,"created_at":"2020-08-13T18:15:26Z","open":false,"comments_count":0,"changes_count":6,"closed_at":"2020-08-13T18:15:37Z","min_lat":-12.9164728,"min_lon":-38.4822643,"max_lat":-12.9164033,"max_lon":-38.4821043,"uid":10174407,"user":"Marbrisareis","tags":{"changesets_count":"52","comment":"#GeoCombateCOVID19BA","created_by":"iD 2.18.4","hashtags":"#GeoCombateCOVID19BA","host":"https://www.openstreetmap.org/edit","imagery_used":"EsriWorldImagery","locale":"pt-BR"}},{"id":89370131,"created_at":"2020-08-13T18:11:24Z","open":false,"comments_count":0,"changes_count":6,"closed_at":"2020-08-13T18:11:36Z","min_lat":-12.9164902,"min_lon":-38.4827552,"max_lat":-12.9164268,"max_lon":-38.4826506,"uid":10174407,"user":"Marbrisareis","tags":{"changesets_count":"51","comment":"#GeoCombateCOVID19BA","created_by":"iD 2.18.4","hashtags":"#GeoCombateCOVID19BA","host":"https://www.openstreetmap.org/edit","imagery_used":"EsriWorldImagery","locale":"pt-BR"}},{"id":89369859,"created_at":"2020-08-13T18:00:57Z","open":false,"comments_count":0,"changes_count":3,"closed_at":"2020-08-13T18:01:08Z","min_lat":-12.913799,"min_lon":-38.4787571,"max_lat":-12.9034093,"max_lon":-38.4703358,"uid":10174407,"user":"Marbrisareis","tags":{"changesets_count":"50","comment":"#GeoCombateCOVID19BA","created_by":"iD 2.18.4","hashtags":"#GeoCombateCOVID19BA","host":"https://www.openstreetmap.org/edit","imagery_used":"EsriWorldImagery","locale":"pt-BR","resolved:crossing_ways:building-highway":"1"}},{"id":89369643,"created_at":"2020-08-13T17:53:05Z","open":false,"comments_count":0,"changes_count":1,"closed_at":"2020-08-13T17:53:16Z","min_lat":-12.9141544,"min_lon":-38.4782155,"max_lat":-12.9139347,"max_lon":-38.4778339,"uid":10174407,"user":"Marbrisareis","tags":{"changesets_count":"49","comment":"#GeoCombateCOVID19BA","created_by":"iD 2.18.4","hashtags":"#GeoCombateCOVID19BA","host":"https://www.openstreetmap.org/edit","imagery_used":"EsriWorldImagery","locale":"pt-BR"}},{"id":89369622,"created_at":"2020-08-13T17:52:19Z","open":false,"comments_count":0,"changes_count":1,"closed_at":"2020-08-13T17:52:30Z","min_lat":-12.9140222,"min_lon":-38.4780491,"max_lat":-12.9140222,"max_lon":-38.4780491,"uid":10174407,"user":"Marbrisareis","tags":{"changesets_count":"48","comment":"#GeoCombateCOVID19BA","created_by":"iD 2.18.4","hashtags":"#GeoCombateCOVID19BA","host":"https://www.openstreetmap.org/edit","imagery_used":"EsriWorldImagery","locale":"pt-BR"}},{"id":89369242,"created_at":"2020-08-13T17:39:31Z","open":false,"comments_count":0,"changes_count":6,"closed_at":"2020-08-13T17:39:42Z","min_lat":-12.9139248,"min_lon":-38.4828572,"max_lat":-12.9136703,"max_lon":-38.4825272,"uid":10174407,"user":"Marbrisareis","tags":{"changesets_count":"47","comment":"#GeoCombateCOVID19BA","created_by":"iD 2.18.4","hashtags":"#GeoCombateCOVID19BA","host":"https://www.openstreetmap.org/edit","imagery_used":"EsriWorldImagery","locale":"pt-BR"}},{"id":89369168,"created_at":"2020-08-13T17:36:27Z","open":false,"comments_count":0,"changes_count":2,"closed_at":"2020-08-13T17:36:32Z","min_lat":-12.9141515,"min_lon":-38.4824104,"max_lat":-12.9119375,"max_lon":-38.4810057,"uid":10174407,"user":"Marbrisareis","tags":{"changesets_count":"46","comment":"#GeoCombateCOVID19BA","created_by":"iD 2.18.4","hashtags":"#GeoCombateCOVID19BA","host":"https://www.openstreetmap.org/edit","imagery_used":"EsriWorldImagery","locale":"pt-BR"}},{"id":89322107,"created_at":"2020-08-12T20:51:17Z","open":false,"comments_count":0,"changes_count":4,"closed_at":"2020-08-12T20:51:19Z","min_lat":-12.9138969,"min_lon":-38.4779237,"max_lat":-12.9135359,"max_lon":-38.4772488,"uid":10174407,"user":"Marbrisareis","tags":{"changesets_count":"45","comment":"#GeoCombateCOVID19BA","created_by":"iD 2.18.4","hashtags":"#GeoCombateCOVID19BA","host":"https://www.openstreetmap.org/edit","imagery_used":"EsriWorldImagery","locale":"pt-BR"}},{"id":89322042,"created_at":"2020-08-12T20:48:45Z","open":false,"comments_count":0,"changes_count":8,"closed_at":"2020-08-12T20:48:56Z","min_lat":-12.9165847,"min_lon":-38.4807929,"max_lat":-12.9134927,"max_lon":-38.4778993,"uid":10174407,"user":"Marbrisareis","tags":{"changesets_count":"44","comment":"#GeoCombateCOVID19BA","created_by":"iD 2.18.4","hashtags":"#GeoCombateCOVID19BA","host":"https://www.openstreetmap.org/edit","imagery_used":"EsriWorldImagery","locale":"pt-BR"}},{"id":89321757,"created_at":"2020-08-12T20:39:21Z","open":false,"comments_count":0,"changes_count":7,"closed_at":"2020-08-12T20:39:22Z","min_lat":-12.9151599,"min_lon":-38.4827569,"max_lat":-12.9150998,"max_lon":-38.482659,"uid":10174407,"user":"Marbrisareis","tags":{"changesets_count":"43","comment":"#GeoCombateCOVID19BA","created_by":"iD 2.18.4","hashtags":"#GeoCombateCOVID19BA","host":"https://www.openstreetmap.org/edit","imagery_used":"EsriWorldImagery","locale":"pt-BR"}},{"id":89321611,"created_at":"2020-08-12T20:33:31Z","open":false,"comments_count":0,"changes_count":12,"closed_at":"2020-08-12T20:33:32Z","min_lat":-12.914177,"min_lon":-38.4814949,"max_lat":-12.9140119,"max_lon":-38.4814271,"uid":10174407,"user":"Marbrisareis","tags":{"changesets_count":"42","comment":"#GeoCombateCOVID19BA","created_by":"iD 2.18.4","hashtags":"#GeoCombateCOVID19BA","host":"https://www.openstreetmap.org/edit","imagery_used":"EsriWorldImagery","locale":"pt-BR","warnings:crossing_ways:building-building":"1"}},{"id":89321490,"created_at":"2020-08-12T20:28:59Z","open":false,"comments_count":0,"changes_count":135,"closed_at":"2020-08-12T20:29:00Z","min_lat":-12.9140729,"min_lon":-38.4808882,"max_lat":-12.9129464,"max_lon":-38.4800493,"uid":10174407,"user":"Marbrisareis","tags":{"changesets_count":"41","comment":"#GeoCombateCOVID19BA","created_by":"iD 2.18.4","hashtags":"#GeoCombateCOVID19BA","host":"https://www.openstreetmap.org/edit","imagery_used":"EsriWorldImagery","locale":"pt-BR","resolved:crossing_ways:building-building":"37","resolved:crossing_ways:building-highway":"4"}},{"id":89321175,"created_at":"2020-08-12T20:17:25Z","open":false,"comments_count":0,"changes_count":22,"closed_at":"2020-08-12T20:17:27Z","min_lat":-12.9130575,"min_lon":-38.480202,"max_lat":-12.9125798,"max_lon":-38.4798292,"uid":10174407,"user":"Marbrisareis","tags":{"changesets_count":"40","comment":"#GeoCombateCOVID19BA","created_by":"iD 2.18.4","hashtags":"#GeoCombateCOVID19BA","host":"https://www.openstreetmap.org/edit","imagery_used":"EsriWorldImagery","locale":"pt-BR","resolved:crossing_ways:building-building":"5"}},{"id":89321114,"created_at":"2020-08-12T20:15:48Z","open":false,"comments_count":0,"changes_count":65,"closed_at":"2020-08-12T20:15:49Z","min_lat":-12.9129123,"min_lon":-38.4800889,"max_lat":-12.9117829,"max_lon":-38.4796219,"uid":10174407,"user":"Marbrisareis","tags":{"changesets_count":"39","comment":"#GeoCombateCOVID19BA","created_by":"iD 2.18.4","hashtags":"#GeoCombateCOVID19BA","host":"https://www.openstreetmap.org/edit","imagery_used":"EsriWorldImagery","locale":"pt-BR","resolved:crossing_ways:building-building":"13"}},{"id":88741107,"created_at":"2020-07-30T15:29:19Z","open":false,"comments_count":0,"changes_count":20,"closed_at":"2020-07-30T15:29:20Z","min_lat":-12.9168971,"min_lon":-38.477733,"max_lat":-12.9161522,"max_lon":-38.4767434,"uid":10174407,"user":"Marbrisareis","tags":{"comment":"#hotosm-project-8788 #GeoCombateCOVID19BA","created_by":"iD 2.18.3","hashtags":"#hotosm-project-8788;#GeoCombateCOVID19BA","host":"https://tasks.hotosm.org/projects/8788/map/","imagery_used":"EsriWorldImagery;.gpx data file","locale":"pt-BR"}},{"id":88740844,"created_at":"2020-07-30T15:23:18Z","open":false,"comments_count":0,"changes_count":23,"closed_at":"2020-07-30T15:23:19Z","min_lat":-12.9166292,"min_lon":-38.4774729,"max_lat":-12.9162695,"max_lon":-38.476901,"uid":10174407,"user":"Marbrisareis","tags":{"changesets_count":"37","comment":"#hotosm-project-8788 #GeoCombateCOVID19BA","created_by":"iD 2.18.3","hashtags":"#hotosm-project-8788;#GeoCombateCOVID19BA","host":"https://tasks.hotosm.org/projects/8788/map/","imagery_used":"EsriWorldImagery;.gpx data file","locale":"pt-BR"}},{"id":88740065,"created_at":"2020-07-30T15:03:41Z","open":false,"comments_count":0,"changes_count":65,"closed_at":"2020-07-30T15:03:50Z","min_lat":-12.9176552,"min_lon":-38.4782894,"max_lat":-12.9148025,"max_lon":-38.4765898,"uid":10174407,"user":"Marbrisareis","tags":{"changesets_count":"36","comment":"#hotosm-project-8788 #GeoCombateCOVID19BA","created_by":"iD 2.18.3","hashtags":"#hotosm-project-8788;#GeoCombateCOVID19BA","host":"https://tasks.hotosm.org/projects/8788/map/","imagery_used":"Custom (https://tiles.openaerialmap.org/5f089aa0cd2ccd00078c3414/0/5f089aa0cd2ccd00078c3415/{z}/{x}/{y} );.gpx data file;EsriWorldImagery","locale":"pt-BR"}},{"id":88582575,"created_at":"2020-07-27T19:29:11Z","open":false,"comments_count":0,"changes_count":105,"closed_at":"2020-07-27T19:29:22Z","min_lat":-12.9109514,"min_lon":-38.4744139,"max_lat":-12.9100661,"max_lon":-38.4729099,"uid":10174407,"user":"Marbrisareis","tags":{"changesets_count":"35","comment":"#hotosm-project-8788 #GeoCombateCOVID19BA","created_by":"iD 2.17.3","hashtags":"#hotosm-project-8788;#GeoCombateCOVID19BA","host":"https://tasks.hotosm.org/projects/8789/map/","ideditor:walkthrough_progress":"welcome;startEditing","ideditor:walkthrough_started":"yes","imagery_used":"Custom (https://tiles.openaerialmap.org/5f08b3eecd2ccd00078c341a/0/5f08b3eecd2ccd00078c341b/{z}/{x}/{y} );.gpx data file","locale":"pt-BR"}},{"id":88581261,"created_at":"2020-07-27T18:55:35Z","open":false,"comments_count":0,"changes_count":13,"closed_at":"2020-07-27T18:55:36Z","min_lat":-12.9107467,"min_lon":-38.4741003,"max_lat":-12.9104814,"max_lon":-38.4739367,"uid":10174407,"user":"Marbrisareis","tags":{"changesets_count":"34","comment":"#hotosm-project-8788 #GeoCombateCOVID19BA","created_by":"iD 2.17.3","hashtags":"#hotosm-project-8788;#GeoCombateCOVID19BA","host":"https://tasks.hotosm.org/projects/8789/map/","ideditor:walkthrough_progress":"welcome;startEditing","ideditor:walkthrough_started":"yes","imagery_used":"MAPNIK;.gpx data file","locale":"pt-BR","resolved:crossing_ways:building-building":"3","resolved:crossing_ways:building-highway":"1"}},{"id":88580794,"created_at":"2020-07-27T18:42:03Z","open":false,"comments_count":0,"changes_count":106,"closed_at":"2020-07-27T18:42:04Z","min_lat":-12.910948,"min_lon":-38.4741003,"max_lat":-12.9103637,"max_lon":-38.4729298,"uid":10174407,"user":"Marbrisareis","tags":{"changesets_count":"33","comment":"#hotosm-project-8788 #GeoCombateCOVID19BA","created_by":"iD 2.17.3","hashtags":"#hotosm-project-8788;#GeoCombateCOVID19BA","host":"https://tasks.hotosm.org/projects/8789/map/","ideditor:walkthrough_progress":"welcome;startEditing","ideditor:walkthrough_started":"yes","imagery_used":"Custom (https://tiles.openaerialmap.org/5f08b3eecd2ccd00078c341a/0/5f08b3eecd2ccd00078c341b/{z}/{x}/{y} );.gpx data file","locale":"pt-BR","warnings:crossing_ways:building-building":"1"}},{"id":88578589,"created_at":"2020-07-27T17:34:05Z","open":false,"comments_count":0,"changes_count":34,"closed_at":"2020-07-27T17:34:07Z","min_lat":-12.9402973,"min_lon":-38.5028556,"max_lat":-12.9396069,"max_lon":-38.5022477,"uid":10174407,"user":"Marbrisareis","tags":{"changesets_count":"32","comment":"#hotosm-project-8789  #GeoCombateCOVID19BA","created_by":"iD 2.17.3","hashtags":"#hotosm-project-8789;#GeoCombateCOVID19BA","host":"https://tasks.hotosm.org/projects/8789/map/","ideditor:walkthrough_progress":"welcome;startEditing","ideditor:walkthrough_started":"yes","imagery_used":"Bing;.gpx data file;EsriWorldImagery","locale":"pt-BR"}},{"id":88577809,"created_at":"2020-07-27T17:13:28Z","open":false,"comments_count":0,"changes_count":10,"closed_at":"2020-07-27T17:13:29Z","min_lat":-12.9404535,"min_lon":-38.5024927,"max_lat":-12.9402427,"max_lon":-38.5022272,"uid":10174407,"user":"Marbrisareis","tags":{"changesets_count":"31","comment":"#hotosm-project-8789  #GeoCombateCOVID19BA","created_by":"iD 2.17.3","hashtags":"#hotosm-project-8789;#GeoCombateCOVID19BA","host":"https://tasks.hotosm.org/projects/8789/map/","ideditor:walkthrough_progress":"welcome;startEditing","ideditor:walkthrough_started":"yes","imagery_used":"Bing;.gpx data file;EsriWorldImagery","locale":"pt-BR"}},{"id":88577328,"created_at":"2020-07-27T17:00:23Z","open":false,"comments_count":0,"changes_count":7,"closed_at":"2020-07-27T17:00:28Z","min_lat":-12.9403829,"min_lon":-38.5030814,"max_lat":-12.9401895,"max_lon":-38.5027985,"uid":10174407,"user":"Marbrisareis","tags":{"changesets_count":"30","comment":"#hotosm-project-8789  #GeoCombateCOVID19BA","created_by":"iD 2.17.3","hashtags":"#hotosm-project-8789;#GeoCombateCOVID19BA","host":"https://tasks.hotosm.org/projects/8789/map/","ideditor:walkthrough_progress":"welcome;startEditing","ideditor:walkthrough_started":"yes","imagery_used":"Bing;.gpx data file","locale":"pt-BR"}},{"id":88511390,"created_at":"2020-07-26T05:44:30Z","open":false,"comments_count":0,"changes_count":56,"closed_at":"2020-07-26T05:44:33Z","min_lat":-12.9401738,"min_lon":-38.503091,"max_lat":-12.9389811,"max_lon":-38.502304,"uid":10174407,"user":"Marbrisareis","tags":{"changesets_count":"29","comment":"#hotosm-project-8789  #GeoCombateCOVID19BA","created_by":"iD 2.17.3","hashtags":"#hotosm-project-8789;#GeoCombateCOVID19BA","host":"https://tasks.hotosm.org/projects/8789/map/","ideditor:walkthrough_progress":"welcome;startEditing","ideditor:walkthrough_started":"yes","imagery_used":"Bing;.gpx data file","locale":"pt-BR"}},{"id":88510911,"created_at":"2020-07-26T04:59:14Z","open":false,"comments_count":0,"changes_count":17,"closed_at":"2020-07-26T04:59:16Z","min_lat":-12.9398421,"min_lon":-38.5026582,"max_lat":-12.9396281,"max_lon":-38.5024305,"uid":10174407,"user":"Marbrisareis","tags":{"changesets_count":"28","comment":"#hotosm-project-8789  #GeoCombateCOVID19BA","created_by":"iD 2.17.3","hashtags":"#hotosm-project-8789;#GeoCombateCOVID19BA","host":"https://tasks.hotosm.org/projects/8789/map/","ideditor:walkthrough_progress":"welcome;startEditing","ideditor:walkthrough_started":"yes","imagery_used":"EsriWorldImagery;.gpx data file;Bing","locale":"pt-BR"}},{"id":88510863,"created_at":"2020-07-26T04:53:10Z","open":false,"comments_count":0,"changes_count":23,"closed_at":"2020-07-26T04:53:12Z","min_lat":-12.9400486,"min_lon":-38.5028392,"max_lat":-12.9397487,"max_lon":-38.5025233,"uid":10174407,"user":"Marbrisareis","tags":{"changesets_count":"27","comment":"#hotosm-project-8789  #GeoCombateCOVID19BA","created_by":"iD 2.17.3","hashtags":"#hotosm-project-8789;#GeoCombateCOVID19BA","host":"https://tasks.hotosm.org/projects/8789/map/","ideditor:walkthrough_progress":"welcome;startEditing","ideditor:walkthrough_started":"yes","imagery_used":"Bing;.gpx data file","locale":"pt-BR"}},{"id":88510814,"created_at":"2020-07-26T04:46:41Z","open":false,"comments_count":0,"changes_count":2,"closed_at":"2020-07-26T04:46:42Z","min_lat":-12.9398532,"min_lon":-38.5029483,"max_lat":-12.9398003,"max_lon":-38.5028674,"uid":10174407,"user":"Marbrisareis","tags":{"changesets_count":"26","comment":"#hotosm-project-8789  #GeoCombateCOVID19BA","created_by":"iD 2.17.3","hashtags":"#hotosm-project-8789;#GeoCombateCOVID19BA","host":"https://tasks.hotosm.org/projects/8789/map/","ideditor:walkthrough_progress":"welcome;startEditing","ideditor:walkthrough_started":"yes","imagery_used":"Bing;.gpx data file","locale":"pt-BR"}},{"id":88510801,"created_at":"2020-07-26T04:45:01Z","open":false,"comments_count":0,"changes_count":1,"closed_at":"2020-07-26T04:45:03Z","min_lat":-12.9398042,"min_lon":-38.5029483,"max_lat":-12.9398042,"max_lon":-38.5029483,"uid":10174407,"user":"Marbrisareis","tags":{"changesets_count":"25","comment":"#hotosm-project-8789  #GeoCombateCOVID19BA","created_by":"iD 2.17.3","hashtags":"#hotosm-project-8789;#GeoCombateCOVID19BA","host":"https://tasks.hotosm.org/projects/8789/map/","ideditor:walkthrough_progress":"welcome;startEditing","ideditor:walkthrough_started":"yes","imagery_used":"Bing;.gpx data file","locale":"pt-BR"}},{"id":88510586,"created_at":"2020-07-26T04:18:20Z","open":false,"comments_count":0,"changes_count":1,"closed_at":"2020-07-26T04:18:21Z","min_lat":-12.9405488,"min_lon":-38.5000773,"max_lat":-12.9405475,"max_lon":-38.5000746,"uid":10174407,"user":"Marbrisareis","tags":{"changesets_count":"24","comment":"#hotosm-project-8789  #GeoCombateCOVID19BA","created_by":"iD 2.17.3","hashtags":"#hotosm-project-8789;#GeoCombateCOVID19BA","host":"https://tasks.hotosm.org/projects/8789/map/","ideditor:walkthrough_progress":"welcome;startEditing","ideditor:walkthrough_started":"yes","imagery_used":"Bing;.gpx data file","locale":"pt-BR"}},{"id":88510571,"created_at":"2020-07-26T04:17:05Z","open":false,"comments_count":0,"changes_count":9,"closed_at":"2020-07-26T04:17:06Z","min_lat":-12.9410338,"min_lon":-38.5001353,"max_lat":-12.9402862,"max_lon":-38.4995397,"uid":10174407,"user":"Marbrisareis","tags":{"changesets_count":"23","comment":"#hotosm-project-8789  #GeoCombateCOVID19BA","created_by":"iD 2.17.3","hashtags":"#hotosm-project-8789;#GeoCombateCOVID19BA","host":"https://tasks.hotosm.org/projects/8789/map/","ideditor:walkthrough_progress":"welcome;startEditing","ideditor:walkthrough_started":"yes","imagery_used":"Bing;.gpx data file","locale":"pt-BR"}},{"id":88510562,"created_at":"2020-07-26T04:14:36Z","open":false,"comments_count":0,"changes_count":32,"closed_at":"2020-07-26T04:14:38Z","min_lat":-12.9415409,"min_lon":-38.5004086,"max_lat":-12.9402862,"max_lon":-38.4991372,"uid":10174407,"user":"Marbrisareis","tags":{"changesets_count":"22","comment":"#hotosm-project-8789  #GeoCombateCOVID19BA","created_by":"iD 2.17.3","hashtags":"#hotosm-project-8789;#GeoCombateCOVID19BA","host":"https://tasks.hotosm.org/projects/8789/map/","ideditor:walkthrough_progress":"welcome;startEditing","ideditor:walkthrough_started":"yes","imagery_used":"Bing;.gpx data file","locale":"pt-BR"}},{"id":88510446,"created_at":"2020-07-26T03:59:57Z","open":false,"comments_count":0,"changes_count":38,"closed_at":"2020-07-26T03:59:58Z","min_lat":-12.9414664,"min_lon":-38.5002712,"max_lat":-12.9402862,"max_lon":-38.4991278,"uid":10174407,"user":"Marbrisareis","tags":{"changesets_count":"21","comment":"#hotosm-project-8789  #GeoCombateCOVID19BA","created_by":"iD 2.17.3","hashtags":"#hotosm-project-8789;#GeoCombateCOVID19BA","host":"https://tasks.hotosm.org/projects/8789/map/","ideditor:walkthrough_progress":"welcome;startEditing","ideditor:walkthrough_started":"yes","imagery_used":"Bing;.gpx data file","locale":"pt-BR"}},{"id":88510370,"created_at":"2020-07-26T03:51:34Z","open":false,"comments_count":0,"changes_count":1,"closed_at":"2020-07-26T03:51:38Z","min_lat":-12.9404038,"min_lon":-38.4999688,"max_lat":-12.9404038,"max_lon":-38.4999688,"uid":10174407,"user":"Marbrisareis","tags":{"changesets_count":"20","comment":"#hotosm-project-8789  #GeoCombateCOVID19BA","created_by":"iD 2.17.3","hashtags":"#hotosm-project-8789;#GeoCombateCOVID19BA","host":"https://tasks.hotosm.org/projects/8789/map/","ideditor:walkthrough_progress":"welcome;startEditing","ideditor:walkthrough_started":"yes","imagery_used":"Bing;.gpx data file","locale":"pt-BR"}},{"id":88510036,"created_at":"2020-07-26T03:13:24Z","open":false,"comments_count":0,"changes_count":1,"closed_at":"2020-07-26T03:13:27Z","min_lat":-12.9407868,"min_lon":-38.4998778,"max_lat":-12.9407868,"max_lon":-38.4998778,"uid":10174407,"user":"Marbrisareis","tags":{"changesets_count":"19","comment":"#hotosm-project-8789  #GeoCombateCOVID19BA","created_by":"iD 2.18.3","hashtags":"#hotosm-project-8789;#GeoCombateCOVID19BA","host":"https://www.openstreetmap.org/edit","imagery_used":"Bing","locale":"pt-BR"}},{"id":88503314,"created_at":"2020-07-25T18:37:24Z","open":false,"comments_count":0,"changes_count":5,"closed_at":"2020-07-25T18:37:27Z","min_lat":-12.9403858,"min_lon":-38.5000084,"max_lat":-12.9403185,"max_lon":-38.4999206,"uid":10174407,"user":"Marbrisareis","tags":{"changesets_count":"18","comment":"#hotosm-project-8789  #GeoCombateCOVID19BA","created_by":"iD 2.17.3","hashtags":"#hotosm-project-8789;#GeoCombateCOVID19BA","host":"https://tasks.hotosm.org/projects/8789/map/","ideditor:walkthrough_progress":"welcome;startEditing","ideditor:walkthrough_started":"yes","imagery_used":"Bing;.gpx data file","locale":"pt-BR"}},{"id":88503250,"created_at":"2020-07-25T18:34:23Z","open":false,"comments_count":0,"changes_count":10,"closed_at":"2020-07-25T18:34:26Z","min_lat":-12.9406626,"min_lon":-38.5003192,"max_lat":-12.9403489,"max_lon":-38.4999691,"uid":10174407,"user":"Marbrisareis","tags":{"changesets_count":"17","comment":"#hotosm-project-8789  #GeoCombateCOVID19BA","created_by":"iD 2.17.3","hashtags":"#hotosm-project-8789;#GeoCombateCOVID19BA","host":"https://tasks.hotosm.org/projects/8789/map/","ideditor:walkthrough_progress":"welcome;startEditing","ideditor:walkthrough_started":"yes","imagery_used":"Bing;.gpx data file","locale":"pt-BR"}},{"id":88503219,"created_at":"2020-07-25T18:32:51Z","open":false,"comments_count":0,"changes_count":1,"closed_at":"2020-07-25T18:32:52Z","min_lat":-12.9405998,"min_lon":-38.5001006,"max_lat":-12.9405998,"max_lon":-38.5001006,"uid":10174407,"user":"Marbrisareis","tags":{"changesets_count":"16","comment":"#hotosm-project-8789  #GeoCombateCOVID19BA","created_by":"iD 2.17.3","hashtags":"#hotosm-project-8789;#GeoCombateCOVID19BA","host":"https://tasks.hotosm.org/projects/8789/map/","ideditor:walkthrough_progress":"welcome;startEditing","ideditor:walkthrough_started":"yes","imagery_used":"Bing;.gpx data file","locale":"pt-BR"}},{"id":88425088,"created_at":"2020-07-23T20:59:52Z","open":false,"comments_count":0,"changes_count":25,"closed_at":"2020-07-23T20:59:54Z","min_lat":-12.9400583,"min_lon":-38.5024767,"max_lat":-12.939004,"max_lon":-38.5020975,"uid":10174407,"user":"Marbrisareis","tags":{"changesets_count":"15","comment":"#hotosm-project-8789  #GeoCombateCOVID19BA","created_by":"iD 2.17.3","hashtags":"#hotosm-project-8789;#GeoCombateCOVID19BA","host":"https://tasks.hotosm.org/projects/8789/map/","ideditor:walkthrough_progress":"welcome;startEditing","ideditor:walkthrough_started":"yes","imagery_used":"Bing;.gpx data file","locale":"pt-BR"}},{"id":88424987,"created_at":"2020-07-23T20:57:14Z","open":false,"comments_count":0,"changes_count":27,"closed_at":"2020-07-23T20:57:15Z","min_lat":-12.9400988,"min_lon":-38.5029105,"max_lat":-12.9390757,"max_lon":-38.5018253,"uid":10174407,"user":"Marbrisareis","tags":{"changesets_count":"14","comment":"#hotosm-project-8789  #GeoCombateCOVID19BA","created_by":"iD 2.17.3","hashtags":"#hotosm-project-8789;#GeoCombateCOVID19BA","host":"https://tasks.hotosm.org/projects/8789/map/","ideditor:walkthrough_progress":"welcome;startEditing","ideditor:walkthrough_started":"yes","imagery_used":"Bing;.gpx data file","locale":"pt-BR"}},{"id":88424829,"created_at":"2020-07-23T20:51:58Z","open":false,"comments_count":0,"changes_count":5,"closed_at":"2020-07-23T20:51:59Z","min_lat":-12.9393201,"min_lon":-38.5022827,"max_lat":-12.9391724,"max_lon":-38.5021432,"uid":10174407,"user":"Marbrisareis","tags":{"changesets_count":"13","comment":"#hotosm-project-8789  #GeoCombateCOVID19BA","created_by":"iD 2.17.3","hashtags":"#hotosm-project-8789;#GeoCombateCOVID19BA","host":"https://tasks.hotosm.org/projects/8789/map/","ideditor:walkthrough_progress":"welcome;startEditing","ideditor:walkthrough_started":"yes","imagery_used":"Bing;.gpx data file","locale":"pt-BR"}},{"id":88424783,"created_at":"2020-07-23T20:50:21Z","open":false,"comments_count":0,"changes_count":4,"closed_at":"2020-07-23T20:50:22Z","min_lat":-12.9392647,"min_lon":-38.5019845,"max_lat":-12.9391262,"max_lon":-38.501831,"uid":10174407,"user":"Marbrisareis","tags":{"changesets_count":"12","comment":"#hotosm-project-8789  #GeoCombateCOVID19BA","created_by":"iD 2.17.3","hashtags":"#hotosm-project-8789;#GeoCombateCOVID19BA","host":"https://tasks.hotosm.org/projects/8789/map/","ideditor:walkthrough_progress":"welcome;startEditing","ideditor:walkthrough_started":"yes","imagery_used":"Bing;.gpx data file","locale":"pt-BR"}},{"id":88424727,"created_at":"2020-07-23T20:48:38Z","open":false,"comments_count":0,"changes_count":5,"closed_at":"2020-07-23T20:48:39Z","min_lat":-12.940173,"min_lon":-38.5022051,"max_lat":-12.9400677,"max_lon":-38.5020958,"uid":10174407,"user":"Marbrisareis","tags":{"changesets_count":"11","comment":"#hotosm-project-8789  #GeoCombateCOVID19BA","created_by":"iD 2.17.3","hashtags":"#hotosm-project-8789;#GeoCombateCOVID19BA","host":"https://tasks.hotosm.org/projects/8789/map/","ideditor:walkthrough_progress":"welcome;startEditing","ideditor:walkthrough_started":"yes","imagery_used":"Bing;.gpx data file","locale":"pt-BR"}},{"id":88424697,"created_at":"2020-07-23T20:47:41Z","open":false,"comments_count":0,"changes_count":20,"closed_at":"2020-07-23T20:47:42Z","min_lat":-12.9400919,"min_lon":-38.5025939,"max_lat":-12.9394528,"max_lon":-38.5019667,"uid":10174407,"user":"Marbrisareis","tags":{"changesets_count":"10","comment":"#hotosm-project-8789  #GeoCombateCOVID19BA","created_by":"iD 2.17.3","hashtags":"#hotosm-project-8789;#GeoCombateCOVID19BA","host":"https://tasks.hotosm.org/projects/8789/map/","ideditor:walkthrough_progress":"welcome;startEditing","ideditor:walkthrough_started":"yes","imagery_used":"Bing;.gpx data file","locale":"pt-BR"}},{"id":88424560,"created_at":"2020-07-23T20:43:18Z","open":false,"comments_count":0,"changes_count":41,"closed_at":"2020-07-23T20:43:19Z","min_lat":-12.9398189,"min_lon":-38.5029449,"max_lat":-12.9390951,"max_lon":-38.502316,"uid":10174407,"user":"Marbrisareis","tags":{"changesets_count":"9","comment":"#hotosm-project-8789  #GeoCombateCOVID19BA","created_by":"iD 2.17.3","hashtags":"#hotosm-project-8789;#GeoCombateCOVID19BA","host":"https://tasks.hotosm.org/projects/8789/map/","ideditor:walkthrough_progress":"welcome;startEditing","ideditor:walkthrough_started":"yes","imagery_used":"Maxar-Standard;.gpx data file;Bing","locale":"pt-BR"}},{"id":88423375,"created_at":"2020-07-23T20:08:29Z","open":false,"comments_count":0,"changes_count":12,"closed_at":"2020-07-23T20:08:33Z","min_lat":-12.9391513,"min_lon":-38.5027397,"max_lat":-12.9390033,"max_lon":-38.5025509,"uid":10174407,"user":"Marbrisareis","tags":{"changesets_count":"8","comment":"#hotosm-project-8789  #GeoCombateCOVID19BA","created_by":"iD 2.17.3","hashtags":"#hotosm-project-8789;#GeoCombateCOVID19BA","host":"https://tasks.hotosm.org/projects/8789/map/","ideditor:walkthrough_progress":"welcome;startEditing","ideditor:walkthrough_started":"yes","imagery_used":"Maxar-Standard;.gpx data file","locale":"pt-BR"}},{"id":87804747,"created_at":"2020-07-10T08:26:19Z","open":false,"comments_count":0,"changes_count":15,"closed_at":"2020-07-10T08:26:20Z","min_lat":8.8618153,"min_lon":-12.8989623,"max_lat":8.907383,"max_lon":-12.8734726,"uid":10174407,"user":"Marbrisareis","tags":{"changesets_count":"7","comment":"#hotosm-project-5272 SGA Youth Mappers Freetown #YouthMappers #OSMSierraLeone #Map2EndFGM #Map4Africa","created_by":"iD 2.17.3","hashtags":"#hotosm-project-5272;#YouthMappers;#OSMSierraLeone;#Map2EndFGM;#Map4Africa","host":"https://tasks.hotosm.org/projects/4897/map/","ideditor:walkthrough_progress":"welcome;startEditing","ideditor:walkthrough_started":"yes","imagery_used":"Maxar-Standard;.gpx data file","locale":"pt-BR"}},{"id":87804476,"created_at":"2020-07-10T08:21:25Z","open":false,"comments_count":0,"changes_count":1,"closed_at":"2020-07-10T08:21:27Z","min_lat":8.8440889,"min_lon":-12.9437664,"max_lat":8.8443963,"max_lon":-12.9419103,"uid":10174407,"user":"Marbrisareis","tags":{"changesets_count":"6","comment":"#hotosm-project-5272 SGA Youth Mappers Freetown #YouthMappers #OSMSierraLeone #Map2EndFGM #Map4Africa","created_by":"iD 2.17.3","hashtags":"#hotosm-project-5272;#YouthMappers;#OSMSierraLeone;#Map2EndFGM;#Map4Africa","host":"https://tasks.hotosm.org/projects/4897/map/","ideditor:walkthrough_progress":"welcome;startEditing","ideditor:walkthrough_started":"yes","imagery_used":"Maxar-Standard;.gpx data file","locale":"pt-BR"}},{"id":87804388,"created_at":"2020-07-10T08:19:46Z","open":false,"comments_count":0,"changes_count":16,"closed_at":"2020-07-10T08:19:47Z","min_lat":8.8435621,"min_lon":-12.9446907,"max_lat":8.8443963,"max_lon":-12.9419103,"uid":10174407,"user":"Marbrisareis","tags":{"changesets_count":"5","comment":"#hotosm-project-5272 SGA Youth Mappers Freetown #YouthMappers #OSMSierraLeone #Map2EndFGM #Map4Africa","created_by":"iD 2.17.3","hashtags":"#hotosm-project-5272;#YouthMappers;#OSMSierraLeone;#Map2EndFGM;#Map4Africa","host":"https://tasks.hotosm.org/projects/4897/map/","ideditor:walkthrough_progress":"welcome;startEditing","ideditor:walkthrough_started":"yes","imagery_used":"Maxar-Standard;.gpx data file","locale":"pt-BR","warnings:missing_tag:any":"1","warnings:missing_tag:descriptive":"1"}},{"id":87803865,"created_at":"2020-07-10T08:09:00Z","open":false,"comments_count":0,"changes_count":3,"closed_at":"2020-07-10T08:09:01Z","min_lat":8.8357195,"min_lon":-12.943714,"max_lat":8.836679,"max_lon":-12.9398784,"uid":10174407,"user":"Marbrisareis","tags":{"changesets_count":"4","comment":"#hotosm-project-5272 SGA Youth Mappers Freetown #YouthMappers #OSMSierraLeone #Map2EndFGM #Map4Africa","created_by":"iD 2.17.3","hashtags":"#hotosm-project-5272;#YouthMappers;#OSMSierraLeone;#Map2EndFGM;#Map4Africa","host":"https://tasks.hotosm.org/projects/4897/map/","ideditor:walkthrough_progress":"welcome;startEditing","ideditor:walkthrough_started":"yes","imagery_used":"Maxar-Standard;.gpx data file","locale":"pt-BR","resolved:crossing_ways:building-highway":"1","warnings:disconnected_way:highway":"1"}},{"id":87803833,"created_at":"2020-07-10T08:08:13Z","open":false,"comments_count":0,"changes_count":22,"closed_at":"2020-07-10T08:08:14Z","min_lat":8.8357195,"min_lon":-12.943714,"max_lat":8.836679,"max_lon":-12.9398784,"uid":10174407,"user":"Marbrisareis","tags":{"changesets_count":"3","comment":"#hotosm-project-5272 SGA Youth Mappers Freetown #YouthMappers #OSMSierraLeone #Map2EndFGM #Map4Africa","created_by":"iD 2.17.3","hashtags":"#hotosm-project-5272;#YouthMappers;#OSMSierraLeone;#Map2EndFGM;#Map4Africa","host":"https://tasks.hotosm.org/projects/4897/map/","ideditor:walkthrough_progress":"welcome;startEditing","ideditor:walkthrough_started":"yes","imagery_used":"Maxar-Standard;.gpx data file","locale":"pt-BR","review_requested":"yes","warnings:disconnected_way:highway":"1"}},{"id":87803428,"created_at":"2020-07-10T07:59:45Z","open":false,"comments_count":0,"changes_count":15,"closed_at":"2020-07-10T07:59:46Z","min_lat":8.8359575,"min_lon":-12.9410704,"max_lat":8.8365465,"max_lon":-12.939253,"uid":10174407,"user":"Marbrisareis","tags":{"changesets_count":"2","comment":"#hotosm-project-5272 SGA Youth Mappers Freetown #YouthMappers #OSMSierraLeone #Map2EndFGM #Map4Africa","created_by":"iD 2.17.3","hashtags":"#hotosm-project-5272;#YouthMappers;#OSMSierraLeone;#Map2EndFGM;#Map4Africa","host":"https://tasks.hotosm.org/projects/4897/map/","ideditor:walkthrough_progress":"welcome;startEditing","ideditor:walkthrough_started":"yes","imagery_used":"Maxar-Standard;.gpx data file","locale":"pt-BR","resolved:crossing_ways:building-building":"1"}},{"id":87802062,"created_at":"2020-07-10T07:34:41Z","open":false,"comments_count":0,"changes_count":21,"closed_at":"2020-07-10T07:34:43Z","min_lat":8.8412695,"min_lon":-12.9349852,"max_lat":8.8449375,"max_lon":-12.9297621,"uid":10174407,"user":"Marbrisareis","tags":{"changesets_count":"1","comment":"#hotosm-project-5272 SGA Youth Mappers Freetown #YouthMappers #OSMSierraLeone #Map2EndFGM #Map4Africa","created_by":"iD 2.17.3","hashtags":"#hotosm-project-5272;#YouthMappers;#OSMSierraLeone;#Map2EndFGM;#Map4Africa","host":"https://tasks.hotosm.org/projects/4897/map/","ideditor:walkthrough_progress":"welcome;startEditing","ideditor:walkthrough_started":"yes","imagery_used":"Maxar-Standard;.gpx data file","locale":"pt-BR","resolved:missing_tag:any":"1","resolved:missing_tag:descriptive":"1"}}]}
