{"version":"0.6","generator":"OpenStreetMap server","copyright":"OpenStreetMap and contributors","attribution":"http://www.openstreetmap.org/copyright","license":"http://opendatacommons.org/licenses/odbl/1-0/","changesets":[{"id":150267522,"created_at":"2024-04-20T15:05:37Z","open":false,"comments_count":0,"changes_count":251,"closed_at":"2024-04-20T15:05:38Z","min_lat":-12.9399191,"min_lon":-38.4310511,"max_lat":-12.9384758,"max_lon":-38.4299124,"uid":21214815,"user":"JP Batista","tags":{"changesets_count":"4","comment":"#osmus-tasks-538","created_by":"iD 2.21.1","hashtags":"#osmus-tasks-538;#youthmappersatufba;#mapatona;#ufba","host":"https://tasks.openstreetmap.us/projects/538/map/","imagery_used":"Esri World Imagery;.gpx data file;Esri World Imagery (Clarity) Beta","locale":"pt-BR","review_requested":"yes","source":"imagem de satélite;Esri (clareadas)"}},{"id":149053751,"created_at":"2024-03-23T14:38:09Z","open":false,"comments_count":0,"changes_count":12,"closed_at":"2024-03-23T14:38:10Z","min_lat":-12.9346041,"min_lon":-38.4483139,"max_lat":-12.9279864,"max_lon":-38.4384103,"uid":21214815,"user":"JP Batista","tags":{"changesets_count":"3","comment":"#osmus-tasks-538","created_by":"iD 2.21.1","hashtags":"#osmus-tasks-538;#youthmappersufba","host":"https://tasks.openstreetmap.us/projects/538/map/","imagery_used":"Esri World Imagery;.gpx data file","locale":"pt-BR","review_requested":"yes"}},{"id":149053377,"created_at":"2024-03-23T14:30:40Z","open":false,"comments_count":0,"changes_count":297,"closed_at":"2024-03-23T14:30:41Z","min_lat":-12.925739,"min_lon":-38.4482693,"max_lat":-12.9239446,"max_lon":-38.4453214,"uid":21214815,"user":"JP Batista","tags":{"changesets_count":"2","comment":"#osmus-tasks-538","created_by":"iD 2.21.1","hashtags":"#osmus-tasks-538;#youthmappersufba","host":"https://tasks.openstreetmap.us/projects/538/map/","imagery_used":"Esri World Imagery;.gpx data file","locale":"pt-BR","review_requested":"yes","warnings:crossing_ways:building-building":"3","warnings:crossing_ways:building-highway":"2"}},{"id":149052050,"created_at":"2024-03-23T14:01:35Z","open":false,"comments_count":0,"changes_count":498,"closed_at":"2024-03-23T14:01:37Z","min_lat":-12.9265079,"min_lon":-38.4487782,"max_lat":-12.9182622,"max_lon":-38.441848,"uid":21214815,"user":"JP Batista","tags":{"changesets_count":"1","comment":"#osmus-tasks-538","created_by":"iD 2.21.1","hashtags":"#osmus-tasks-538;#youthmappersufba","host":"https://tasks.openstreetmap.us/projects/538/map/","imagery_used":"Esri World Imagery;.gpx data file","locale":"pt-BR","review_requested":"yes","warnings:crossing_ways:building-building":"2","warnings:crossing_ways:building-highway":"16"}}]}
