{"version":"0.6","generator":"OpenStreetMap server","copyright":"OpenStreetMap and contributors","attribution":"http://www.openstreetmap.org/copyright","license":"http://opendatacommons.org/licenses/odbl/1-0/","changesets":[{"id":150267342,"created_at":"2024-04-20T15:02:00Z","open":false,"comments_count":0,"changes_count":67,"closed_at":"2024-04-20T15:02:02Z","min_lat":-12.9189196,"min_lon":-38.4372567,"max_lat":-12.9160036,"max_lon":-38.435449,"uid":21160844,"user":"Mauricio Ed","tags":{"changesets_count":"6","comment":"#osmus-tasks-538 YouthMappers At UFBA","created_by":"iD 2.21.1","hashtags":"#osmus-tasks-538;#youthmappersufba","host":"https://tasks.openstreetmap.us/projects/538/map/","imagery_used":"Esri World Imagery;.gpx data file","locale":"pt-BR","review_requested":"yes","source":"aerial imagery;Esri;Interpretação visual"}},{"id":149053068,"created_at":"2024-03-23T14:24:01Z","open":false,"comments_count":0,"changes_count":5,"closed_at":"2024-03-23T14:24:02Z","min_lat":-12.9205468,"min_lon":-38.4321115,"max_lat":-12.920489,"max_lon":-38.4320712,"uid":21160844,"user":"Mauricio Ed","tags":{"changesets_count":"5","comment":"#osmus-tasks-538, Mapatona YouthMappers UFBA BA 20/03/24","created_by":"iD 2.21.1","hashtags":"#osmus-tasks-538","host":"https://tasks.openstreetmap.us/projects/538/map/","imagery_used":"Esri World Imagery;.gpx data file","locale":"pt-BR","source":"aerial imagery;Bing;Esri"}},{"id":149052433,"created_at":"2024-03-23T14:11:22Z","open":false,"comments_count":0,"changes_count":57,"closed_at":"2024-03-23T14:11:23Z","min_lat":-12.9220909,"min_lon":-38.4326927,"max_lat":-12.9204434,"max_lon":-38.4319683,"uid":21160844,"user":"Mauricio Ed","tags":{"changesets_count":"4","comment":"#osmus-tasks-538, Mapatona YouthMappers UFBA BA 20/03/24","created_by":"iD 2.21.1","hashtags":"#osmus-tasks-538","host":"https://tasks.openstreetmap.us/projects/538/map/","imagery_used":"Esri World Imagery (Clarity) Beta;.gpx data file","locale":"pt-BR"}},{"id":149051809,"created_at":"2024-03-23T13:54:53Z","open":false,"comments_count":0,"changes_count":99,"closed_at":"2024-03-23T13:54:54Z","min_lat":-12.9269601,"min_lon":-38.4339258,"max_lat":-12.9203482,"max_lon":-38.4317892,"uid":21160844,"user":"Mauricio Ed","tags":{"changesets_count":"3","comment":"#osmus-tasks-538, Mapatona YouthMappers UFBA BA 20/03/24","created_by":"iD 2.21.1","hashtags":"#osmus-tasks-538","host":"https://tasks.openstreetmap.us/projects/538/map/","imagery_used":"Esri World Imagery (Clarity) Beta;.gpx data file;Bing Maps Aerial;Esri World Imagery","locale":"pt-BR","source":"aerial imagery;Bing;Esri"}},{"id":149049540,"created_at":"2024-03-23T12:43:56Z","open":false,"comments_count":0,"changes_count":51,"closed_at":"2024-03-23T12:43:57Z","min_lat":-12.9217267,"min_lon":-38.4326702,"max_lat":-12.9191288,"max_lon":-38.4318414,"uid":21160844,"user":"Mauricio Ed","tags":{"changesets_count":"2","comment":"#osmus-tasks-538, Mapatona YouthMappers UFBA BA 20/03/24","created_by":"iD 2.21.1","hashtags":"#osmus-tasks-538","host":"https://tasks.openstreetmap.us/projects/538/map/","imagery_used":"Mapbox Satellite;.gpx data file;Bing Maps Aerial;Esri World Imagery (Clarity) Beta","locale":"pt-BR","source":"aerial imagery;Bing;Esri"}},{"id":148254832,"created_at":"2024-03-05T15:01:48Z","open":false,"comments_count":0,"changes_count":50,"closed_at":"2024-03-05T15:01:49Z","min_lat":-12.9160908,"min_lon":-38.4394825,"max_lat":-12.9153497,"max_lon":-38.4384634,"uid":21160844,"user":"Mauricio Ed","tags":{"changesets_count":"1","comment":"#osmus-tasks-538","created_by":"iD 2.21.1","hashtags":"#osmus-tasks-538","host":"https://tasks.openstreetmap.us/projects/538/map/","imagery_used":"Bing Maps Aerial;.gpx data file","locale":"pt-BR","review_requested":"yes","warnings:crossing_ways:building-highway":"2"}}]}
