{"version":"0.6","generator":"OpenStreetMap server","copyright":"OpenStreetMap and contributors","attribution":"http://www.openstreetmap.org/copyright","license":"http://opendatacommons.org/licenses/odbl/1-0/","changesets":[{"id":150266808,"created_at":"2024-04-20T14:49:57Z","open":false,"comments_count":0,"changes_count":62,"closed_at":"2024-04-20T14:49:58Z","min_lat":-12.9282941,"min_lon":-38.4417012,"max_lat":-12.9274502,"max_lon":-38.4410122,"uid":12798077,"user":"Aimée Borges","tags":{"changesets_count":"15","comment":"#osmus-tasks-538 #youthmappersatufba #tomtom #mapatona","created_by":"iD 2.21.1","hashtags":"#osmus-tasks-538;#youthmappersatufba;#tomtom;#mapatona","host":"https://tasks.openstreetmap.us/projects/538/map/","imagery_used":"Esri World Imagery;.gpx data file;Esri World Imagery (Clarity) Beta","locale":"pt-BR","review_requested":"yes"}},{"id":150266493,"created_at":"2024-04-20T14:41:47Z","open":false,"comments_count":0,"changes_count":68,"closed_at":"2024-04-20T14:41:49Z","min_lat":-12.9291036,"min_lon":-38.4417228,"max_lat":-12.928025,"max_lon":-38.4407451,"uid":12798077,"user":"Aimée Borges","tags":{"changesets_count":"14","comment":"#osmus-tasks-538 #youthmappersatufba #tomtom #mapatona","created_by":"iD 2.21.1","hashtags":"#osmus-tasks-538;#youthmappersatufba;#tomtom;#mapatona","host":"https://tasks.openstreetmap.us/projects/538/map/","imagery_used":"Esri World Imagery;.gpx data file","locale":"pt-BR","review_requested":"yes"}},{"id":149659288,"created_at":"2024-04-06T15:05:46Z","open":false,"comments_count":0,"changes_count":5,"closed_at":"2024-04-06T15:05:47Z","min_lat":-12.925094,"min_lon":-38.442521,"max_lat":-12.9249976,"max_lon":-38.4424515,"uid":12798077,"user":"Aimée Borges","tags":{"changesets_count":"13","comment":"#osmus-tasks-538 #youthmappersatugba #tomtom #mapatona","created_by":"iD 2.21.1","hashtags":"#osmus-tasks-538;#youthmappersatugba;#tomtom;#mapatona","host":"https://tasks.openstreetmap.us/projects/538/map/","imagery_used":"Esri World Imagery;.gpx data file","locale":"pt-BR","review_requested":"yes"}},{"id":149659173,"created_at":"2024-04-06T15:02:46Z","open":false,"comments_count":0,"changes_count":23,"closed_at":"2024-04-06T15:02:47Z","min_lat":-12.9251578,"min_lon":-38.4427017,"max_lat":-12.924761,"max_lon":-38.4425513,"uid":12798077,"user":"Aimée Borges","tags":{"changesets_count":"12","comment":"#osmus-tasks-538 #youthmappersatugba #tomtom #mapatona","created_by":"iD 2.21.1","hashtags":"#osmus-tasks-538;#youthmappersatugba;#tomtom;#mapatona","host":"https://tasks.openstreetmap.us/projects/538/map/","imagery_used":"Esri World Imagery;.gpx data file","locale":"pt-BR","review_requested":"yes"}},{"id":149658971,"created_at":"2024-04-06T14:56:56Z","open":false,"comments_count":0,"changes_count":165,"closed_at":"2024-04-06T14:56:58Z","min_lat":-12.9249317,"min_lon":-38.4430806,"max_lat":-12.9238671,"max_lon":-38.4423689,"uid":12798077,"user":"Aimée Borges","tags":{"changesets_count":"11","comment":"#osmus-tasks-538 #youthmappersatugba #tomtom #mapatona","created_by":"iD 2.21.1","hashtags":"#osmus-tasks-538;#youthmappersatugba;#tomtom;#mapatona","host":"https://tasks.openstreetmap.us/projects/538/map/","imagery_used":"Esri World Imagery;.gpx data file","locale":"pt-BR","review_requested":"yes"}},{"id":149658085,"created_at":"2024-04-06T14:33:38Z","open":false,"comments_count":0,"changes_count":17,"closed_at":"2024-04-06T14:33:39Z","min_lat":-12.9339795,"min_lon":-38.4386761,"max_lat":-12.9336791,"max_lon":-38.438445,"uid":12798077,"user":"Aimée Borges","tags":{"changesets_count":"10","comment":"#osmus-tasks-538 #youthmappersatugba #tomtom #mapatona","created_by":"iD 2.21.1","hashtags":"#osmus-tasks-538;#youthmappersatugba;#tomtom;#mapatona","host":"https://tasks.openstreetmap.us/projects/538/map/","imagery_used":"Esri World Imagery;.gpx data file","locale":"pt-BR","review_requested":"yes"}},{"id":149052813,"created_at":"2024-03-23T14:19:50Z","open":false,"comments_count":0,"changes_count":27,"closed_at":"2024-03-23T14:19:51Z","min_lat":-12.9290862,"min_lon":-38.4373502,"max_lat":-12.9286013,"max_lon":-38.4370975,"uid":12798077,"user":"Aimée Borges","tags":{"changesets_count":"9","comment":"#osmus-tasks-538 #youthmappersatugba #tomtom #mapatona","created_by":"iD 2.21.1","hashtags":"#osmus-tasks-538;#youthmappersatugba;#tomtom;#mapatona","host":"https://tasks.openstreetmap.us/projects/538/map/","imagery_used":"Esri World Imagery (Clarity) Beta;.gpx data file","locale":"pt-BR","review_requested":"yes"}},{"id":149052413,"created_at":"2024-03-23T14:10:52Z","open":false,"comments_count":0,"changes_count":36,"closed_at":"2024-03-23T14:10:53Z","min_lat":-12.9296589,"min_lon":-38.4368024,"max_lat":-12.9291493,"max_lon":-38.436405,"uid":12798077,"user":"Aimée Borges","tags":{"changesets_count":"8","comment":"#osmus-tasks-538 #youthmappersatugba #tomtom #mapatona","created_by":"iD 2.21.1","hashtags":"#osmus-tasks-538;#youthmappersatugba;#tomtom;#mapatona","host":"https://tasks.openstreetmap.us/projects/538/map/","imagery_used":"Esri World Imagery (Clarity) Beta;.gpx data file","locale":"pt-BR","review_requested":"yes"}},{"id":149052121,"created_at":"2024-03-23T14:03:21Z","open":false,"comments_count":0,"changes_count":122,"closed_at":"2024-03-23T14:03:23Z","min_lat":-12.9308195,"min_lon":-38.4376498,"max_lat":-12.9298555,"max_lon":-38.4363718,"uid":12798077,"user":"Aimée Borges","tags":{"changesets_count":"7","comment":"#osmus-tasks-538 #youthmappersatugba #tomtom #mapatona","created_by":"iD 2.21.1","hashtags":"#osmus-tasks-538;#youthmappersatugba;#tomtom;#mapatona","host":"https://tasks.openstreetmap.us/projects/538/map/","imagery_used":"Esri World Imagery (Clarity) Beta;.gpx data file","locale":"pt-BR","review_requested":"yes"}},{"id":149050064,"created_at":"2024-03-23T12:59:57Z","open":false,"comments_count":0,"changes_count":135,"closed_at":"2024-03-23T12:59:58Z","min_lat":-12.9300937,"min_lon":-38.4380682,"max_lat":-12.9293707,"max_lon":-38.4370652,"uid":12798077,"user":"Aimée Borges","tags":{"changesets_count":"6","comment":"#osmus-tasks-538 #youthmappersatugba #tomtom #mapatona","created_by":"iD 2.21.1","hashtags":"#osmus-tasks-538;#youthmappersatugba;#tomtom;#mapatona","host":"https://tasks.openstreetmap.us/projects/538/map/","imagery_used":"Esri World Imagery (Clarity) Beta;.gpx data file","locale":"pt-BR","review_requested":"yes"}},{"id":149049458,"created_at":"2024-03-23T12:40:51Z","open":false,"comments_count":0,"changes_count":119,"closed_at":"2024-03-23T12:40:52Z","min_lat":-12.9304663,"min_lon":-38.4381013,"max_lat":-12.9292941,"max_lon":-38.4373919,"uid":12798077,"user":"Aimée Borges","tags":{"changesets_count":"5","comment":"#osmus-tasks-538 #youthmappersatUFBA #mapatona #tomtom","created_by":"iD 2.21.1","hashtags":"#osmus-tasks-538;#youthmappersatUFBA;#mapatona;#tomtom","host":"https://tasks.openstreetmap.us/projects/538/map/","imagery_used":"Esri World Imagery;.gpx data file;Esri World Imagery (Clarity) Beta","locale":"pt-BR","review_requested":"yes"}},{"id":149048503,"created_at":"2024-03-23T12:13:04Z","open":false,"comments_count":0,"changes_count":10,"closed_at":"2024-03-23T12:13:05Z","min_lat":-12.9293781,"min_lon":-38.4378913,"max_lat":-12.9292941,"max_lon":-38.4377149,"uid":12798077,"user":"Aimée Borges","tags":{"changesets_count":"4","comment":"#osmus-tasks-538","created_by":"iD 2.21.1","hashtags":"#osmus-tasks-538","host":"https://tasks.openstreetmap.us/projects/538/map/","imagery_used":"Esri World Imagery;.gpx data file","locale":"pt-BR"}},{"id":148273755,"created_at":"2024-03-06T02:29:00Z","open":false,"comments_count":0,"changes_count":22,"closed_at":"2024-03-06T02:29:02Z","min_lat":-12.9289748,"min_lon":-38.4385047,"max_lat":-12.9287529,"max_lon":-38.4381187,"uid":12798077,"user":"Aimée Borges","tags":{"changesets_count":"3","comment":"#osmus-tasks-538#youthmappersufba","created_by":"iD 2.21.1","hashtags":"#osmus-tasks-538;#youthmappersufba","host":"https://tasks.openstreetmap.us/projects/538/map/","imagery_used":"Esri World Imagery","locale":"pt-BR","review_requested":"yes"}},{"id":144440792,"created_at":"2023-11-25T13:17:30Z","open":false,"comments_count":0,"changes_count":1,"closed_at":"2023-11-25T13:17:31Z","min_lat":-12.9742299,"min_lon":-38.5031957,"max_lat":-12.974008,"max_lon":-38.5027728,"uid":12798077,"user":"Aimée Borges","tags":{"changesets_count":"2","comment":"ymufba","created_by":"iD 2.27.3","host":"https://www.openstreetmap.org/edit","imagery_used":"Bing Maps Aerial","locale":"pt-BR"}},{"id":144440648,"created_at":"2023-11-25T13:13:14Z","open":false,"comments_count":0,"changes_count":11,"closed_at":"2023-11-25T13:13:15Z","min_lat":-12.9742674,"min_lon":-38.5031957,"max_lat":-12.9740012,"max_lon":-38.5026195,"uid":12798077,"user":"Aimée Borges","tags":{"changesets_count":"1","comment":"youthmappers ufba","created_by":"iD 2.27.3","host":"https://www.openstreetmap.org/edit","imagery_used":"Bing Maps Aerial","locale":"pt-BR"}}]}
