{"version":"0.6","generator":"OpenStreetMap server","copyright":"OpenStreetMap and contributors","attribution":"http://www.openstreetmap.org/copyright","license":"http://opendatacommons.org/licenses/odbl/1-0/","changesets":[{"id":149659329,"created_at":"2024-04-06T15:06:49Z","open":false,"comments_count":0,"changes_count":61,"closed_at":"2024-04-06T15:06:50Z","min_lat":-12.9186798,"min_lon":-38.4462525,"max_lat":-12.9182897,"max_lon":-38.4453454,"uid":18875654,"user":"Marilane Silva","tags":{"changesets_count":"16","comment":"#osmus-tasks-538 #youthmappersufba","created_by":"iD 2.21.1","hashtags":"#osmus-tasks-538;#youthmappersufba","host":"https://tasks.openstreetmap.us/projects/538/map/","imagery_used":"Esri World Imagery","locale":"pt-BR"}},{"id":149659136,"created_at":"2024-04-06T15:01:53Z","open":false,"comments_count":0,"changes_count":134,"closed_at":"2024-04-06T15:01:53Z","min_lat":-12.9376322,"min_lon":-38.4574002,"max_lat":-12.9170506,"max_lon":-38.4213728,"uid":18875654,"user":"Marilane Silva","tags":{"changesets_count":"15","comment":"#osmus-tasks-538 #youthmappersufba","created_by":"iD 2.21.1","hashtags":"#osmus-tasks-538;#youthmappersufba","host":"https://tasks.openstreetmap.us/projects/538/map/","imagery_used":"Esri World Imagery","locale":"pt-BR"}},{"id":149658756,"created_at":"2024-04-06T14:51:48Z","open":false,"comments_count":0,"changes_count":164,"closed_at":"2024-04-06T14:51:49Z","min_lat":-12.9180284,"min_lon":-38.4471309,"max_lat":-12.9168835,"max_lon":-38.4467654,"uid":18875654,"user":"Marilane Silva","tags":{"changesets_count":"14","comment":"#osmus-tasks-538 #youthmappersufba","created_by":"iD 2.21.1","hashtags":"#osmus-tasks-538;#youthmappersufba","host":"https://tasks.openstreetmap.us/projects/538/map/","imagery_used":"Esri World Imagery","locale":"pt-BR","review_requested":"yes"}},{"id":149053439,"created_at":"2024-03-23T14:31:58Z","open":false,"comments_count":0,"changes_count":114,"closed_at":"2024-03-23T14:31:59Z","min_lat":-12.9256214,"min_lon":-38.4363601,"max_lat":-12.9249231,"max_lon":-38.435842,"uid":18875654,"user":"Marilane Silva","tags":{"changesets_count":"13","comment":"#osmus-tasks-538 #youthmappersufba","created_by":"iD 2.21.1","hashtags":"#osmus-tasks-538;#youthmappersufba","host":"https://tasks.openstreetmap.us/projects/538/map/","imagery_used":"Esri World Imagery (Clarity) Beta;.gpx data file","locale":"pt-BR","review_requested":"yes"}},{"id":149052455,"created_at":"2024-03-23T14:11:45Z","open":false,"comments_count":0,"changes_count":134,"closed_at":"2024-03-23T14:11:46Z","min_lat":-12.9251953,"min_lon":-38.4362948,"max_lat":-12.9244783,"max_lon":-38.4356497,"uid":18875654,"user":"Marilane Silva","tags":{"changesets_count":"12","comment":"#mapeadoreslivresufpr   #yuthumapperes   #mapealivreufpr   #cursomapeadoreslivres    _ essa feição é unm edificio.","created_by":"iD 2.21.1","hashtags":"#mapeadoreslivresufpr;#yuthumapperes;#mapealivreufpr;#cursomapeadoreslivres","host":"https://tasks.openstreetmap.us/projects/538/map/","imagery_used":"Esri World Imagery (Clarity) Beta;.gpx data file","locale":"pt-BR","review_requested":"yes"}},{"id":149051661,"created_at":"2024-03-23T13:50:35Z","open":false,"comments_count":0,"changes_count":137,"closed_at":"2024-03-23T13:50:36Z","min_lat":-12.9246358,"min_lon":-38.4363834,"max_lat":-12.9239053,"max_lon":-38.4355144,"uid":18875654,"user":"Marilane Silva","tags":{"changesets_count":"11","comment":"#osmus-tasks-538 #youthmappersufba","created_by":"iD 2.21.1","hashtags":"#osmus-tasks-538;#youthmappersufba","host":"https://tasks.openstreetmap.us/projects/538/map/","imagery_used":"Esri World Imagery (Clarity) Beta;.gpx data file","locale":"pt-BR","review_requested":"yes"}},{"id":149049358,"created_at":"2024-03-23T12:38:07Z","open":false,"comments_count":0,"changes_count":111,"closed_at":"2024-03-23T12:38:08Z","min_lat":-12.9244452,"min_lon":-38.4363352,"max_lat":-12.9239268,"max_lon":-38.4359219,"uid":18875654,"user":"Marilane Silva","tags":{"changesets_count":"10","comment":"#osmus-tasks-538","created_by":"iD 2.21.1","hashtags":"#osmus-tasks-538","host":"https://tasks.openstreetmap.us/projects/538/map/","imagery_used":"Esri World Imagery (Clarity) Beta;.gpx data file","locale":"pt-BR","review_requested":"yes"}},{"id":144440331,"created_at":"2023-11-25T13:02:45Z","open":false,"comments_count":0,"changes_count":34,"closed_at":"2023-11-25T13:02:46Z","min_lat":-13.0083247,"min_lon":-38.4991793,"max_lat":-13.0079943,"max_lon":-38.498628,"uid":18875654,"user":"Marilane Silva","tags":{"changesets_count":"9","comment":"gisday yuthmappes UFBA","created_by":"iD 2.27.3","host":"https://www.openstreetmap.org/edit","imagery_used":"Esri World Imagery (Clarity) Beta","locale":"pt-BR","warnings:crossing_ways:building-building":"1"}},{"id":137707584,"created_at":"2023-06-24T02:38:59Z","open":false,"comments_count":0,"changes_count":293,"closed_at":"2023-06-24T02:39:01Z","min_lat":-23.4312445,"min_lon":-49.7080573,"max_lat":-23.4213361,"max_lon":-49.699595,"uid":18875654,"user":"Marilane Silva","tags":{"comment":"#teachosm-project-1493 #mapealivreufpr #norte-pioneiro-pr #mulheresdocafenppr","created_by":"JOSM/1.5 (18746 pt_BR)","hashtags":"#teachosm-project-1493;#mapealivreufpr;#norte-pioneiro-pr;#mulheresdocafenppr","review_requested":"yes","source":"Bing"}},{"id":137584691,"created_at":"2023-06-21T03:21:18Z","open":false,"comments_count":0,"changes_count":7,"closed_at":"2023-06-21T03:21:20Z","min_lat":50.5191366,"min_lon":42.6543385,"max_lat":50.5192969,"max_lon":42.6546603,"uid":18875654,"user":"Marilane Silva","tags":{"comment":"#mapeadoreslivresufpr   #yuthumapperes   #mapealivreufpr   #cursomapeadoreslivres    _ essa feição é unm edificio.","created_by":"JOSM/1.5 (18746 pt_BR)","hashtags":"#mapeadoreslivresufpr;#yuthumapperes;#mapealivreufpr;#cursomapeadoreslivres","review_requested":"yes","source":"Bing; Maxar Premium Imagery"}},{"id":137307673,"created_at":"2023-06-14T02:41:40Z","open":false,"comments_count":0,"changes_count":5,"closed_at":"2023-06-14T02:41:41Z","min_lat":-23.8480121,"min_lon":-50.1939422,"max_lat":-23.8479168,"max_lon":-50.1938373,"uid":18875654,"user":"Marilane Silva","tags":{"changesets_count":"6","comment":"#teachosm-project-1493 #mapealivreufpr #norte-pioneiro-pr #mulheresdocafenppr","created_by":"RapiD 1.1.8-tm.1","hashtags":"#teachosm-project-1493;#mapealivreufpr;#norte-pioneiro-pr;#mulheresdocafenppr","host":"https://tasks.teachosm.org/projects/1493/map/","ideditor:walkthrough_progress":"startEditing","ideditor:walkthrough_started":"yes","imagery_used":"Bing aerial imagery;.gpx data file","locale":"pt-BR","review_requested":"yes","source":"mapwithai"}},{"id":137307572,"created_at":"2023-06-14T02:32:05Z","open":false,"comments_count":0,"changes_count":19,"closed_at":"2023-06-14T02:32:07Z","min_lat":-23.8471049,"min_lon":-50.1944434,"max_lat":-23.8464813,"max_lon":-50.1933064,"uid":18875654,"user":"Marilane Silva","tags":{"changesets_count":"5","comment":"#teachosm-project-1493 #mapealivreufpr #norte-pioneiro-pr #mulheresdocafenppr","created_by":"RapiD 1.1.8-tm.1","hashtags":"#teachosm-project-1493;#mapealivreufpr;#norte-pioneiro-pr;#mulheresdocafenppr","host":"https://tasks.teachosm.org/projects/1493/map/","ideditor:walkthrough_progress":"startEditing","ideditor:walkthrough_started":"yes","imagery_used":"Bing aerial imagery;.gpx data file","locale":"pt-BR","review_requested":"yes","source":"mapwithai"}},{"id":137307512,"created_at":"2023-06-14T02:26:52Z","open":false,"comments_count":0,"changes_count":256,"closed_at":"2023-06-14T02:26:54Z","min_lat":-23.8477721,"min_lon":-50.1948294,"max_lat":-23.8459968,"max_lon":-50.1932179,"uid":18875654,"user":"Marilane Silva","tags":{"changesets_count":"4","comment":"#teachosm-project-1493 #mapealivreufpr #norte-pioneiro-pr #mulheresdocafenppr","created_by":"RapiD 1.1.8-tm.1","hashtags":"#teachosm-project-1493;#mapealivreufpr;#norte-pioneiro-pr;#mulheresdocafenppr","host":"https://tasks.teachosm.org/projects/1493/map/","ideditor:walkthrough_progress":"startEditing","ideditor:walkthrough_started":"yes","imagery_used":"Bing aerial imagery;.gpx data file","locale":"pt-BR","review_requested":"yes","source":"mapwithai"}},{"id":137307275,"created_at":"2023-06-14T02:05:07Z","open":false,"comments_count":0,"changes_count":273,"closed_at":"2023-06-14T02:05:08Z","min_lat":-23.8474996,"min_lon":-50.1950293,"max_lat":-23.8453418,"max_lon":-50.1932562,"uid":18875654,"user":"Marilane Silva","tags":{"changesets_count":"3","comment":"#teachosm-project-1493 #mapealivreufpr #norte-pioneiro-pr #mulheresdocafenppr","created_by":"RapiD 1.1.8-tm.1","hashtags":"#teachosm-project-1493;#mapealivreufpr;#norte-pioneiro-pr;#mulheresdocafenppr","host":"https://tasks.teachosm.org/projects/1493/map/","ideditor:walkthrough_progress":"startEditing","ideditor:walkthrough_started":"yes","imagery_used":"Bing aerial imagery;.gpx data file","locale":"pt-BR","review_requested":"yes","source":"mapwithai"}},{"id":137305455,"created_at":"2023-06-13T23:18:16Z","open":false,"comments_count":0,"changes_count":20,"closed_at":"2023-06-13T23:18:17Z","min_lat":24.08772,"min_lon":-104.8108065,"max_lat":24.0880805,"max_lon":-104.8104137,"uid":18875654,"user":"Marilane Silva","tags":{"changesets_count":"2","comment":"lagoa","created_by":"Rapid 2.0.3","host":"https://mapwith.ai/rapid","imagery_used":"Bing Maps Aerial","locale":"pt-BR","review_requested":"yes"}},{"id":136721043,"created_at":"2023-05-30T00:55:20Z","open":false,"comments_count":1,"changes_count":186,"closed_at":"2023-05-30T00:55:21Z","min_lat":-13.0148483,"min_lon":-38.4882058,"max_lat":-12.9965823,"max_lon":-38.4822974,"uid":18875654,"user":"Marilane Silva","tags":{"changesets_count":"1","comment":"feicoes de picinas, campo de futsl, e condominios, no bairro da pituba.","created_by":"iD 2.25.2","host":"https://www.openstreetmap.org/edit","imagery_used":"Esri World Imagery","locale":"pt-BR","review_requested":"yes"}}]}
