{"version":"0.6","generator":"OpenStreetMap server","copyright":"OpenStreetMap and contributors","attribution":"http://www.openstreetmap.org/copyright","license":"http://opendatacommons.org/licenses/odbl/1-0/","changesets":[{"id":150722707,"created_at":"2024-04-30T18:47:37Z","open":false,"comments_count":0,"changes_count":141,"closed_at":"2024-04-30T18:47:39Z","min_lat":-12.9361245,"min_lon":-38.4416091,"max_lat":-12.9346577,"max_lon":-38.4410381,"uid":21328495,"user":"Adailton Barros","tags":{"changesets_count":"11","comment":"#osmus-tasks-538","created_by":"iD 2.21.1","hashtags":"#osmus-tasks-538;#youthmappersufba","host":"https://tasks.openstreetmap.us/projects/538/map/","imagery_used":"Esri World Imagery;.gpx data file","locale":"pt-BR","review_requested":"yes"}},{"id":150372612,"created_at":"2024-04-23T03:02:11Z","open":false,"comments_count":0,"changes_count":40,"closed_at":"2024-04-23T03:02:15Z","min_lat":-12.9361378,"min_lon":-38.4417264,"max_lat":-12.9348925,"max_lon":-38.4410381,"uid":21328495,"user":"Adailton Barros","tags":{"changesets_count":"10","comment":"#osmus-tasks-538","created_by":"iD 2.21.1","hashtags":"#osmus-tasks-538;#youthmappersufba","host":"https://tasks.openstreetmap.us/projects/538/map/","imagery_used":"Esri World Imagery;.gpx data file","locale":"pt-BR","review_requested":"yes"}},{"id":150325116,"created_at":"2024-04-22T03:24:02Z","open":false,"comments_count":0,"changes_count":7,"closed_at":"2024-04-22T03:24:05Z","min_lat":-12.9593032,"min_lon":-38.4887157,"max_lat":-12.957052,"max_lon":-38.487736,"uid":21328495,"user":"Adailton Barros","tags":{"changesets_count":"9","comment":"Mapeamento Adjoba","created_by":"iD 2.28.1","hashtags":"#y;#youthmappersufba","host":"https://www.openstreetmap.org/edit","imagery_used":"Esri World Imagery (Clarity) Beta","locale":"pt-BR","source":"local knowledge"}},{"id":150323657,"created_at":"2024-04-22T01:43:13Z","open":false,"comments_count":0,"changes_count":26,"closed_at":"2024-04-22T01:43:19Z","min_lat":-12.9359721,"min_lon":-38.4416544,"max_lat":-12.9356355,"max_lon":-38.4412745,"uid":21328495,"user":"Adailton Barros","tags":{"changesets_count":"8","comment":"#osmus-tasks-538","created_by":"iD 2.21.1","hashtags":"#osmus-tasks-538;#youthmappersufba","host":"https://tasks.openstreetmap.us/projects/538/map/","imagery_used":"Esri World Imagery;.gpx data file","locale":"pt-BR","review_requested":"yes"}},{"id":150323215,"created_at":"2024-04-22T01:14:26Z","open":false,"comments_count":0,"changes_count":23,"closed_at":"2024-04-22T01:14:31Z","min_lat":-12.9361257,"min_lon":-38.4415554,"max_lat":-12.9348925,"max_lon":-38.4403168,"uid":21328495,"user":"Adailton Barros","tags":{"changesets_count":"7","comment":"#osmus-tasks-538","created_by":"iD 2.21.1","hashtags":"#osmus-tasks-538;#youthmappersufba","host":"https://tasks.openstreetmap.us/projects/538/map/","imagery_used":"Esri World Imagery;.gpx data file","locale":"pt-BR","review_requested":"yes"}},{"id":150285176,"created_at":"2024-04-21T02:22:49Z","open":false,"comments_count":0,"changes_count":29,"closed_at":"2024-04-21T02:22:50Z","min_lat":-12.9397553,"min_lon":-38.4534829,"max_lat":-12.9279864,"max_lon":-38.4384103,"uid":21328495,"user":"Adailton Barros","tags":{"changesets_count":"6","comment":"#osmus-tasks-538","created_by":"iD 2.21.1","hashtags":"#osmus-tasks-538;#youthmappersufba","host":"https://tasks.openstreetmap.us/projects/538/map/","imagery_used":"Esri World Imagery;.gpx data file;OpenStreetMap (Standard);Esri World Imagery (Clarity) Beta","locale":"pt-BR","review_requested":"yes"}},{"id":150284756,"created_at":"2024-04-21T01:36:22Z","open":false,"comments_count":0,"changes_count":214,"closed_at":"2024-04-21T01:36:24Z","min_lat":-12.9401345,"min_lon":-38.4534829,"max_lat":-12.9328854,"max_lon":-38.4381567,"uid":21328495,"user":"Adailton Barros","tags":{"changesets_count":"5","comment":"#osmus-tasks-538","created_by":"iD 2.21.1","hashtags":"#osmus-tasks-538;#youthmappersufba","host":"https://tasks.openstreetmap.us/projects/538/map/","imagery_used":"Esri World Imagery (Clarity) Beta;.gpx data file","locale":"pt-BR","review_requested":"yes"}},{"id":150282991,"created_at":"2024-04-20T23:02:47Z","open":false,"comments_count":0,"changes_count":129,"closed_at":"2024-04-20T23:02:49Z","min_lat":-12.9355042,"min_lon":-38.4417993,"max_lat":-12.9342059,"max_lon":-38.4395192,"uid":21328495,"user":"Adailton Barros","tags":{"changesets_count":"4","comment":"#osmus-tasks-538","created_by":"iD 2.21.1","hashtags":"#osmus-tasks-538","host":"https://tasks.openstreetmap.us/projects/538/map/","imagery_used":"Esri World Imagery;Esri World Imagery (Clarity) Beta;.gpx data file;Maxar Premium Imagery;OpenStreetMap (Standard)","locale":"pt-BR","review_requested":"yes","source":"aerial imagery;local knowledge"}},{"id":150279749,"created_at":"2024-04-20T20:26:52Z","open":false,"comments_count":0,"changes_count":8,"closed_at":"2024-04-20T20:26:53Z","min_lat":-12.9573507,"min_lon":-38.493647,"max_lat":-12.9564262,"max_lon":-38.4928772,"uid":21328495,"user":"Adailton Barros","tags":{"changesets_count":"3","comment":"Mapeamento Adjoba","created_by":"iD 2.28.1","host":"https://www.openstreetmap.org/edit","imagery_used":"Esri World Imagery (Clarity) Beta","locale":"pt-BR","source":"local knowledge"}},{"id":150276839,"created_at":"2024-04-20T18:55:03Z","open":false,"comments_count":0,"changes_count":1,"closed_at":"2024-04-20T18:55:04Z","min_lat":-12.9589036,"min_lon":-38.4885853,"max_lat":-12.9587457,"max_lon":-38.4885429,"uid":21328495,"user":"Adailton Barros","tags":{"changesets_count":"2","comment":"Ajuste da localização do ponto","created_by":"iD 2.28.1","host":"https://www.openstreetmap.org/edit","imagery_used":"Esri World Imagery (Clarity) Beta","locale":"pt-BR","source":"local knowledge"}},{"id":150267500,"created_at":"2024-04-20T15:05:02Z","open":false,"comments_count":0,"changes_count":21,"closed_at":"2024-04-20T15:05:03Z","min_lat":-12.9355084,"min_lon":-38.4413504,"max_lat":-12.9349718,"max_lon":-38.4409077,"uid":21328495,"user":"Adailton Barros","tags":{"changesets_count":"1","comment":"#osmus-tasks-538","created_by":"iD 2.21.1","hashtags":"#osmus-tasks-538;#youthmappersufba","host":"https://tasks.openstreetmap.us/projects/538/map/","imagery_used":"Esri World Imagery (Clarity) Beta;.gpx data file;Esri World Imagery","locale":"pt-BR","review_requested":"yes","source":"Imagens globais da Esri (Clareadas) Beta;Pesquisa no  Google Street View"}}]}
