{"version":"0.6","generator":"OpenStreetMap server","copyright":"OpenStreetMap and contributors","attribution":"http://www.openstreetmap.org/copyright","license":"http://opendatacommons.org/licenses/odbl/1-0/","changesets":[{"id":150267505,"created_at":"2024-04-20T15:05:09Z","open":false,"comments_count":0,"changes_count":5,"closed_at":"2024-04-20T15:05:10Z","min_lat":-12.9293469,"min_lon":-38.4385468,"max_lat":-12.9292473,"max_lon":-38.4384469,"uid":18342970,"user":"Lucas Valentim","tags":{"changesets_count":"3","comment":"#osmus-tasks-538","created_by":"iD 2.21.1","hashtags":"#osmus-tasks-538","host":"https://tasks.openstreetmap.us/projects/538/map/","imagery_used":"Bing Maps Aerial;.gpx data file","locale":"pt-BR","review_requested":"yes","source":"aerial imagery;local knowledge;survey;gps;streetlevel imagery;Pesquisa StreetView;Pesquisa OpenStreetMap;Pesquisa Google"}},{"id":150267299,"created_at":"2024-04-20T15:01:11Z","open":false,"comments_count":0,"changes_count":144,"closed_at":"2024-04-20T15:01:13Z","min_lat":-12.9305856,"min_lon":-38.4388806,"max_lat":-12.926854,"max_lon":-38.4366158,"uid":18342970,"user":"Lucas Valentim","tags":{"changesets_count":"2","comment":"#osmus-tasks-538","created_by":"iD 2.21.1","hashtags":"#osmus-tasks-538;#youthmappersufba","host":"https://tasks.openstreetmap.us/projects/538/map/","imagery_used":"Esri World Imagery;.gpx data file;Bing Maps Aerial","locale":"pt-BR","review_requested":"yes"}},{"id":150265547,"created_at":"2024-04-20T14:20:05Z","open":false,"comments_count":0,"changes_count":10,"closed_at":"2024-04-20T14:20:06Z","min_lat":-12.9301945,"min_lon":-38.438548,"max_lat":-12.9296912,"max_lon":-38.4383831,"uid":18342970,"user":"Lucas Valentim","tags":{"changesets_count":"1","comment":"#osmus-tasks-538","created_by":"iD 2.21.1","hashtags":"#osmus-tasks-538;#youthmappersufba","host":"https://tasks.openstreetmap.us/projects/538/map/","imagery_used":"Esri World Imagery;.gpx data file","locale":"pt-BR","review_requested":"yes"}}]}
