{"version":"0.6","generator":"OpenStreetMap server","copyright":"OpenStreetMap and contributors","attribution":"http://www.openstreetmap.org/copyright","license":"http://opendatacommons.org/licenses/odbl/1-0/","changesets":[{"id":148272849,"created_at":"2024-03-06T01:14:14Z","open":false,"comments_count":0,"changes_count":528,"closed_at":"2024-03-06T01:14:16Z","min_lat":-12.9221022,"min_lon":-38.4471065,"max_lat":-12.920372,"max_lon":-38.4453969,"uid":11539375,"user":"Tainá Couto","tags":{"changesets_count":"46","comment":"Os edifícios foram vetorizados usando a imagem ESRI (clareadas) Beta.","created_by":"iD 2.21.1","hashtags":"#youthmappersUFBA","host":"https://tasks.openstreetmap.us/projects/538/map/","imagery_used":"Esri World Imagery (Clarity) Beta;.gpx data file","locale":"pt-BR","review_requested":"yes"}},{"id":134877686,"created_at":"2023-04-13T20:10:39Z","open":false,"comments_count":0,"changes_count":8,"closed_at":"2023-04-13T20:10:39Z","min_lat":-13.006221,"min_lon":-38.5114404,"max_lat":-12.9983112,"max_lon":-38.507396,"uid":11539375,"user":"Tainá Couto","tags":{"changesets_count":"45","comment":"#GEOA17 - UFBA","created_by":"iD 2.25.1","hashtags":"#GEOA17","host":"https://www.openstreetmap.org/edit","imagery_used":"Maxar Premium Imagery","locale":"pt-BR","review_requested":"yes"}},{"id":134877352,"created_at":"2023-04-13T20:00:32Z","open":false,"comments_count":0,"changes_count":22,"closed_at":"2023-04-13T20:00:33Z","min_lat":-13.0079759,"min_lon":-38.5113609,"max_lat":-13.0026662,"max_lon":-38.5071853,"uid":11539375,"user":"Tainá Couto","tags":{"changesets_count":"44","comment":"#GEOA17 - UFBA","created_by":"iD 2.25.1","hashtags":"#GEOA17","host":"https://www.openstreetmap.org/edit","imagery_used":"Maxar Premium Imagery","locale":"pt-BR","review_requested":"yes"}},{"id":130952770,"created_at":"2023-01-06T15:38:23Z","open":false,"comments_count":0,"changes_count":6,"closed_at":"2023-01-06T15:38:27Z","min_lat":-4.0351048,"min_lon":39.6198461,"max_lat":-4.0350137,"max_lon":39.6200182,"uid":11539375,"user":"Tainá Couto","tags":{"changesets_count":"43","comment":"#youthmappersUFBA","created_by":"RapiD 1.1.9-tm.1","hashtags":"#youthmappersUFBA;#youthmapperssummit2023","host":"https://tasks.mapwith.ai/projects/109/map/","ideditor:walkthrough_progress":"startEditing","ideditor:walkthrough_started":"yes","imagery_used":"Bing Maps Aerial","locale":"pt-BR","review_requested":"yes"}},{"id":118398046,"created_at":"2022-03-12T13:25:01Z","open":false,"comments_count":0,"changes_count":8,"closed_at":"2022-03-12T13:25:02Z","min_lat":-17.8759037,"min_lon":-51.7140922,"max_lat":-17.8757673,"max_lon":-51.713946,"uid":11539375,"user":"Tainá Couto","tags":{"changesets_count":"42","comment":"#hotosm-project-12194 #youthmappers#DiarioCartografico #YouthMappersUFBA","created_by":"iD 2.20.2","hashtags":"#hotosm-project-12194;#youthmappers;#DiarioCartografico;#YouthMappersUFBA","host":"https://tasks.hotosm.org/projects/12194/map/","imagery_used":"Bing aerial imagery;.gpx data file","locale":"pt-BR","review_requested":"yes"}},{"id":118397945,"created_at":"2022-03-12T13:22:54Z","open":false,"comments_count":0,"changes_count":48,"closed_at":"2022-03-12T13:22:56Z","min_lat":-17.8761937,"min_lon":-51.7137716,"max_lat":-17.8757079,"max_lon":-51.7133598,"uid":11539375,"user":"Tainá Couto","tags":{"changesets_count":"41","comment":"#hotosm-project-12194 #youthmappers #DiarioCartografico #YouthMappersUFBA","created_by":"iD 2.20.2","hashtags":"#hotosm-project-12194;#youthmappers;#DiarioCartografico;#YouthMappersUFBA","host":"https://tasks.hotosm.org/projects/12194/map/","imagery_used":"Bing aerial imagery;.gpx data file","locale":"pt-BR","review_requested":"yes"}},{"id":114762173,"created_at":"2021-12-09T22:29:47Z","open":false,"comments_count":0,"changes_count":49,"closed_at":"2021-12-09T22:29:49Z","min_lat":-1.9553323,"min_lon":-54.7404914,"max_lat":-1.9541218,"max_lon":-54.7389865,"uid":11539375,"user":"Tainá Couto","tags":{"changesets_count":"40","comment":"#hotosm-project-10984 #YouthMappersGeoriazUfra #amazonfloods2021 #youthmappers #georiazufra #youthmappersufba","created_by":"iD 2.19.6","hashtags":"#hotosm-project-10984;#YouthMappersGeoriazUfra;#amazonfloods2021;#youthmappers;#georiazufra;#youthmappersufba","host":"https://tasks.hotosm.org/projects/10984/map/","imagery_used":"Maxar Standard Imagery (Beta);.gpx data file","locale":"pt-BR","review_requested":"yes"}},{"id":114759389,"created_at":"2021-12-09T20:46:03Z","open":false,"comments_count":0,"changes_count":64,"closed_at":"2021-12-09T20:46:04Z","min_lat":-1.9550652,"min_lon":-54.74476,"max_lat":-1.9538204,"max_lon":-54.743553,"uid":11539375,"user":"Tainá Couto","tags":{"changesets_count":"39","comment":"#hotosm-project-10984 #YouthMappersGeoriazUfra #amazonfloods2021 #youthmappers #georiazufra #youthmappersufba","created_by":"iD 2.19.6","hashtags":"#hotosm-project-10984;#YouthMappersGeoriazUfra;#amazonfloods2021;#youthmappers;#georiazufra;#youthmappersufba","host":"https://tasks.hotosm.org/projects/10984/map/","imagery_used":"Bing aerial imagery;.gpx data file","locale":"pt-BR","review_requested":"yes"}},{"id":114758089,"created_at":"2021-12-09T20:04:41Z","open":false,"comments_count":0,"changes_count":51,"closed_at":"2021-12-09T20:04:43Z","min_lat":-1.9424866,"min_lon":-54.7472353,"max_lat":-1.9416091,"max_lon":-54.7463994,"uid":11539375,"user":"Tainá Couto","tags":{"changesets_count":"38","comment":"#hotosm-project-10984 #YouthMappersGeoriazUfra #amazonfloods2021 #youthmappers #georiazufra #youthmappersufba","created_by":"iD 2.19.6","hashtags":"#hotosm-project-10984;#YouthMappersGeoriazUfra;#amazonfloods2021;#youthmappers;#georiazufra;#youthmappersufba","host":"https://tasks.hotosm.org/projects/10984/map/","imagery_used":"Maxar Standard Imagery (Beta);.gpx data file","locale":"pt-BR","review_requested":"yes"}},{"id":114757733,"created_at":"2021-12-09T19:52:49Z","open":false,"comments_count":0,"changes_count":44,"closed_at":"2021-12-09T19:52:51Z","min_lat":-1.9484643,"min_lon":-54.7509918,"max_lat":-1.9373806,"max_lon":-54.7352586,"uid":11539375,"user":"Tainá Couto","tags":{"changesets_count":"37","comment":"#hotosm-project-10984 #YouthMappersGeoriazUfra #amazonfloods2021 #youthmappers #georiazufra #youthmappersufba","created_by":"iD 2.19.6","hashtags":"#hotosm-project-10984;#YouthMappersGeoriazUfra;#amazonfloods2021;#youthmappers;#georiazufra;#youthmappersufba","host":"https://tasks.hotosm.org/projects/10984/map/","imagery_used":"Maxar Standard Imagery (Beta);.gpx data file","locale":"pt-BR","resolved:crossing_ways:highway-highway":"1","review_requested":"yes"}},{"id":114757531,"created_at":"2021-12-09T19:46:07Z","open":false,"comments_count":0,"changes_count":37,"closed_at":"2021-12-09T19:46:09Z","min_lat":-1.9496633,"min_lon":-54.735349,"max_lat":-1.9484457,"max_lon":-54.7339612,"uid":11539375,"user":"Tainá Couto","tags":{"changesets_count":"36","comment":"#hotosm-project-10984 #YouthMappersGeoriazUfra #amazonfloods2021 #youthmappers #georiazufra #youthmappersufba","created_by":"iD 2.19.6","hashtags":"#hotosm-project-10984;#YouthMappersGeoriazUfra;#amazonfloods2021;#youthmappers;#georiazufra;#youthmappersufba","host":"https://tasks.hotosm.org/projects/10984/map/","imagery_used":"Maxar Standard Imagery (Beta);.gpx data file","locale":"pt-BR","review_requested":"yes"}},{"id":111305233,"created_at":"2021-09-16T18:49:45Z","open":false,"comments_count":0,"changes_count":352,"closed_at":"2021-09-16T18:49:47Z","min_lat":-11.3593435,"min_lon":40.3648666,"max_lat":-11.3534661,"max_lon":40.3707397,"uid":11539375,"user":"Tainá Couto","tags":{"changesets_count":"35","comment":"#teachosm-project-1369 #mapealivreufpr #mapeadores-livres-ufpr #youthmappers #mapea_moçambique","created_by":"iD 2.19.6","hashtags":"#teachosm-project-1369;#mapealivreufpr;#mapeadores-livres-ufpr;#youthmappers;#mapea_moçambique;#youthmappersatufba","host":"https://tasks.teachosm.org/projects/1369/map/","ideditor:walkthrough_progress":"welcome;startEditing","ideditor:walkthrough_started":"yes","imagery_used":"Maxar Standard Imagery (Beta)","locale":"pt-BR"}},{"id":111304664,"created_at":"2021-09-16T18:32:36Z","open":false,"comments_count":0,"changes_count":140,"closed_at":"2021-09-16T18:32:37Z","min_lat":-11.3630534,"min_lon":40.3657906,"max_lat":-11.3519972,"max_lon":40.3695018,"uid":11539375,"user":"Tainá Couto","tags":{"changesets_count":"34","comment":"#teachosm-project-1369 #mapealivreufpr #mapeadores-livres-ufpr #youthmappers #mapea_moçambique","created_by":"iD 2.19.6","hashtags":"#teachosm-project-1369;#mapealivreufpr;#mapeadores-livres-ufpr;#youthmappers;#mapea_moçambique;#youthmappersatufba","host":"https://tasks.teachosm.org/projects/1369/map/","ideditor:walkthrough_progress":"welcome;startEditing","ideditor:walkthrough_started":"yes","imagery_used":"Maxar Standard Imagery (Beta)","locale":"pt-BR"}},{"id":111304359,"created_at":"2021-09-16T18:23:52Z","open":false,"comments_count":0,"changes_count":133,"closed_at":"2021-09-16T18:23:54Z","min_lat":-11.3636366,"min_lon":40.3612444,"max_lat":-11.3488892,"max_lon":40.3706404,"uid":11539375,"user":"Tainá Couto","tags":{"changesets_count":"33","comment":"#teachosm-project-1369 #mapealivreufpr #mapeadores-livres-ufpr #youthmappers #mapea_moçambique","created_by":"iD 2.19.6","hashtags":"#teachosm-project-1369;#mapealivreufpr;#mapeadores-livres-ufpr;#youthmappers;#mapea_moçambique;#youthmappersatufba","host":"https://tasks.teachosm.org/projects/1369/map/","ideditor:walkthrough_progress":"welcome;startEditing","ideditor:walkthrough_started":"yes","imagery_used":"Maxar Standard Imagery (Beta)","locale":"pt-BR"}},{"id":111303506,"created_at":"2021-09-16T17:59:13Z","open":false,"comments_count":0,"changes_count":139,"closed_at":"2021-09-16T17:59:15Z","min_lat":-11.3651454,"min_lon":40.3612444,"max_lat":-11.3488892,"max_lon":40.3676477,"uid":11539375,"user":"Tainá Couto","tags":{"changesets_count":"32","comment":"#teachosm-project-1369 #mapealivreufpr #mapeadores-livres-ufpr #youthmappers #mapea_moçambique","created_by":"iD 2.19.6","hashtags":"#teachosm-project-1369;#mapealivreufpr;#mapeadores-livres-ufpr;#youthmappers;#mapea_moçambique;#youthmappersatufba","host":"https://tasks.teachosm.org/projects/1369/map/","ideditor:walkthrough_progress":"welcome;startEditing","ideditor:walkthrough_started":"yes","imagery_used":"Maxar Standard Imagery (Beta)","locale":"pt-BR"}},{"id":111302972,"created_at":"2021-09-16T17:45:30Z","open":false,"comments_count":0,"changes_count":18,"closed_at":"2021-09-16T17:45:34Z","min_lat":-11.3638308,"min_lon":40.3655183,"max_lat":-11.3629416,"max_lon":40.3685638,"uid":11539375,"user":"Tainá Couto","tags":{"changesets_count":"31","comment":"#teachosm-project-1369 #mapealivreufpr #mapeadores-livres-ufpr #youthmappers #mapea_moçambique","created_by":"iD 2.19.6","hashtags":"#teachosm-project-1369;#mapealivreufpr;#mapeadores-livres-ufpr;#youthmappers;#mapea_moçambique;#youthmappersatufba","host":"https://tasks.teachosm.org/projects/1369/map/","ideditor:walkthrough_progress":"welcome;startEditing","ideditor:walkthrough_started":"yes","imagery_used":"Maxar Standard Imagery (Beta)","locale":"pt-BR"}},{"id":110362725,"created_at":"2021-08-28T00:43:52Z","open":false,"comments_count":0,"changes_count":127,"closed_at":"2021-08-28T00:43:53Z","min_lat":-21.1450234,"min_lon":-44.2809773,"max_lat":-21.1432841,"max_lon":-44.2777565,"uid":11539375,"user":"Tainá Couto","tags":{"changesets_count":"30","comment":"#hotosm-project-11258 #YouthMappers","created_by":"iD 2.19.6","hashtags":"#hotosm-project-11258;#YouthMappers;#YouthMappersatUFBA","host":"https://tasks.hotosm.org/projects/11258/map/","imagery_used":"Maxar Standard Imagery (Beta);.gpx data file","locale":"pt-BR"}},{"id":110362516,"created_at":"2021-08-28T00:20:43Z","open":false,"comments_count":0,"changes_count":25,"closed_at":"2021-08-28T00:20:44Z","min_lat":-21.1455269,"min_lon":-44.2650956,"max_lat":-21.1451694,"max_lon":-44.2638409,"uid":11539375,"user":"Tainá Couto","tags":{"changesets_count":"29","comment":"#hotosm-project-11258 #YouthMappers","created_by":"iD 2.19.6","hashtags":"#hotosm-project-11258;#YouthMappers;#YouthMappersatUFBA","host":"https://tasks.hotosm.org/projects/11258/map/","imagery_used":"Maxar Standard Imagery (Beta);.gpx data file","locale":"pt-BR"}},{"id":110362476,"created_at":"2021-08-28T00:17:06Z","open":false,"comments_count":0,"changes_count":27,"closed_at":"2021-08-28T00:17:07Z","min_lat":-21.1430663,"min_lon":-44.2721398,"max_lat":-21.1422484,"max_lon":-44.2713253,"uid":11539375,"user":"Tainá Couto","tags":{"changesets_count":"28","comment":"#hotosm-project-11258 #YouthMappers","created_by":"iD 2.19.6","hashtags":"#hotosm-project-11258;#YouthMappers;#YouthMappersatUFBA","host":"https://tasks.hotosm.org/projects/11258/map/","imagery_used":"Maxar Standard Imagery (Beta);.gpx data file","locale":"pt-BR"}},{"id":110362416,"created_at":"2021-08-28T00:11:10Z","open":false,"comments_count":0,"changes_count":26,"closed_at":"2021-08-28T00:11:11Z","min_lat":-21.1445994,"min_lon":-44.2743585,"max_lat":-21.144058,"max_lon":-44.2735379,"uid":11539375,"user":"Tainá Couto","tags":{"changesets_count":"27","comment":"#hotosm-project-11258 #YouthMappers","created_by":"iD 2.19.6","hashtags":"#hotosm-project-11258;#YouthMappers;#YouthMappersatUFBA","host":"https://tasks.hotosm.org/projects/11258/map/","imagery_used":"Maxar Standard Imagery (Beta);.gpx data file","locale":"pt-BR"}},{"id":110362363,"created_at":"2021-08-28T00:05:45Z","open":false,"comments_count":0,"changes_count":60,"closed_at":"2021-08-28T00:05:47Z","min_lat":-21.1444112,"min_lon":-44.2748792,"max_lat":-21.1435664,"max_lon":-44.2736426,"uid":11539375,"user":"Tainá Couto","tags":{"changesets_count":"26","comment":"#hotosm-project-11258 #YouthMappers","created_by":"iD 2.19.6","hashtags":"#hotosm-project-11258;#YouthMappers;#YouthMappersatUFBA","host":"https://tasks.hotosm.org/projects/11258/map/","imagery_used":"Maxar Standard Imagery (Beta);.gpx data file","locale":"pt-BR"}},{"id":110362143,"created_at":"2021-08-27T23:45:21Z","open":false,"comments_count":0,"changes_count":113,"closed_at":"2021-08-27T23:45:22Z","min_lat":-21.1463521,"min_lon":-44.27548,"max_lat":-21.1434693,"max_lon":-44.2732161,"uid":11539375,"user":"Tainá Couto","tags":{"changesets_count":"25","comment":"#hotosm-project-11258 #YouthMappers","created_by":"iD 2.19.6","hashtags":"#hotosm-project-11258;#YouthMappers;#YouthMappersatUFBA","host":"https://tasks.hotosm.org/projects/11258/map/","imagery_used":"Maxar Standard Imagery (Beta);.gpx data file","locale":"pt-BR"}},{"id":110362016,"created_at":"2021-08-27T23:35:02Z","open":false,"comments_count":0,"changes_count":29,"closed_at":"2021-08-27T23:35:03Z","min_lat":-21.144379,"min_lon":-44.2749144,"max_lat":-21.1434693,"max_lon":-44.2735396,"uid":11539375,"user":"Tainá Couto","tags":{"changesets_count":"24","comment":"#hotosm-project-11258 #YouthMappers","created_by":"iD 2.19.6","hashtags":"#hotosm-project-11258;#YouthMappers;#YouthMappersatUFBA","host":"https://tasks.hotosm.org/projects/11258/map/","imagery_used":"Bing aerial imagery;.gpx data file;Maxar Standard Imagery (Beta)","locale":"pt-BR"}},{"id":110361450,"created_at":"2021-08-27T22:58:23Z","open":false,"comments_count":0,"changes_count":28,"closed_at":"2021-08-27T22:58:25Z","min_lat":-21.1445262,"min_lon":-44.2743673,"max_lat":-21.1435719,"max_lon":-44.2737081,"uid":11539375,"user":"Tainá Couto","tags":{"changesets_count":"23","comment":"#hotosm-project-11258 #YouthMappers","created_by":"iD 2.19.6","hashtags":"#hotosm-project-11258;#YouthMappers","host":"https://tasks.hotosm.org/projects/11258/map/","imagery_used":"Bing aerial imagery;.gpx data file","locale":"pt-BR"}},{"id":100547298,"created_at":"2021-03-06T17:49:54Z","open":false,"comments_count":0,"changes_count":9,"closed_at":"2021-03-06T17:49:55Z","min_lat":-12.8903673,"min_lon":-38.4737974,"max_lat":-12.890275,"max_lon":-38.4737007,"uid":11539375,"user":"Tainá Couto","tags":{"changesets_count":"22","comment":"#hotosm-project-10486 #YouthmappersUFBA #YouthMappers","created_by":"iD 2.19.6","hashtags":"#hotosm-project-10486;#YouthmappersUFBA;#YouthMappers","host":"https://tasks.hotosm.org/projects/10486/map/","imagery_used":"Esri World Imagery (Clarity) Beta;.gpx data file","locale":"pt-BR"}},{"id":100547230,"created_at":"2021-03-06T17:48:04Z","open":false,"comments_count":0,"changes_count":84,"closed_at":"2021-03-06T17:48:07Z","min_lat":-12.8908519,"min_lon":-38.4740823,"max_lat":-12.8900925,"max_lon":-38.4734163,"uid":11539375,"user":"Tainá Couto","tags":{"changesets_count":"21","comment":"#hotosm-project-10486 #YouthmappersUFBA #YouthMappers","created_by":"iD 2.19.6","hashtags":"#hotosm-project-10486;#YouthmappersUFBA;#YouthMappers","host":"https://tasks.hotosm.org/projects/10486/map/","imagery_used":"Esri World Imagery (Clarity) Beta;.gpx data file","locale":"pt-BR"}},{"id":93342531,"created_at":"2020-10-31T15:47:12Z","open":false,"comments_count":0,"changes_count":68,"closed_at":"2020-10-31T15:47:13Z","min_lat":-12.9757615,"min_lon":-38.467539,"max_lat":-12.973612,"max_lon":-38.4645713,"uid":11539375,"user":"Tainá Couto","tags":{"changesets_count":"20","comment":"#youthmappersUFBA","created_by":"iD 2.19.2","hashtags":"#youthmappersUFBA","host":"https://www.openstreetmap.org/edit","ideditor:walkthrough_progress":"welcome","ideditor:walkthrough_started":"yes","imagery_used":"Esri World Imagery (Clarity) Beta","locale":"pt-BR"}},{"id":93338572,"created_at":"2020-10-31T13:40:40Z","open":false,"comments_count":0,"changes_count":35,"closed_at":"2020-10-31T13:40:41Z","min_lat":-12.9756868,"min_lon":-38.4673248,"max_lat":-12.9730465,"max_lon":-38.4646973,"uid":11539375,"user":"Tainá Couto","tags":{"changesets_count":"19","comment":"#youthmappersUFBA","created_by":"iD 2.19.2","hashtags":"#youthmappersUFBA","host":"https://www.openstreetmap.org/edit","ideditor:walkthrough_progress":"welcome","ideditor:walkthrough_started":"yes","imagery_used":"Esri World Imagery (Clarity) Beta","locale":"pt-BR","warnings:crossing_ways:highway-highway":"3"}},{"id":93337566,"created_at":"2020-10-31T13:07:03Z","open":false,"comments_count":0,"changes_count":5,"closed_at":"2020-10-31T13:07:06Z","min_lat":-12.9756867,"min_lon":-38.4669054,"max_lat":-12.9755677,"max_lon":-38.4668027,"uid":11539375,"user":"Tainá Couto","tags":{"changesets_count":"18","comment":"#youthmappersUFBA","created_by":"iD 2.19.2","hashtags":"#youthmappersUFBA","host":"https://www.openstreetmap.org/edit","ideditor:walkthrough_progress":"welcome","ideditor:walkthrough_started":"yes","imagery_used":"Esri World Imagery (Clarity) Beta","locale":"pt-BR"}},{"id":91462472,"created_at":"2020-09-24T19:04:50Z","open":false,"comments_count":0,"changes_count":9,"closed_at":"2020-09-24T19:04:54Z","min_lat":-12.883946,"min_lon":-38.4780105,"max_lat":-12.8837927,"max_lon":-38.4778806,"uid":11539375,"user":"Tainá Couto","tags":{"changesets_count":"17","comment":"#youthmappersUFBA","created_by":"iD 2.18.5","hashtags":"#youthmappersUFBA","host":"https://www.openstreetmap.org/edit","imagery_used":"Bing;EsriWorldImageryClarity","locale":"pt-BR"}},{"id":89710209,"created_at":"2020-08-20T20:11:55Z","open":false,"comments_count":0,"changes_count":56,"closed_at":"2020-08-20T20:12:02Z","min_lat":18.3729755,"min_lon":-77.8240568,"max_lat":18.374491,"max_lon":-77.820832,"uid":11539375,"user":"Tainá Couto","tags":{"changesets_count":"16","comment":"#hotosm-project-8990 #covid19 #COVJam #HOT10YRS","created_by":"iD 2.18.4","hashtags":"#hotosm-project-8990;#covid19;#COVJam;#HOT10YRS","host":"https://tasks.hotosm.org/projects/8990/map/","imagery_used":"Bing;.gpx data file","locale":"pt-BR"}},{"id":89375688,"created_at":"2020-08-13T21:12:48Z","open":false,"comments_count":0,"changes_count":6,"closed_at":"2020-08-13T21:12:59Z","min_lat":-12.9773622,"min_lon":-38.4715526,"max_lat":-12.9772861,"max_lon":-38.4714912,"uid":11539375,"user":"Tainá Couto","tags":{"changesets_count":"15","comment":"#youthmappersUFBA","created_by":"iD 2.18.4","hashtags":"#youthmappersUFBA","host":"https://www.openstreetmap.org/edit","ideditor:walkthrough_progress":"welcome","ideditor:walkthrough_started":"yes","imagery_used":"EsriWorldImageryClarity","locale":"pt-BR"}},{"id":89325722,"created_at":"2020-08-13T00:19:24Z","open":false,"comments_count":0,"changes_count":1,"closed_at":"2020-08-13T00:19:25Z","min_lat":-12.9783207,"min_lon":-38.4653647,"max_lat":-12.9782328,"max_lon":-38.4653523,"uid":11539375,"user":"Tainá Couto","tags":{"changesets_count":"14","comment":"#youthmappersUFBA","created_by":"iD 2.18.4","hashtags":"#youthmappersUFBA","host":"https://www.openstreetmap.org/edit","ideditor:walkthrough_progress":"welcome","ideditor:walkthrough_started":"yes","imagery_used":"EsriWorldImagery","locale":"pt-BR"}},{"id":89325398,"created_at":"2020-08-12T23:48:04Z","open":false,"comments_count":0,"changes_count":1,"closed_at":"2020-08-12T23:48:05Z","min_lat":-12.9783207,"min_lon":-38.4653647,"max_lat":-12.9783207,"max_lon":-38.4653647,"uid":11539375,"user":"Tainá Couto","tags":{"changesets_count":"13","comment":"#youthmappersUFBA","created_by":"iD 2.18.4","hashtags":"#youthmappersUFBA","host":"https://www.openstreetmap.org/edit","ideditor:walkthrough_progress":"welcome","ideditor:walkthrough_started":"yes","imagery_used":"EsriWorldImagery","locale":"pt-BR"}},{"id":89325123,"created_at":"2020-08-12T23:26:07Z","open":false,"comments_count":0,"changes_count":9,"closed_at":"2020-08-12T23:26:08Z","min_lat":-12.9760194,"min_lon":-38.4720909,"max_lat":-12.9739364,"max_lon":-38.4710161,"uid":11539375,"user":"Tainá Couto","tags":{"changesets_count":"12","comment":"#youthmappersUFBA","created_by":"iD 2.18.4","hashtags":"#youthmappersUFBA","host":"https://www.openstreetmap.org/edit","ideditor:walkthrough_progress":"welcome","ideditor:walkthrough_started":"yes","imagery_used":"EsriWorldImagery","locale":"pt-BR"}},{"id":89323468,"created_at":"2020-08-12T21:45:09Z","open":false,"comments_count":0,"changes_count":20,"closed_at":"2020-08-12T21:45:12Z","min_lat":-12.9785722,"min_lon":-38.471445,"max_lat":-12.9695343,"max_lon":-38.4609274,"uid":11539375,"user":"Tainá Couto","tags":{"changesets_count":"11","comment":"#youthmappersUFBA","created_by":"iD 2.18.4","hashtags":"#youthmappersUFBA","host":"https://www.openstreetmap.org/edit","ideditor:walkthrough_progress":"welcome","ideditor:walkthrough_started":"yes","imagery_used":"EsriWorldImagery","locale":"pt-BR"}},{"id":88750094,"created_at":"2020-07-30T19:48:16Z","open":false,"comments_count":0,"changes_count":53,"closed_at":"2020-07-30T19:48:17Z","min_lat":-12.9255566,"min_lon":-38.5015213,"max_lat":-12.9244778,"max_lon":-38.5010239,"uid":11539375,"user":"Tainá Couto","tags":{"changesets_count":"10","comment":"#hotosm-project-8789  #GeoCombateCOVID19BA","created_by":"iD 2.18.3","hashtags":"#hotosm-project-8789;#GeoCombateCOVID19BA","host":"https://tasks.hotosm.org/projects/8789/map/","imagery_used":"EsriWorldImagery;.gpx data file;EsriWorldImageryClarity","locale":"pt-BR"}},{"id":88749608,"created_at":"2020-07-30T19:31:19Z","open":false,"comments_count":0,"changes_count":64,"closed_at":"2020-07-30T19:31:20Z","min_lat":-12.9255942,"min_lon":-38.5017221,"max_lat":-12.9244713,"max_lon":-38.5003336,"uid":11539375,"user":"Tainá Couto","tags":{"changesets_count":"9","comment":"#hotosm-project-8789  #GeoCombateCOVID19BA","created_by":"iD 2.18.3","hashtags":"#hotosm-project-8789;#GeoCombateCOVID19BA","host":"https://tasks.hotosm.org/projects/8789/map/","imagery_used":"EsriWorldImagery;.gpx data file","locale":"pt-BR","resolved:crossing_ways:building-building":"1"}},{"id":88749182,"created_at":"2020-07-30T19:18:29Z","open":false,"comments_count":0,"changes_count":63,"closed_at":"2020-07-30T19:18:33Z","min_lat":-12.9253984,"min_lon":-38.501276,"max_lat":-12.9245422,"max_lon":-38.5004178,"uid":11539375,"user":"Tainá Couto","tags":{"changesets_count":"8","comment":"#hotosm-project-8789  #GeoCombateCOVID19BA","created_by":"iD 2.18.3","hashtags":"#hotosm-project-8789;#GeoCombateCOVID19BA","host":"https://tasks.hotosm.org/projects/8789/map/","imagery_used":"EsriWorldImagery;.gpx data file","locale":"pt-BR"}},{"id":88646493,"created_at":"2020-07-29T02:24:37Z","open":false,"comments_count":0,"changes_count":118,"closed_at":"2020-07-29T02:24:41Z","min_lat":-12.9149377,"min_lon":-38.4974259,"max_lat":-12.913551,"max_lon":-38.4960658,"uid":11539375,"user":"Tainá Couto","tags":{"changesets_count":"7","comment":"#hotosm-project-8789  #GeoCombateCOVID19BA","created_by":"iD 2.18.3","hashtags":"#hotosm-project-8789;#GeoCombateCOVID19BA","host":"https://tasks.hotosm.org/projects/8789/map/","imagery_used":"EsriWorldImageryClarity;.gpx data file","locale":"pt-BR"}},{"id":88432141,"created_at":"2020-07-24T03:32:50Z","open":false,"comments_count":0,"changes_count":291,"closed_at":"2020-07-24T03:32:51Z","min_lat":-12.9149988,"min_lon":-38.4685445,"max_lat":-12.9135314,"max_lon":-38.4671371,"uid":11539375,"user":"Tainá Couto","tags":{"changesets_count":"6","comment":"#hotosm-project-8788 #GeoCombateCOVID19BA","created_by":"iD 2.17.3","hashtags":"#hotosm-project-8788;#GeoCombateCOVID19BA","host":"https://tasks.hotosm.org/projects/8788/map/","imagery_used":"EsriWorldImageryClarity;.gpx data file","locale":"pt-BR"}},{"id":88430229,"created_at":"2020-07-24T02:04:16Z","open":false,"comments_count":0,"changes_count":88,"closed_at":"2020-07-24T02:04:17Z","min_lat":-12.9144637,"min_lon":-38.4685027,"max_lat":-12.9135601,"max_lon":-38.4671952,"uid":11539375,"user":"Tainá Couto","tags":{"changesets_count":"5","comment":"#hotosm-project-8788 #GeoCombateCOVID19BA","created_by":"iD 2.17.3","hashtags":"#hotosm-project-8788;#GeoCombateCOVID19BA","host":"https://tasks.hotosm.org/projects/8788/map/","imagery_used":"EsriWorldImageryClarity;.gpx data file","locale":"pt-BR"}},{"id":88429995,"created_at":"2020-07-24T01:50:08Z","open":false,"comments_count":0,"changes_count":60,"closed_at":"2020-07-24T01:50:08Z","min_lat":-12.9148274,"min_lon":-38.4680774,"max_lat":-12.9135601,"max_lon":-38.4675356,"uid":11539375,"user":"Tainá Couto","tags":{"changesets_count":"4","comment":"#hotosm-project-8788 #GeoCombateCOVID19BA","created_by":"iD 2.17.3","hashtags":"#hotosm-project-8788;#GeoCombateCOVID19BA","host":"https://tasks.hotosm.org/projects/8788/map/","imagery_used":"EsriWorldImageryClarity;.gpx data file","locale":"pt-BR"}},{"id":88429820,"created_at":"2020-07-24T01:36:02Z","open":false,"comments_count":0,"changes_count":75,"closed_at":"2020-07-24T01:36:03Z","min_lat":-12.9148163,"min_lon":-38.4681109,"max_lat":-12.9137582,"max_lon":-38.4673332,"uid":11539375,"user":"Tainá Couto","tags":{"changesets_count":"3","comment":"#hotosm-project-8788 #GeoCombateCOVID19BA","created_by":"iD 2.17.3","hashtags":"#hotosm-project-8788;#GeoCombateCOVID19BA","host":"https://tasks.hotosm.org/projects/8788/map/","imagery_used":"EsriWorldImageryClarity;.gpx data file","locale":"pt-BR"}},{"id":88428752,"created_at":"2020-07-24T00:05:18Z","open":false,"comments_count":0,"changes_count":24,"closed_at":"2020-07-24T00:05:19Z","min_lat":-12.9145704,"min_lon":-38.4685187,"max_lat":-12.9142289,"max_lon":-38.4676017,"uid":11539375,"user":"Tainá Couto","tags":{"changesets_count":"2","comment":"#hotosm-project-8788 #GeoCombateCOVID19BA","created_by":"iD 2.17.3","hashtags":"#hotosm-project-8788;#GeoCombateCOVID19BA","host":"https://tasks.hotosm.org/projects/8788/map/","imagery_used":"EsriWorldImageryClarity;.gpx data file","locale":"pt-BR"}},{"id":88428468,"created_at":"2020-07-23T23:44:14Z","open":false,"comments_count":0,"changes_count":40,"closed_at":"2020-07-23T23:44:17Z","min_lat":-12.9144323,"min_lon":-38.4683011,"max_lat":-12.9138303,"max_lon":-38.4681362,"uid":11539375,"user":"Tainá Couto","tags":{"changesets_count":"1","comment":"#hotosm-project-8788 #GeoCombateCOVID19BA","created_by":"iD 2.17.3","hashtags":"#hotosm-project-8788;#GeoCombateCOVID19BA","host":"https://tasks.hotosm.org/projects/8788/map/","imagery_used":"EsriWorldImageryClarity;.gpx data file","locale":"pt-BR"}}]}
