{"version":"0.6","generator":"OpenStreetMap server","copyright":"OpenStreetMap and contributors","attribution":"http://www.openstreetmap.org/copyright","license":"http://opendatacommons.org/licenses/odbl/1-0/","changesets":[{"id":150267317,"created_at":"2024-04-20T15:01:34Z","open":false,"comments_count":0,"changes_count":180,"closed_at":"2024-04-20T15:01:35Z","min_lat":-12.9180031,"min_lon":-38.4481954,"max_lat":-12.9168768,"max_lon":-38.4470858,"uid":18903503,"user":"Nivea Pinheiro","tags":{"changesets_count":"1","comment":"#osmus-tasks-538","created_by":"iD 2.21.1","hashtags":"#osmus-tasks-538","host":"https://tasks.openstreetmap.us/projects/538/map/","imagery_used":"Bing Maps Aerial;.gpx data file;Esri World Imagery (Clarity) Beta","locale":"pt-BR","review_requested":"yes","warnings:crossing_ways:building-highway":"1"}}]}
