{"version":"0.6","generator":"OpenStreetMap server","copyright":"OpenStreetMap and contributors","attribution":"http://www.openstreetmap.org/copyright","license":"http://opendatacommons.org/licenses/odbl/1-0/","changesets":[{"id":150981483,"created_at":"2024-05-06T20:06:58Z","open":false,"comments_count":0,"changes_count":11,"closed_at":"2024-05-06T20:06:59Z","min_lat":-29.6301592,"min_lon":-52.8038901,"max_lat":-29.6284069,"max_lon":-52.8001767,"uid":21154491,"user":"ruanamile","tags":{"changesets_count":"11","comment":"#hotosm-project-16696","created_by":"Rapid 2.2.5","hashtags":"#hotosm-project-16696","host":"https://rapideditor.org/rapid","imagery_used":"Bing Maps Aerial","locale":"pt-BR","source":"aerial imagery","warnings:disconnected_way:highway":"1"}},{"id":150979788,"created_at":"2024-05-06T19:13:40Z","open":false,"comments_count":0,"changes_count":50,"closed_at":"2024-05-06T19:13:41Z","min_lat":-29.6351661,"min_lon":-52.7835144,"max_lat":-29.6286133,"max_lon":-52.7785591,"uid":21154491,"user":"ruanamile","tags":{"changesets_count":"10","comment":"#hotosm-project-16696","created_by":"Rapid 2.2.5","hashtags":"#hotosm-project-16696","host":"https://rapideditor.org/rapid","imagery_used":"Bing Maps Aerial","locale":"pt-BR","source":"aerial imagery","warnings:disconnected_way:highway":"3"}},{"id":150978857,"created_at":"2024-05-06T18:43:59Z","open":false,"comments_count":0,"changes_count":21,"closed_at":"2024-05-06T18:44:00Z","min_lat":-29.6324445,"min_lon":-52.7877838,"max_lat":-29.6261683,"max_lon":-52.7664039,"uid":21154491,"user":"ruanamile","tags":{"changesets_count":"9","comment":"#hotosm-project-16696","created_by":"Rapid 2.2.5","hashtags":"#hotosm-project-16696","host":"https://rapideditor.org/rapid","imagery_used":"Bing Maps Aerial","locale":"pt-BR","source":"aerial imagery"}},{"id":150978716,"created_at":"2024-05-06T18:39:48Z","open":false,"comments_count":0,"changes_count":15,"closed_at":"2024-05-06T18:39:49Z","min_lat":-29.6324445,"min_lon":-52.7869232,"max_lat":-29.6295281,"max_lon":-52.7840247,"uid":21154491,"user":"ruanamile","tags":{"changesets_count":"8","comment":"#hotosm-project-16696","created_by":"Rapid 2.2.5","hashtags":"#hotosm-project-16696","host":"https://rapideditor.org/rapid","imagery_used":"Bing Maps Aerial","locale":"pt-BR","source":"aerial imagery","warnings:disconnected_way:highway":"1"}},{"id":150974806,"created_at":"2024-05-06T16:57:44Z","open":false,"comments_count":0,"changes_count":7,"closed_at":"2024-05-06T16:57:45Z","min_lat":-29.6321071,"min_lon":-52.7891618,"max_lat":-29.6316487,"max_lon":-52.7877658,"uid":21154491,"user":"ruanamile","tags":{"changesets_count":"7","comment":"#hotosm-project-16696","created_by":"Rapid 2.2.5","hashtags":"#hotosm-project-16696","host":"https://rapideditor.org/rapid","imagery_used":"Bing Maps Aerial","locale":"pt-BR","review_requested":"yes","source":"aerial imagery"}},{"id":150974683,"created_at":"2024-05-06T16:54:42Z","open":false,"comments_count":0,"changes_count":16,"closed_at":"2024-05-06T16:54:43Z","min_lat":-29.6288563,"min_lon":-52.7865777,"max_lat":-29.6277332,"max_lon":-52.7860808,"uid":21154491,"user":"ruanamile","tags":{"changesets_count":"6","comment":"#hotosm-project-16696","created_by":"Rapid 2.2.5","hashtags":"#hotosm-project-16696","host":"https://rapideditor.org/rapid","imagery_used":"Bing Maps Aerial","locale":"pt-BR","review_requested":"yes","source":"aerial imagery"}},{"id":150974567,"created_at":"2024-05-06T16:51:52Z","open":false,"comments_count":0,"changes_count":8,"closed_at":"2024-05-06T16:51:53Z","min_lat":-29.6316487,"min_lon":-52.7877838,"max_lat":-29.6261683,"max_lon":-52.7664039,"uid":21154491,"user":"ruanamile","tags":{"changesets_count":"5","comment":"#hotosm-project-16696","created_by":"Rapid 2.2.5","hashtags":"#hotosm-project-16696","host":"https://rapideditor.org/rapid","imagery_used":"Bing Maps Aerial","locale":"pt-BR","review_requested":"yes","source":"aerial imagery"}},{"id":150974502,"created_at":"2024-05-06T16:49:58Z","open":false,"comments_count":0,"changes_count":6,"closed_at":"2024-05-06T16:49:59Z","min_lat":-29.6396598,"min_lon":-52.7985427,"max_lat":-29.6390425,"max_lon":-52.7980458,"uid":21154491,"user":"ruanamile","tags":{"changesets_count":"4","comment":"#hotosm-project-16696","created_by":"Rapid 2.2.5","hashtags":"#hotosm-project-16696","host":"https://rapideditor.org/rapid","imagery_used":"Bing Maps Aerial","locale":"pt-BR","review_requested":"yes","source":"aerial imagery","warnings:disconnected_way:highway":"1"}},{"id":150974335,"created_at":"2024-05-06T16:45:20Z","open":false,"comments_count":0,"changes_count":58,"closed_at":"2024-05-06T16:45:21Z","min_lat":-29.6408912,"min_lon":-52.803267,"max_lat":-29.6356586,"max_lon":-52.7954267,"uid":21154491,"user":"ruanamile","tags":{"changesets_count":"3","comment":"#hotosm-project-16696","created_by":"Rapid 2.2.5","hashtags":"#hotosm-project-16696","host":"https://rapideditor.org/rapid","imagery_used":"Bing Maps Aerial","locale":"pt-BR","source":"aerial imagery","warnings:disconnected_way:highway":"1"}},{"id":150973998,"created_at":"2024-05-06T16:37:24Z","open":false,"comments_count":0,"changes_count":20,"closed_at":"2024-05-06T16:37:25Z","min_lat":-29.6528255,"min_lon":-52.8076759,"max_lat":-29.6141729,"max_lon":-52.7960473,"uid":21154491,"user":"ruanamile","tags":{"changesets_count":"2","comment":"#hotosm-project-16696","created_by":"Rapid 2.2.5","hashtags":"#hotosm-project-16696","host":"https://rapideditor.org/rapid","imagery_used":"Bing Maps Aerial","locale":"pt-BR","source":"aerial imagery"}},{"id":150973906,"created_at":"2024-05-06T16:35:18Z","open":false,"comments_count":0,"changes_count":3,"closed_at":"2024-05-06T16:35:19Z","min_lat":-29.6502511,"min_lon":-52.7892443,"max_lat":-29.6496059,"max_lon":-52.7875575,"uid":21154491,"user":"ruanamile","tags":{"changesets_count":"1","comment":"#hotosm-project-16696","created_by":"Rapid 2.2.5","hashtags":"#hotosm-project-16696","host":"https://rapideditor.org/rapid","imagery_used":"Bing Maps Aerial","locale":"pt-BR","source":"aerial imagery"}}]}
