[{"version":0.6,"generator":"Overpass API 0.7.62.1 084b4234","osm3s.timestamp_osm_base":"2024-05-22T02:51:14Z","osm3s.copyright":"The data included in this document is from www.openstreetmap.org. The data is made available under ODbL.","elements.type":"way","elements.id":1280394842,"elements.timestamp":"2024-05-06T23:08:39Z","elements.version":2,"elements.changeset":150985734,"elements.user":"Igor_Santana","elements.uid":17355350,"elements.nodes":[11884207399,11885130127,11885130126,11885130125,11885130104,11885130105,11885130106,11885130107,11885130108,11885130109,11885130110,11885130111,11884220730],"elements.tags":{"highway":"track","source":"maxar"}}]
