[{"version":0.6,"generator":"Overpass API 0.7.62.1 084b4234","osm3s.timestamp_osm_base":"2024-05-22T02:55:15Z","osm3s.copyright":"The data included in this document is from www.openstreetmap.org. The data is made available under ODbL.","elements.type":"node","elements.id":11306184547,"elements.lat":-12.9913,"elements.lon":-38.4455,"elements.timestamp":"2023-11-01T22:38:16Z","elements.version":1,"elements.changeset":143500385,"elements.user":"Patricia UFBA","elements.uid":604538,"elements.tags":{"amenity":"waste_disposal"}}]
