[{"version":0.6,"generator":"Overpass API 0.7.62.1 084b4234","osm3s.timestamp_osm_base":"2024-05-22T02:52:13Z","osm3s.copyright":"The data included in this document is from www.openstreetmap.org. The data is made available under ODbL.","elements.type":"way","elements.id":839128717,"elements.timestamp":"2020-08-20T20:12:19Z","elements.version":1,"elements.changeset":89710225,"elements.user":"Marbrisareis","elements.uid":10174407,"elements.nodes":[7830535886,7830535887,7830535888,7830535889,7830535890,7830535891,7830535886],"elements.tags":{"building":"yes"}}]
