[{"version":0.6,"generator":"Overpass API 0.7.62.1 084b4234","osm3s.timestamp_osm_base":"2024-05-22T02:50:09Z","osm3s.copyright":"The data included in this document is from www.openstreetmap.org. The data is made available under ODbL.","elements.type":"node","elements.id":11817539720,"elements.lat":-12.9143,"elements.lon":-38.4414,"elements.timestamp":"2024-04-15T00:46:12Z","elements.version":1,"elements.changeset":150014179,"elements.user":"abne dias","elements.uid":21184792,"elements.nodes":{},"elements.tags":{}},{"version":0.6,"generator":"Overpass API 0.7.62.1 084b4234","osm3s.timestamp_osm_base":"2024-05-22T02:50:09Z","osm3s.copyright":"The data included in this document is from www.openstreetmap.org. The data is made available under ODbL.","elements.type":"node","elements.id":11817539721,"elements.lat":-12.9144,"elements.lon":-38.4414,"elements.timestamp":"2024-04-15T00:46:12Z","elements.version":1,"elements.changeset":150014179,"elements.user":"abne dias","elements.uid":21184792,"elements.nodes":{},"elements.tags":{}},{"version":0.6,"generator":"Overpass API 0.7.62.1 084b4234","osm3s.timestamp_osm_base":"2024-05-22T02:50:09Z","osm3s.copyright":"The data included in this document is from www.openstreetmap.org. The data is made available under ODbL.","elements.type":"node","elements.id":11817539722,"elements.lat":-12.9144,"elements.lon":-38.4413,"elements.timestamp":"2024-04-15T00:46:12Z","elements.version":1,"elements.changeset":150014179,"elements.user":"abne dias","elements.uid":21184792,"elements.nodes":{},"elements.tags":{}},{"version":0.6,"generator":"Overpass API 0.7.62.1 084b4234","osm3s.timestamp_osm_base":"2024-05-22T02:50:09Z","osm3s.copyright":"The data included in this document is from www.openstreetmap.org. The data is made available under ODbL.","elements.type":"node","elements.id":11817539723,"elements.lat":-12.9142,"elements.lon":-38.4414,"elements.timestamp":"2024-04-15T00:46:12Z","elements.version":1,"elements.changeset":150014179,"elements.user":"abne dias","elements.uid":21184792,"elements.nodes":{},"elements.tags":{}},{"version":0.6,"generator":"Overpass API 0.7.62.1 084b4234","osm3s.timestamp_osm_base":"2024-05-22T02:50:09Z","osm3s.copyright":"The data included in this document is from www.openstreetmap.org. The data is made available under ODbL.","elements.type":"way","elements.id":1272629442,"elements.timestamp":"2024-04-15T00:46:12Z","elements.version":1,"elements.changeset":150014179,"elements.user":"abne dias","elements.uid":21184792,"elements.nodes":[11817539720,11817539721,11817539722,11817539723,11817539720],"elements.tags":{"addr:city":"salvador","addr:postcode":"41245-035","addr:street":"Rua cremilda de souza","addr:suburb":"pau da lima","building":"yes"}}]
