[{"version":0.6,"generator":"Overpass API 0.7.62.1 084b4234","osm3s.timestamp_osm_base":"2024-05-22T02:55:15Z","osm3s.copyright":"The data included in this document is from www.openstreetmap.org. The data is made available under ODbL.","elements.type":"node","elements.id":10278840183,"elements.lat":-12.9972,"elements.lon":-38.5026,"elements.timestamp":"2022-12-21T20:46:54Z","elements.version":1,"elements.changeset":130348093,"elements.user":"Patricia UFBA","elements.uid":604538,"elements.tags":{},"elements.nodes":{}},{"version":0.6,"generator":"Overpass API 0.7.62.1 084b4234","osm3s.timestamp_osm_base":"2024-05-22T02:55:15Z","osm3s.copyright":"The data included in this document is from www.openstreetmap.org. The data is made available under ODbL.","elements.type":"node","elements.id":10278840195,"elements.lat":-12.9971,"elements.lon":-38.5023,"elements.timestamp":"2022-12-21T20:46:54Z","elements.version":1,"elements.changeset":130348093,"elements.user":"Patricia UFBA","elements.uid":604538,"elements.tags":{},"elements.nodes":{}},{"version":0.6,"generator":"Overpass API 0.7.62.1 084b4234","osm3s.timestamp_osm_base":"2024-05-22T02:55:15Z","osm3s.copyright":"The data included in this document is from www.openstreetmap.org. The data is made available under ODbL.","elements.type":"node","elements.id":10278840196,"elements.lat":-12.997,"elements.lon":-38.5023,"elements.timestamp":"2022-12-21T20:46:54Z","elements.version":1,"elements.changeset":130348093,"elements.user":"Patricia UFBA","elements.uid":604538,"elements.tags":{},"elements.nodes":{}},{"version":0.6,"generator":"Overpass API 0.7.62.1 084b4234","osm3s.timestamp_osm_base":"2024-05-22T02:55:15Z","osm3s.copyright":"The data included in this document is from www.openstreetmap.org. The data is made available under ODbL.","elements.type":"node","elements.id":10278840197,"elements.lat":-12.997,"elements.lon":-38.5022,"elements.timestamp":"2022-12-21T20:46:54Z","elements.version":1,"elements.changeset":130348093,"elements.user":"Patricia UFBA","elements.uid":604538,"elements.tags":{},"elements.nodes":{}},{"version":0.6,"generator":"Overpass API 0.7.62.1 084b4234","osm3s.timestamp_osm_base":"2024-05-22T02:55:15Z","osm3s.copyright":"The data included in this document is from www.openstreetmap.org. The data is made available under ODbL.","elements.type":"node","elements.id":10278840198,"elements.lat":-12.9973,"elements.lon":-38.502,"elements.timestamp":"2022-12-21T20:46:54Z","elements.version":1,"elements.changeset":130348093,"elements.user":"Patricia UFBA","elements.uid":604538,"elements.tags":{},"elements.nodes":{}},{"version":0.6,"generator":"Overpass API 0.7.62.1 084b4234","osm3s.timestamp_osm_base":"2024-05-22T02:55:15Z","osm3s.copyright":"The data included in this document is from www.openstreetmap.org. The data is made available under ODbL.","elements.type":"node","elements.id":10278840199,"elements.lat":-12.9973,"elements.lon":-38.5021,"elements.timestamp":"2022-12-21T20:46:54Z","elements.version":1,"elements.changeset":130348093,"elements.user":"Patricia UFBA","elements.uid":604538,"elements.tags":{},"elements.nodes":{}},{"version":0.6,"generator":"Overpass API 0.7.62.1 084b4234","osm3s.timestamp_osm_base":"2024-05-22T02:55:15Z","osm3s.copyright":"The data included in this document is from www.openstreetmap.org. The data is made available under ODbL.","elements.type":"node","elements.id":10278840200,"elements.lat":-12.9971,"elements.lon":-38.5022,"elements.timestamp":"2022-12-21T20:46:54Z","elements.version":1,"elements.changeset":130348093,"elements.user":"Patricia UFBA","elements.uid":604538,"elements.tags":{},"elements.nodes":{}},{"version":0.6,"generator":"Overpass API 0.7.62.1 084b4234","osm3s.timestamp_osm_base":"2024-05-22T02:55:15Z","osm3s.copyright":"The data included in this document is from www.openstreetmap.org. The data is made available under ODbL.","elements.type":"node","elements.id":10278840201,"elements.lat":-12.9971,"elements.lon":-38.5022,"elements.timestamp":"2022-12-21T20:46:54Z","elements.version":1,"elements.changeset":130348093,"elements.user":"Patricia UFBA","elements.uid":604538,"elements.tags":{"amenity":"clinic","healthcare":"clinic","name":"USF Lealdina Barros"},"elements.nodes":{}},{"version":0.6,"generator":"Overpass API 0.7.62.1 084b4234","osm3s.timestamp_osm_base":"2024-05-22T02:55:15Z","osm3s.copyright":"The data included in this document is from www.openstreetmap.org. The data is made available under ODbL.","elements.type":"way","elements.id":1123982966,"elements.timestamp":"2022-12-21T20:46:54Z","elements.version":1,"elements.changeset":130348093,"elements.user":"Patricia UFBA","elements.uid":604538,"elements.tags":{"building":"yes"},"elements.nodes":[10278840195,10278840196,10278840197,10278840198,10278840199,10278840200,10278840195]}]
