[{"version":0.6,"generator":"Overpass API 0.7.62.1 084b4234","osm3s.timestamp_osm_base":"2024-05-22T02:57:13Z","osm3s.copyright":"The data included in this document is from www.openstreetmap.org. The data is made available under ODbL.","elements.type":"node","elements.id":10311289908,"elements.lat":-4.035,"elements.lon":39.6198,"elements.timestamp":"2023-01-06T15:38:26Z","elements.version":1,"elements.changeset":130952770,"elements.user":"Tainá Couto","elements.uid":11539375,"elements.nodes":{},"elements.tags":{}},{"version":0.6,"generator":"Overpass API 0.7.62.1 084b4234","osm3s.timestamp_osm_base":"2024-05-22T02:57:13Z","osm3s.copyright":"The data included in this document is from www.openstreetmap.org. The data is made available under ODbL.","elements.type":"node","elements.id":10311334209,"elements.lat":-4.035,"elements.lon":39.62,"elements.timestamp":"2023-01-06T15:38:26Z","elements.version":1,"elements.changeset":130952770,"elements.user":"Tainá Couto","elements.uid":11539375,"elements.nodes":{},"elements.tags":{}},{"version":0.6,"generator":"Overpass API 0.7.62.1 084b4234","osm3s.timestamp_osm_base":"2024-05-22T02:57:13Z","osm3s.copyright":"The data included in this document is from www.openstreetmap.org. The data is made available under ODbL.","elements.type":"node","elements.id":10311334210,"elements.lat":-4.0351,"elements.lon":39.62,"elements.timestamp":"2023-01-06T15:38:26Z","elements.version":1,"elements.changeset":130952770,"elements.user":"Tainá Couto","elements.uid":11539375,"elements.nodes":{},"elements.tags":{}},{"version":0.6,"generator":"Overpass API 0.7.62.1 084b4234","osm3s.timestamp_osm_base":"2024-05-22T02:57:13Z","osm3s.copyright":"The data included in this document is from www.openstreetmap.org. The data is made available under ODbL.","elements.type":"node","elements.id":10311334211,"elements.lat":-4.0351,"elements.lon":39.6198,"elements.timestamp":"2023-01-06T15:38:26Z","elements.version":1,"elements.changeset":130952770,"elements.user":"Tainá Couto","elements.uid":11539375,"elements.nodes":{},"elements.tags":{}},{"version":0.6,"generator":"Overpass API 0.7.62.1 084b4234","osm3s.timestamp_osm_base":"2024-05-22T02:57:13Z","osm3s.copyright":"The data included in this document is from www.openstreetmap.org. The data is made available under ODbL.","elements.type":"node","elements.id":10311334212,"elements.lat":-4.0351,"elements.lon":39.6198,"elements.timestamp":"2023-01-06T15:38:26Z","elements.version":1,"elements.changeset":130952770,"elements.user":"Tainá Couto","elements.uid":11539375,"elements.nodes":{},"elements.tags":{}},{"version":0.6,"generator":"Overpass API 0.7.62.1 084b4234","osm3s.timestamp_osm_base":"2024-05-22T02:57:13Z","osm3s.copyright":"The data included in this document is from www.openstreetmap.org. The data is made available under ODbL.","elements.type":"way","elements.id":1127825144,"elements.timestamp":"2023-01-06T15:38:26Z","elements.version":1,"elements.changeset":130952770,"elements.user":"Tainá Couto","elements.uid":11539375,"elements.nodes":[10311289908,10311334209,10311334210,10311334211,10311334212,10311289908],"elements.tags":{"building":"yes"}}]
