[{"version":0.6,"generator":"Overpass API 0.7.62.1 084b4234","osm3s.timestamp_osm_base":"2024-05-22T02:57:13Z","osm3s.copyright":"The data included in this document is from www.openstreetmap.org. The data is made available under ODbL.","elements.type":"node","elements.id":7939539791,"elements.lat":-12.8838,"elements.lon":-38.4779,"elements.timestamp":"2020-09-24T19:04:54Z","elements.version":1,"elements.changeset":91462472,"elements.user":"Tainá Couto","elements.uid":11539375,"elements.tags":{},"elements.nodes":{}},{"version":0.6,"generator":"Overpass API 0.7.62.1 084b4234","osm3s.timestamp_osm_base":"2024-05-22T02:57:13Z","osm3s.copyright":"The data included in this document is from www.openstreetmap.org. The data is made available under ODbL.","elements.type":"node","elements.id":7939539792,"elements.lat":-12.8839,"elements.lon":-38.4779,"elements.timestamp":"2020-09-24T19:04:54Z","elements.version":1,"elements.changeset":91462472,"elements.user":"Tainá Couto","elements.uid":11539375,"elements.tags":{},"elements.nodes":{}},{"version":0.6,"generator":"Overpass API 0.7.62.1 084b4234","osm3s.timestamp_osm_base":"2024-05-22T02:57:13Z","osm3s.copyright":"The data included in this document is from www.openstreetmap.org. The data is made available under ODbL.","elements.type":"node","elements.id":7939539793,"elements.lat":-12.8839,"elements.lon":-38.4779,"elements.timestamp":"2020-09-24T19:04:54Z","elements.version":1,"elements.changeset":91462472,"elements.user":"Tainá Couto","elements.uid":11539375,"elements.tags":{},"elements.nodes":{}},{"version":0.6,"generator":"Overpass API 0.7.62.1 084b4234","osm3s.timestamp_osm_base":"2024-05-22T02:57:13Z","osm3s.copyright":"The data included in this document is from www.openstreetmap.org. The data is made available under ODbL.","elements.type":"node","elements.id":7939539794,"elements.lat":-12.8839,"elements.lon":-38.4779,"elements.timestamp":"2020-09-24T19:04:54Z","elements.version":1,"elements.changeset":91462472,"elements.user":"Tainá Couto","elements.uid":11539375,"elements.tags":{},"elements.nodes":{}},{"version":0.6,"generator":"Overpass API 0.7.62.1 084b4234","osm3s.timestamp_osm_base":"2024-05-22T02:57:13Z","osm3s.copyright":"The data included in this document is from www.openstreetmap.org. The data is made available under ODbL.","elements.type":"node","elements.id":7939539795,"elements.lat":-12.8839,"elements.lon":-38.478,"elements.timestamp":"2020-09-24T19:04:54Z","elements.version":1,"elements.changeset":91462472,"elements.user":"Tainá Couto","elements.uid":11539375,"elements.tags":{},"elements.nodes":{}},{"version":0.6,"generator":"Overpass API 0.7.62.1 084b4234","osm3s.timestamp_osm_base":"2024-05-22T02:57:13Z","osm3s.copyright":"The data included in this document is from www.openstreetmap.org. The data is made available under ODbL.","elements.type":"node","elements.id":7939539796,"elements.lat":-12.8839,"elements.lon":-38.478,"elements.timestamp":"2020-09-24T19:04:54Z","elements.version":1,"elements.changeset":91462472,"elements.user":"Tainá Couto","elements.uid":11539375,"elements.tags":{},"elements.nodes":{}},{"version":0.6,"generator":"Overpass API 0.7.62.1 084b4234","osm3s.timestamp_osm_base":"2024-05-22T02:57:13Z","osm3s.copyright":"The data included in this document is from www.openstreetmap.org. The data is made available under ODbL.","elements.type":"node","elements.id":7939539797,"elements.lat":-12.8839,"elements.lon":-38.478,"elements.timestamp":"2020-09-24T19:04:54Z","elements.version":1,"elements.changeset":91462472,"elements.user":"Tainá Couto","elements.uid":11539375,"elements.tags":{},"elements.nodes":{}},{"version":0.6,"generator":"Overpass API 0.7.62.1 084b4234","osm3s.timestamp_osm_base":"2024-05-22T02:57:13Z","osm3s.copyright":"The data included in this document is from www.openstreetmap.org. The data is made available under ODbL.","elements.type":"node","elements.id":7939539798,"elements.lat":-12.8839,"elements.lon":-38.478,"elements.timestamp":"2020-09-24T19:04:54Z","elements.version":1,"elements.changeset":91462472,"elements.user":"Tainá Couto","elements.uid":11539375,"elements.tags":{"addr:city":"Salvador","addr:postcode":"40711-160","addr:street":"Ladeira da Terezinha","addr:suburb":"Alto da Terezinha","healthcare":"yes","name":"USF Alto da Terezinha"},"elements.nodes":{}},{"version":0.6,"generator":"Overpass API 0.7.62.1 084b4234","osm3s.timestamp_osm_base":"2024-05-22T02:57:13Z","osm3s.copyright":"The data included in this document is from www.openstreetmap.org. The data is made available under ODbL.","elements.type":"way","elements.id":851220985,"elements.timestamp":"2020-09-24T19:04:54Z","elements.version":1,"elements.changeset":91462472,"elements.user":"Tainá Couto","elements.uid":11539375,"elements.tags":{"building":"yes"},"elements.nodes":[7939539791,7939539792,7939539793,7939539794,7939539795,7939539796,7939539797,7939539791]}]
