[{"version":0.6,"generator":"Overpass API 0.7.62.1 084b4234","osm3s.timestamp_osm_base":"2024-05-22T02:52:13Z","osm3s.copyright":"The data included in this document is from www.openstreetmap.org. The data is made available under ODbL.","elements.type":"way","elements.id":842355415,"elements.timestamp":"2020-08-30T11:52:25Z","elements.version":1,"elements.changeset":90143150,"elements.user":"Marbrisareis","elements.uid":10174407,"elements.nodes":[7858467687,7858467688,7858467689,7858467690,7858467687],"elements.tags":{"building":"yes"}}]
