[{"version":0.6,"generator":"Overpass API 0.7.62.1 084b4234","osm3s.timestamp_osm_base":"2024-05-22T02:50:09Z","osm3s.copyright":"The data included in this document is from www.openstreetmap.org. The data is made available under ODbL.","elements.type":"way","elements.id":1283042280,"elements.timestamp":"2024-05-14T22:43:49Z","elements.version":1,"elements.changeset":151334589,"elements.user":"Aline Graziadei","elements.uid":18502802,"elements.nodes":[11905374646,11905374647,11905374648,11905374649,11905374646],"elements.tags":{"building":"yes"}}]
