[{"version":0.6,"generator":"Overpass API 0.7.62.1 084b4234","osm3s.timestamp_osm_base":"2024-05-22T02:55:15Z","osm3s.copyright":"The data included in this document is from www.openstreetmap.org. The data is made available under ODbL.","elements.type":"node","elements.id":11238858693,"elements.lat":-25.4529,"elements.lon":-49.2333,"elements.timestamp":"2023-10-04T18:10:45Z","elements.version":2,"elements.changeset":142157968,"elements.user":"Patricia UFBA","elements.uid":604538,"elements.tags":{"amenity":"recycling","location":"indoor","recycling:newspaper":"yes","recycling:paper":"yes","recycling:plastic":"yes","recycling:plastic_bottles":"yes","recycling:plastic_packaging":"yes","recycling_type":"container"}}]
