[{"version":0.6,"generator":"Overpass API 0.7.62.1 084b4234","osm3s.timestamp_osm_base":"2024-05-22T02:55:15Z","osm3s.copyright":"The data included in this document is from www.openstreetmap.org. The data is made available under ODbL.","elements.type":"node","elements.id":2499924944,"elements.lat":-12.9348,"elements.lon":-38.446,"elements.timestamp":"2022-04-27T14:12:42Z","elements.version":4,"elements.changeset":120262100,"elements.user":"Patricia UFBA","elements.uid":604538,"elements.tags":{"name":"Sussuarana","place":"suburb","source":"IBGE"}},{"version":0.6,"generator":"Overpass API 0.7.62.1 084b4234","osm3s.timestamp_osm_base":"2024-05-22T02:55:15Z","osm3s.copyright":"The data included in this document is from www.openstreetmap.org. The data is made available under ODbL.","elements.type":"node","elements.id":9122242744,"elements.lat":-12.9086,"elements.lon":-38.4735,"elements.timestamp":"2022-04-27T14:12:42Z","elements.version":3,"elements.changeset":120262100,"elements.user":"Patricia UFBA","elements.uid":604538,"elements.tags":{}},{"version":0.6,"generator":"Overpass API 0.7.62.1 084b4234","osm3s.timestamp_osm_base":"2024-05-22T02:55:15Z","osm3s.copyright":"The data included in this document is from www.openstreetmap.org. The data is made available under ODbL.","elements.type":"node","elements.id":9122297160,"elements.lat":-12.9087,"elements.lon":-38.4734,"elements.timestamp":"2022-04-27T14:12:42Z","elements.version":2,"elements.changeset":120262100,"elements.user":"Patricia UFBA","elements.uid":604538,"elements.tags":{}},{"version":0.6,"generator":"Overpass API 0.7.62.1 084b4234","osm3s.timestamp_osm_base":"2024-05-22T02:55:15Z","osm3s.copyright":"The data included in this document is from www.openstreetmap.org. The data is made available under ODbL.","elements.type":"node","elements.id":9122297161,"elements.lat":-12.9086,"elements.lon":-38.4734,"elements.timestamp":"2022-04-27T14:12:42Z","elements.version":2,"elements.changeset":120262100,"elements.user":"Patricia UFBA","elements.uid":604538,"elements.tags":{}},{"version":0.6,"generator":"Overpass API 0.7.62.1 084b4234","osm3s.timestamp_osm_base":"2024-05-22T02:55:15Z","osm3s.copyright":"The data included in this document is from www.openstreetmap.org. The data is made available under ODbL.","elements.type":"node","elements.id":9122297162,"elements.lat":-12.9087,"elements.lon":-38.4735,"elements.timestamp":"2022-04-27T14:12:42Z","elements.version":3,"elements.changeset":120262100,"elements.user":"Patricia UFBA","elements.uid":604538,"elements.tags":{}},{"version":0.6,"generator":"Overpass API 0.7.62.1 084b4234","osm3s.timestamp_osm_base":"2024-05-22T02:55:15Z","osm3s.copyright":"The data included in this document is from www.openstreetmap.org. The data is made available under ODbL.","elements.type":"node","elements.id":9122297163,"elements.lat":-12.9087,"elements.lon":-38.4735,"elements.timestamp":"2022-04-27T14:12:42Z","elements.version":2,"elements.changeset":120262100,"elements.user":"Patricia UFBA","elements.uid":604538,"elements.tags":{}},{"version":0.6,"generator":"Overpass API 0.7.62.1 084b4234","osm3s.timestamp_osm_base":"2024-05-22T02:55:15Z","osm3s.copyright":"The data included in this document is from www.openstreetmap.org. The data is made available under ODbL.","elements.type":"node","elements.id":9122297164,"elements.lat":-12.9087,"elements.lon":-38.4735,"elements.timestamp":"2022-04-27T14:12:42Z","elements.version":2,"elements.changeset":120262100,"elements.user":"Patricia UFBA","elements.uid":604538,"elements.tags":{}}]
