[{"version":0.6,"generator":"Overpass API 0.7.62.1 084b4234","osm3s.timestamp_osm_base":"2024-05-22T02:55:15Z","osm3s.copyright":"The data included in this document is from www.openstreetmap.org. The data is made available under ODbL.","elements.type":"way","elements.id":832352922,"elements.timestamp":"2023-11-01T22:53:11Z","elements.version":2,"elements.changeset":143500830,"elements.user":"Patricia UFBA","elements.uid":604538,"elements.nodes":[7770981445,7770981446,7770981447,7770981448,7770981449,7770981450,7770981451,7770981452,7770981445],"elements.tags":{"building":"yes"}},{"version":0.6,"generator":"Overpass API 0.7.62.1 084b4234","osm3s.timestamp_osm_base":"2024-05-22T02:55:15Z","osm3s.copyright":"The data included in this document is from www.openstreetmap.org. The data is made available under ODbL.","elements.type":"way","elements.id":832352923,"elements.timestamp":"2023-11-01T22:53:11Z","elements.version":2,"elements.changeset":143500830,"elements.user":"Patricia UFBA","elements.uid":604538,"elements.nodes":[7770981445,7770981453,7770981457,7770981454,7770981455,7770981446,7770981445],"elements.tags":{"building":"house"}},{"version":0.6,"generator":"Overpass API 0.7.62.1 084b4234","osm3s.timestamp_osm_base":"2024-05-22T02:55:15Z","osm3s.copyright":"The data included in this document is from www.openstreetmap.org. The data is made available under ODbL.","elements.type":"way","elements.id":832352924,"elements.timestamp":"2023-11-01T22:53:11Z","elements.version":2,"elements.changeset":143500830,"elements.user":"Patricia UFBA","elements.uid":604538,"elements.nodes":[7752576071,7770981456,7770981454,7770981457,7770981437,7752576071],"elements.tags":{"building":"house"}},{"version":0.6,"generator":"Overpass API 0.7.62.1 084b4234","osm3s.timestamp_osm_base":"2024-05-22T02:55:15Z","osm3s.copyright":"The data included in this document is from www.openstreetmap.org. The data is made available under ODbL.","elements.type":"way","elements.id":832352925,"elements.timestamp":"2023-11-01T22:53:11Z","elements.version":2,"elements.changeset":143500830,"elements.user":"Patricia UFBA","elements.uid":604538,"elements.nodes":[7770981458,7770981459,7770981460,7770981456,7752576071,7752576075,7770981458],"elements.tags":{"building":"house","layer":"1"}}]
