[{"version":0.6,"generator":"Overpass API 0.7.62.1 084b4234","osm3s.timestamp_osm_base":"2024-05-22T02:55:15Z","osm3s.copyright":"The data included in this document is from www.openstreetmap.org. The data is made available under ODbL.","elements.type":"way","elements.id":839479659,"elements.timestamp":"2020-08-21T21:13:06Z","elements.version":1,"elements.changeset":89764256,"elements.user":"Patricia UFBA","elements.uid":604538,"elements.nodes":[7833619992,7833619993,7833619994,7833619995,7833619992],"elements.tags":{"building":"yes"}}]
