[{"version":0.6,"generator":"Overpass API 0.7.62.1 084b4234","osm3s.timestamp_osm_base":"2024-05-22T02:50:09Z","osm3s.copyright":"The data included in this document is from www.openstreetmap.org. The data is made available under ODbL.","elements.type":"node","elements.id":11833735303,"elements.lat":-12.9573,"elements.lon":-38.4936,"elements.timestamp":"2024-04-20T20:26:52Z","elements.version":1,"elements.changeset":150279749,"elements.user":"Adailton Barros","elements.uid":21328495,"elements.nodes":{},"elements.tags":{}},{"version":0.6,"generator":"Overpass API 0.7.62.1 084b4234","osm3s.timestamp_osm_base":"2024-05-22T02:50:09Z","osm3s.copyright":"The data included in this document is from www.openstreetmap.org. The data is made available under ODbL.","elements.type":"node","elements.id":11833735304,"elements.lat":-12.9574,"elements.lon":-38.4935,"elements.timestamp":"2024-04-20T20:26:52Z","elements.version":1,"elements.changeset":150279749,"elements.user":"Adailton Barros","elements.uid":21328495,"elements.nodes":{},"elements.tags":{}},{"version":0.6,"generator":"Overpass API 0.7.62.1 084b4234","osm3s.timestamp_osm_base":"2024-05-22T02:50:09Z","osm3s.copyright":"The data included in this document is from www.openstreetmap.org. The data is made available under ODbL.","elements.type":"node","elements.id":11833735305,"elements.lat":-12.9572,"elements.lon":-38.4934,"elements.timestamp":"2024-04-20T20:26:52Z","elements.version":1,"elements.changeset":150279749,"elements.user":"Adailton Barros","elements.uid":21328495,"elements.nodes":{},"elements.tags":{}},{"version":0.6,"generator":"Overpass API 0.7.62.1 084b4234","osm3s.timestamp_osm_base":"2024-05-22T02:50:09Z","osm3s.copyright":"The data included in this document is from www.openstreetmap.org. The data is made available under ODbL.","elements.type":"node","elements.id":11833735306,"elements.lat":-12.9572,"elements.lon":-38.4933,"elements.timestamp":"2024-04-20T20:26:52Z","elements.version":1,"elements.changeset":150279749,"elements.user":"Adailton Barros","elements.uid":21328495,"elements.nodes":{},"elements.tags":{}},{"version":0.6,"generator":"Overpass API 0.7.62.1 084b4234","osm3s.timestamp_osm_base":"2024-05-22T02:50:09Z","osm3s.copyright":"The data included in this document is from www.openstreetmap.org. The data is made available under ODbL.","elements.type":"node","elements.id":11833735307,"elements.lat":-12.9565,"elements.lon":-38.4929,"elements.timestamp":"2024-04-20T20:26:52Z","elements.version":1,"elements.changeset":150279749,"elements.user":"Adailton Barros","elements.uid":21328495,"elements.nodes":{},"elements.tags":{}},{"version":0.6,"generator":"Overpass API 0.7.62.1 084b4234","osm3s.timestamp_osm_base":"2024-05-22T02:50:09Z","osm3s.copyright":"The data included in this document is from www.openstreetmap.org. The data is made available under ODbL.","elements.type":"node","elements.id":11833735308,"elements.lat":-12.9564,"elements.lon":-38.4931,"elements.timestamp":"2024-04-20T20:26:52Z","elements.version":1,"elements.changeset":150279749,"elements.user":"Adailton Barros","elements.uid":21328495,"elements.nodes":{},"elements.tags":{}},{"version":0.6,"generator":"Overpass API 0.7.62.1 084b4234","osm3s.timestamp_osm_base":"2024-05-22T02:50:09Z","osm3s.copyright":"The data included in this document is from www.openstreetmap.org. The data is made available under ODbL.","elements.type":"node","elements.id":11833735309,"elements.lat":-12.9571,"elements.lon":-38.4935,"elements.timestamp":"2024-04-20T20:26:52Z","elements.version":1,"elements.changeset":150279749,"elements.user":"Adailton Barros","elements.uid":21328495,"elements.nodes":{},"elements.tags":{}},{"version":0.6,"generator":"Overpass API 0.7.62.1 084b4234","osm3s.timestamp_osm_base":"2024-05-22T02:50:09Z","osm3s.copyright":"The data included in this document is from www.openstreetmap.org. The data is made available under ODbL.","elements.type":"way","elements.id":1274499384,"elements.timestamp":"2024-04-20T20:26:52Z","elements.version":1,"elements.changeset":150279749,"elements.user":"Adailton Barros","elements.uid":21328495,"elements.nodes":[11833735303,11833735304,11833735305,11833735306,11833735307,11833735308,11833735309,11833735303],"elements.tags":{"addr:street":"Rua Saldanha Marinho","addr:suburb":"Caixa D' Agua","building":"hospital","name":"Hospital da Cidade","wheelchair":"yes"}}]
