[{"version":0.6,"generator":"Overpass API 0.7.62.1 084b4234","osm3s.timestamp_osm_base":"2024-05-22T02:53:14Z","osm3s.copyright":"The data included in this document is from www.openstreetmap.org. The data is made available under ODbL.","elements.type":"node","elements.id":7635646684,"elements.lat":-12.914,"elements.lon":-38.4807,"elements.timestamp":"2020-08-13T18:22:02Z","elements.version":2,"elements.changeset":89370444,"elements.user":"Marbrisareis","elements.uid":10174407,"elements.tags":{},"elements.nodes":{}},{"version":0.6,"generator":"Overpass API 0.7.62.1 084b4234","osm3s.timestamp_osm_base":"2024-05-22T02:53:14Z","osm3s.copyright":"The data included in this document is from www.openstreetmap.org. The data is made available under ODbL.","elements.type":"node","elements.id":7810699016,"elements.lat":-12.9147,"elements.lon":-38.481,"elements.timestamp":"2020-08-13T18:22:02Z","elements.version":1,"elements.changeset":89370444,"elements.user":"Marbrisareis","elements.uid":10174407,"elements.tags":{"amenity":"place_of_worship","name":"Ilê Asé Ode Bowaleti"},"elements.nodes":{}},{"version":0.6,"generator":"Overpass API 0.7.62.1 084b4234","osm3s.timestamp_osm_base":"2024-05-22T02:53:14Z","osm3s.copyright":"The data included in this document is from www.openstreetmap.org. The data is made available under ODbL.","elements.type":"way","elements.id":834639425,"elements.timestamp":"2020-08-13T18:22:02Z","elements.version":2,"elements.changeset":89370444,"elements.user":"Marbrisareis","elements.uid":10174407,"elements.tags":{"building":"yes"},"elements.nodes":[7635688885,7635646684,7791285787,7791285788,7635688885]}]
