[{"version":0.6,"generator":"Overpass API 0.7.62.1 084b4234","osm3s.timestamp_osm_base":"2024-05-22T02:55:15Z","osm3s.copyright":"The data included in this document is from www.openstreetmap.org. The data is made available under ODbL.","elements.type":"node","elements.id":8068840917,"elements.lat":-12.9919,"elements.lon":-38.4447,"elements.timestamp":"2021-11-03T19:52:45Z","elements.version":2,"elements.changeset":113347363,"elements.user":"Patricia UFBA","elements.uid":604538,"elements.tags":{"addr:street":"Rua Desembargador Manoel Pereira","addr:suburb":"Costa Azul","amenity":"clinic","healthcare":"clinic","name":"USF Zulmira Barros"}}]
