[{"version":0.6,"generator":"Overpass API 0.7.62.1 084b4234","osm3s.timestamp_osm_base":"2024-05-22T02:56:14Z","osm3s.copyright":"The data included in this document is from www.openstreetmap.org. The data is made available under ODbL.","elements.type":"node","elements.id":2613905493,"elements.lat":-29.6308,"elements.lon":-52.786,"elements.timestamp":"2024-05-06T16:51:53Z","elements.version":2,"elements.changeset":150974567,"elements.user":"ruanamile","elements.uid":21154491},{"version":0.6,"generator":"Overpass API 0.7.62.1 084b4234","osm3s.timestamp_osm_base":"2024-05-22T02:56:14Z","osm3s.copyright":"The data included in this document is from www.openstreetmap.org. The data is made available under ODbL.","elements.type":"node","elements.id":2613905584,"elements.lat":-29.6301,"elements.lon":-52.7852,"elements.timestamp":"2024-05-06T16:51:53Z","elements.version":2,"elements.changeset":150974567,"elements.user":"ruanamile","elements.uid":21154491},{"version":0.6,"generator":"Overpass API 0.7.62.1 084b4234","osm3s.timestamp_osm_base":"2024-05-22T02:56:14Z","osm3s.copyright":"The data included in this document is from www.openstreetmap.org. The data is made available under ODbL.","elements.type":"node","elements.id":11884195779,"elements.lat":-29.6305,"elements.lon":-52.7855,"elements.timestamp":"2024-05-06T16:51:53Z","elements.version":1,"elements.changeset":150974567,"elements.user":"ruanamile","elements.uid":21154491},{"version":0.6,"generator":"Overpass API 0.7.62.1 084b4234","osm3s.timestamp_osm_base":"2024-05-22T02:56:14Z","osm3s.copyright":"The data included in this document is from www.openstreetmap.org. The data is made available under ODbL.","elements.type":"node","elements.id":11884195780,"elements.lat":-29.6304,"elements.lon":-52.7854,"elements.timestamp":"2024-05-06T16:51:53Z","elements.version":1,"elements.changeset":150974567,"elements.user":"ruanamile","elements.uid":21154491},{"version":0.6,"generator":"Overpass API 0.7.62.1 084b4234","osm3s.timestamp_osm_base":"2024-05-22T02:56:14Z","osm3s.copyright":"The data included in this document is from www.openstreetmap.org. The data is made available under ODbL.","elements.type":"node","elements.id":11884195781,"elements.lat":-29.6312,"elements.lon":-52.7865,"elements.timestamp":"2024-05-06T16:51:53Z","elements.version":1,"elements.changeset":150974567,"elements.user":"ruanamile","elements.uid":21154491},{"version":0.6,"generator":"Overpass API 0.7.62.1 084b4234","osm3s.timestamp_osm_base":"2024-05-22T02:56:14Z","osm3s.copyright":"The data included in this document is from www.openstreetmap.org. The data is made available under ODbL.","elements.type":"node","elements.id":11884195782,"elements.lat":-29.631,"elements.lon":-52.7862,"elements.timestamp":"2024-05-06T16:51:53Z","elements.version":1,"elements.changeset":150974567,"elements.user":"ruanamile","elements.uid":21154491},{"version":0.6,"generator":"Overpass API 0.7.62.1 084b4234","osm3s.timestamp_osm_base":"2024-05-22T02:56:14Z","osm3s.copyright":"The data included in this document is from www.openstreetmap.org. The data is made available under ODbL.","elements.type":"node","elements.id":11884195783,"elements.lat":-29.6303,"elements.lon":-52.7853,"elements.timestamp":"2024-05-06T16:51:53Z","elements.version":1,"elements.changeset":150974567,"elements.user":"ruanamile","elements.uid":21154491}]
