[{"version":0.6,"generator":"Overpass API 0.7.62.1 084b4234","osm3s.timestamp_osm_base":"2024-05-22T02:52:13Z","osm3s.copyright":"The data included in this document is from www.openstreetmap.org. The data is made available under ODbL.","elements.type":"way","elements.id":85080867,"elements.timestamp":"2021-08-11T18:56:55Z","elements.version":6,"elements.changeset":109533142,"elements.user":"Marbrisareis","elements.uid":10174407,"elements.nodes":[7266402781,7266402773,987125028,7266458075,7266458074,7266458076,987125030,987125031,987125034,8999424748,987125036,987125037,7266458078,987125038,3944687400,987125039,7266458080],"elements.tags":{"highway":"residential","name":"Rua Aristotates Goes"}}]
