[{"version":0.6,"generator":"Overpass API 0.7.62.1 084b4234","osm3s.timestamp_osm_base":"2024-05-22T02:50:09Z","osm3s.copyright":"The data included in this document is from www.openstreetmap.org. The data is made available under ODbL.","elements.type":"way","elements.id":1211704787,"elements.timestamp":"2023-09-28T23:32:56Z","elements.version":1,"elements.changeset":141890427,"elements.user":"Aline Graziadei","elements.uid":18502802,"elements.nodes":[11225916624,11225916625,11225916626,11225916627,11225916624],"elements.tags":{"building":"house"}}]
