[{"version":0.6,"generator":"Overpass API 0.7.62.1 084b4234","osm3s.timestamp_osm_base":"2024-05-22T02:51:14Z","osm3s.copyright":"The data included in this document is from www.openstreetmap.org. The data is made available under ODbL.","elements.type":"node","elements.id":10210725300,"elements.lat":-13.0099,"elements.lon":-38.4722,"elements.timestamp":"2022-11-22T23:46:54Z","elements.version":1,"elements.changeset":129258257,"elements.user":"brenobrrt","elements.uid":17355425,"elements.tags":{"amenity":"food_court","name":"Mercado São Roque"}}]
