[{"version":0.6,"generator":"Overpass API 0.7.62.1 084b4234","osm3s.timestamp_osm_base":"2024-05-22T02:55:15Z","osm3s.copyright":"The data included in this document is from www.openstreetmap.org. The data is made available under ODbL.","elements.type":"node","elements.id":7824186289,"elements.lat":6.2494,"elements.lon":-75.5375,"elements.timestamp":"2020-08-18T19:39:10Z","elements.version":1,"elements.changeset":89593345,"elements.user":"Patricia UFBA","elements.uid":604538,"elements.nodes":{},"elements.tags":{}},{"version":0.6,"generator":"Overpass API 0.7.62.1 084b4234","osm3s.timestamp_osm_base":"2024-05-22T02:55:15Z","osm3s.copyright":"The data included in this document is from www.openstreetmap.org. The data is made available under ODbL.","elements.type":"node","elements.id":7824186290,"elements.lat":6.2494,"elements.lon":-75.5376,"elements.timestamp":"2020-08-18T19:39:10Z","elements.version":1,"elements.changeset":89593345,"elements.user":"Patricia UFBA","elements.uid":604538,"elements.nodes":{},"elements.tags":{}},{"version":0.6,"generator":"Overpass API 0.7.62.1 084b4234","osm3s.timestamp_osm_base":"2024-05-22T02:55:15Z","osm3s.copyright":"The data included in this document is from www.openstreetmap.org. The data is made available under ODbL.","elements.type":"node","elements.id":7824186291,"elements.lat":6.2494,"elements.lon":-75.5376,"elements.timestamp":"2020-08-18T19:39:10Z","elements.version":1,"elements.changeset":89593345,"elements.user":"Patricia UFBA","elements.uid":604538,"elements.nodes":{},"elements.tags":{}},{"version":0.6,"generator":"Overpass API 0.7.62.1 084b4234","osm3s.timestamp_osm_base":"2024-05-22T02:55:15Z","osm3s.copyright":"The data included in this document is from www.openstreetmap.org. The data is made available under ODbL.","elements.type":"node","elements.id":7824186292,"elements.lat":6.2494,"elements.lon":-75.5376,"elements.timestamp":"2020-08-18T19:39:10Z","elements.version":1,"elements.changeset":89593345,"elements.user":"Patricia UFBA","elements.uid":604538,"elements.nodes":{},"elements.tags":{}},{"version":0.6,"generator":"Overpass API 0.7.62.1 084b4234","osm3s.timestamp_osm_base":"2024-05-22T02:55:15Z","osm3s.copyright":"The data included in this document is from www.openstreetmap.org. The data is made available under ODbL.","elements.type":"way","elements.id":838341685,"elements.timestamp":"2020-08-18T19:39:10Z","elements.version":1,"elements.changeset":89593345,"elements.user":"Patricia UFBA","elements.uid":604538,"elements.nodes":[7824185276,7782061958,7824185277,7824185278,7824185279,7824185280,7824185281,7824185276],"elements.tags":{"building":"yes"}},{"version":0.6,"generator":"Overpass API 0.7.62.1 084b4234","osm3s.timestamp_osm_base":"2024-05-22T02:55:15Z","osm3s.copyright":"The data included in this document is from www.openstreetmap.org. The data is made available under ODbL.","elements.type":"way","elements.id":838341686,"elements.timestamp":"2020-08-18T19:39:10Z","elements.version":1,"elements.changeset":89593345,"elements.user":"Patricia UFBA","elements.uid":604538,"elements.nodes":[7782061960,7824185282,7824185283,7782061959,7782061960],"elements.tags":{"building":"yes"}}]
