[{"version":0.6,"generator":"Overpass API 0.7.62.1 084b4234","osm3s.timestamp_osm_base":"2024-05-22T02:54:13Z","osm3s.copyright":"The data included in this document is from www.openstreetmap.org. The data is made available under ODbL.","elements.type":"node","elements.id":10975628531,"elements.lat":-23.847,"elements.lon":-50.1942,"elements.timestamp":"2023-06-14T02:32:06Z","elements.version":1,"elements.changeset":137307572,"elements.user":"Marilane Silva","elements.uid":18875654,"elements.nodes":{},"elements.tags":{}},{"version":0.6,"generator":"Overpass API 0.7.62.1 084b4234","osm3s.timestamp_osm_base":"2024-05-22T02:54:13Z","osm3s.copyright":"The data included in this document is from www.openstreetmap.org. The data is made available under ODbL.","elements.type":"node","elements.id":10975628532,"elements.lat":-23.847,"elements.lon":-50.1941,"elements.timestamp":"2023-06-14T02:32:06Z","elements.version":1,"elements.changeset":137307572,"elements.user":"Marilane Silva","elements.uid":18875654,"elements.nodes":{},"elements.tags":{}},{"version":0.6,"generator":"Overpass API 0.7.62.1 084b4234","osm3s.timestamp_osm_base":"2024-05-22T02:54:13Z","osm3s.copyright":"The data included in this document is from www.openstreetmap.org. The data is made available under ODbL.","elements.type":"node","elements.id":10975628533,"elements.lat":-23.8469,"elements.lon":-50.1942,"elements.timestamp":"2023-06-14T02:32:06Z","elements.version":1,"elements.changeset":137307572,"elements.user":"Marilane Silva","elements.uid":18875654,"elements.nodes":{},"elements.tags":{}},{"version":0.6,"generator":"Overpass API 0.7.62.1 084b4234","osm3s.timestamp_osm_base":"2024-05-22T02:54:13Z","osm3s.copyright":"The data included in this document is from www.openstreetmap.org. The data is made available under ODbL.","elements.type":"node","elements.id":10975628534,"elements.lat":-23.8469,"elements.lon":-50.1943,"elements.timestamp":"2023-06-14T02:32:06Z","elements.version":1,"elements.changeset":137307572,"elements.user":"Marilane Silva","elements.uid":18875654,"elements.nodes":{},"elements.tags":{}},{"version":0.6,"generator":"Overpass API 0.7.62.1 084b4234","osm3s.timestamp_osm_base":"2024-05-22T02:54:13Z","osm3s.copyright":"The data included in this document is from www.openstreetmap.org. The data is made available under ODbL.","elements.type":"way","elements.id":1181910842,"elements.timestamp":"2023-06-14T02:32:06Z","elements.version":1,"elements.changeset":137307572,"elements.user":"Marilane Silva","elements.uid":18875654,"elements.nodes":[10975628531,10975628532,10975628533,10975628534,10975628531],"elements.tags":{"building":"yes","source":"microsoft/BuildingFootprints"}},{"version":0.6,"generator":"Overpass API 0.7.62.1 084b4234","osm3s.timestamp_osm_base":"2024-05-22T02:54:13Z","osm3s.copyright":"The data included in this document is from www.openstreetmap.org. The data is made available under ODbL.","elements.type":"way","elements.id":1181910843,"elements.timestamp":"2023-06-14T02:32:06Z","elements.version":1,"elements.changeset":137307572,"elements.user":"Marilane Silva","elements.uid":18875654,"elements.nodes":[7432034014,7432034010,7432034009,10975628535,7432034014],"elements.tags":{"source":"microsoft/BuildingFootprints","natural":"scrub"}}]
