[{"version":0.6,"generator":"Overpass API 0.7.62.1 084b4234","osm3s.timestamp_osm_base":"2024-05-22T02:51:14Z","osm3s.copyright":"The data included in this document is from www.openstreetmap.org. The data is made available under ODbL.","elements.type":"way","elements.id":381206897,"elements.timestamp":"2023-06-13T01:44:07Z","elements.version":2,"elements.changeset":137264621,"elements.user":"Ana_Lemos","elements.uid":18902304,"elements.nodes":[3844447834,3844447835,3844447836,3844447837,3844447834],"elements.tags":{"addr:street":"Rua da Mouraria","building":"church","building:levels":"2","denomination":"catholic"}}]
