[{"version":0.6,"generator":"Overpass API 0.7.62.1 084b4234","osm3s.timestamp_osm_base":"2024-05-22T02:53:14Z","osm3s.copyright":"The data included in this document is from www.openstreetmap.org. The data is made available under ODbL.","elements.type":"node","elements.id":7626915328,"elements.lat":-12.9138,"elements.lon":-38.4772,"elements.timestamp":"2020-08-12T20:51:18Z","elements.version":2,"elements.changeset":89322107,"elements.user":"Marbrisareis","elements.uid":10174407,"elements.tags":{}},{"version":0.6,"generator":"Overpass API 0.7.62.1 084b4234","osm3s.timestamp_osm_base":"2024-05-22T02:53:14Z","osm3s.copyright":"The data included in this document is from www.openstreetmap.org. The data is made available under ODbL.","elements.type":"node","elements.id":7626915329,"elements.lat":-12.9137,"elements.lon":-38.4773,"elements.timestamp":"2020-08-12T20:51:18Z","elements.version":2,"elements.changeset":89322107,"elements.user":"Marbrisareis","elements.uid":10174407,"elements.tags":{}},{"version":0.6,"generator":"Overpass API 0.7.62.1 084b4234","osm3s.timestamp_osm_base":"2024-05-22T02:53:14Z","osm3s.copyright":"The data included in this document is from www.openstreetmap.org. The data is made available under ODbL.","elements.type":"node","elements.id":7807656749,"elements.lat":-12.9139,"elements.lon":-38.4774,"elements.timestamp":"2020-08-12T20:51:18Z","elements.version":1,"elements.changeset":89322107,"elements.user":"Marbrisareis","elements.uid":10174407,"elements.tags":{"amenity":"pub"}}]
