[{"version":0.6,"generator":"Overpass API 0.7.62.1 084b4234","osm3s.timestamp_osm_base":"2024-05-22T02:56:14Z","osm3s.copyright":"The data included in this document is from www.openstreetmap.org. The data is made available under ODbL.","elements.type":"node","elements.id":5938091340,"elements.lat":-23.6897,"elements.lon":-49.8264,"elements.timestamp":"2023-06-15T17:57:45Z","elements.version":5,"elements.changeset":137383962,"elements.user":"Silvia Miranda","elements.uid":11572008},{"version":0.6,"generator":"Overpass API 0.7.62.1 084b4234","osm3s.timestamp_osm_base":"2024-05-22T02:56:14Z","osm3s.copyright":"The data included in this document is from www.openstreetmap.org. The data is made available under ODbL.","elements.type":"node","elements.id":6856391746,"elements.lat":-23.6898,"elements.lon":-49.8266,"elements.timestamp":"2023-06-15T17:57:45Z","elements.version":4,"elements.changeset":137383962,"elements.user":"Silvia Miranda","elements.uid":11572008}]
