[{"version":0.6,"generator":"Overpass API 0.7.62.1 084b4234","osm3s.timestamp_osm_base":"2024-05-22T02:54:13Z","osm3s.copyright":"The data included in this document is from www.openstreetmap.org. The data is made available under ODbL.","elements.type":"node","elements.id":6733861995,"elements.lat":-23.5064,"elements.lon":-46.5409,"elements.timestamp":"2023-12-13T19:15:52Z","elements.version":2,"elements.changeset":145086723,"elements.user":"Patricia UFBA","elements.uid":604538,"elements.nodes":{},"elements.tags":{}},{"version":0.6,"generator":"Overpass API 0.7.62.1 084b4234","osm3s.timestamp_osm_base":"2024-05-22T02:54:13Z","osm3s.copyright":"The data included in this document is from www.openstreetmap.org. The data is made available under ODbL.","elements.type":"node","elements.id":6733880275,"elements.lat":-23.5063,"elements.lon":-46.5408,"elements.timestamp":"2023-12-13T19:15:52Z","elements.version":2,"elements.changeset":145086723,"elements.user":"Patricia UFBA","elements.uid":604538,"elements.nodes":{},"elements.tags":{}},{"version":0.6,"generator":"Overpass API 0.7.62.1 084b4234","osm3s.timestamp_osm_base":"2024-05-22T02:54:13Z","osm3s.copyright":"The data included in this document is from www.openstreetmap.org. The data is made available under ODbL.","elements.type":"node","elements.id":11415411048,"elements.lat":-23.5064,"elements.lon":-46.541,"elements.timestamp":"2023-12-13T19:15:52Z","elements.version":1,"elements.changeset":145086723,"elements.user":"Patricia UFBA","elements.uid":604538,"elements.nodes":{},"elements.tags":{}},{"version":0.6,"generator":"Overpass API 0.7.62.1 084b4234","osm3s.timestamp_osm_base":"2024-05-22T02:54:13Z","osm3s.copyright":"The data included in this document is from www.openstreetmap.org. The data is made available under ODbL.","elements.type":"node","elements.id":11415411049,"elements.lat":-23.5063,"elements.lon":-46.5408,"elements.timestamp":"2023-12-13T19:15:52Z","elements.version":1,"elements.changeset":145086723,"elements.user":"Patricia UFBA","elements.uid":604538,"elements.nodes":{},"elements.tags":{}},{"version":0.6,"generator":"Overpass API 0.7.62.1 084b4234","osm3s.timestamp_osm_base":"2024-05-22T02:54:13Z","osm3s.copyright":"The data included in this document is from www.openstreetmap.org. The data is made available under ODbL.","elements.type":"way","elements.id":716970803,"elements.timestamp":"2023-12-13T19:15:52Z","elements.version":2,"elements.changeset":145086723,"elements.user":"Patricia UFBA","elements.uid":604538,"elements.nodes":[6733880275,6733861995,11415411048,6733861993,6733880275],"elements.tags":{"building":"yes","height":"5.179","source":"pmsp"}},{"version":0.6,"generator":"Overpass API 0.7.62.1 084b4234","osm3s.timestamp_osm_base":"2024-05-22T02:54:13Z","osm3s.copyright":"The data included in this document is from www.openstreetmap.org. The data is made available under ODbL.","elements.type":"way","elements.id":716973341,"elements.timestamp":"2023-12-13T19:15:52Z","elements.version":2,"elements.changeset":145086723,"elements.user":"Patricia UFBA","elements.uid":604538,"elements.nodes":[6733880277,6733880276,11415411049,6733880274,6733880273,6733880272,6733880271,6733880277],"elements.tags":{"building":"yes","height":"6.796","source":"pmsp"}}]
