[{"version":0.6,"generator":"Overpass API 0.7.62.1 084b4234","osm3s.timestamp_osm_base":"2024-05-22T02:56:14Z","osm3s.copyright":"The data included in this document is from www.openstreetmap.org. The data is made available under ODbL.","elements.type":"node","elements.id":11833119465,"elements.lat":-12.9163,"elements.lon":-38.4512,"elements.timestamp":"2024-04-20T15:03:51Z","elements.version":1,"elements.changeset":150267446,"elements.user":"RuanSamOli","elements.uid":21170498,"elements.nodes":{},"elements.tags":{}},{"version":0.6,"generator":"Overpass API 0.7.62.1 084b4234","osm3s.timestamp_osm_base":"2024-05-22T02:56:14Z","osm3s.copyright":"The data included in this document is from www.openstreetmap.org. The data is made available under ODbL.","elements.type":"node","elements.id":11833119466,"elements.lat":-12.9163,"elements.lon":-38.4511,"elements.timestamp":"2024-04-20T15:03:51Z","elements.version":1,"elements.changeset":150267446,"elements.user":"RuanSamOli","elements.uid":21170498,"elements.nodes":{},"elements.tags":{}},{"version":0.6,"generator":"Overpass API 0.7.62.1 084b4234","osm3s.timestamp_osm_base":"2024-05-22T02:56:14Z","osm3s.copyright":"The data included in this document is from www.openstreetmap.org. The data is made available under ODbL.","elements.type":"node","elements.id":11833119467,"elements.lat":-12.9164,"elements.lon":-38.4511,"elements.timestamp":"2024-04-20T15:03:51Z","elements.version":1,"elements.changeset":150267446,"elements.user":"RuanSamOli","elements.uid":21170498,"elements.nodes":{},"elements.tags":{}},{"version":0.6,"generator":"Overpass API 0.7.62.1 084b4234","osm3s.timestamp_osm_base":"2024-05-22T02:56:14Z","osm3s.copyright":"The data included in this document is from www.openstreetmap.org. The data is made available under ODbL.","elements.type":"node","elements.id":11833119468,"elements.lat":-12.9164,"elements.lon":-38.4512,"elements.timestamp":"2024-04-20T15:03:51Z","elements.version":1,"elements.changeset":150267446,"elements.user":"RuanSamOli","elements.uid":21170498,"elements.nodes":{},"elements.tags":{}},{"version":0.6,"generator":"Overpass API 0.7.62.1 084b4234","osm3s.timestamp_osm_base":"2024-05-22T02:56:14Z","osm3s.copyright":"The data included in this document is from www.openstreetmap.org. The data is made available under ODbL.","elements.type":"way","elements.id":1274430045,"elements.timestamp":"2024-04-20T15:03:51Z","elements.version":1,"elements.changeset":150267446,"elements.user":"RuanSamOli","elements.uid":21170498,"elements.nodes":[11833119465,11833119466,11833119467,11833119468,11833119465],"elements.tags":{"addr:city":"Salvador","addr:street":"Rua Célia Marta","addr:suburb":"Jardim Cajazeiras","building":"yes"}}]
