[{"version":0.6,"generator":"Overpass API 0.7.62.1 084b4234","osm3s.timestamp_osm_base":"2024-05-22T02:55:15Z","osm3s.copyright":"The data included in this document is from www.openstreetmap.org. The data is made available under ODbL.","elements.type":"node","elements.id":5277923730,"elements.lat":-12.9987,"elements.lon":-38.5109,"elements.timestamp":"2021-09-29T13:00:21Z","elements.version":3,"elements.changeset":111866227,"elements.user":"Patricia UFBA","elements.uid":604538,"elements.tags":{}},{"version":0.6,"generator":"Overpass API 0.7.62.1 084b4234","osm3s.timestamp_osm_base":"2024-05-22T02:55:15Z","osm3s.copyright":"The data included in this document is from www.openstreetmap.org. The data is made available under ODbL.","elements.type":"node","elements.id":5277923731,"elements.lat":-12.9987,"elements.lon":-38.5109,"elements.timestamp":"2021-09-29T13:00:21Z","elements.version":3,"elements.changeset":111866227,"elements.user":"Patricia UFBA","elements.uid":604538,"elements.tags":{}},{"version":0.6,"generator":"Overpass API 0.7.62.1 084b4234","osm3s.timestamp_osm_base":"2024-05-22T02:55:15Z","osm3s.copyright":"The data included in this document is from www.openstreetmap.org. The data is made available under ODbL.","elements.type":"node","elements.id":5277923732,"elements.lat":-12.9988,"elements.lon":-38.5108,"elements.timestamp":"2021-09-29T13:00:21Z","elements.version":3,"elements.changeset":111866227,"elements.user":"Patricia UFBA","elements.uid":604538,"elements.tags":{}},{"version":0.6,"generator":"Overpass API 0.7.62.1 084b4234","osm3s.timestamp_osm_base":"2024-05-22T02:55:15Z","osm3s.copyright":"The data included in this document is from www.openstreetmap.org. The data is made available under ODbL.","elements.type":"node","elements.id":5277923733,"elements.lat":-12.9988,"elements.lon":-38.5108,"elements.timestamp":"2021-09-29T13:00:21Z","elements.version":3,"elements.changeset":111866227,"elements.user":"Patricia UFBA","elements.uid":604538,"elements.tags":{}},{"version":0.6,"generator":"Overpass API 0.7.62.1 084b4234","osm3s.timestamp_osm_base":"2024-05-22T02:55:15Z","osm3s.copyright":"The data included in this document is from www.openstreetmap.org. The data is made available under ODbL.","elements.type":"node","elements.id":9132176726,"elements.lat":-12.9987,"elements.lon":-38.5113,"elements.timestamp":"2021-09-29T13:00:21Z","elements.version":1,"elements.changeset":111866227,"elements.user":"Patricia UFBA","elements.uid":604538,"elements.tags":{"man_made":"tower"}}]
