[{"version":0.6,"generator":"Overpass API 0.7.62.1 084b4234","osm3s.timestamp_osm_base":"2024-05-22T02:50:09Z","osm3s.copyright":"The data included in this document is from www.openstreetmap.org. The data is made available under ODbL.","elements.type":"node","elements.id":11795563235,"elements.lat":-12.925,"elements.lon":-38.4425,"elements.timestamp":"2024-04-06T15:05:46Z","elements.version":1,"elements.changeset":149659288,"elements.user":"Aimée Borges","elements.uid":12798077},{"version":0.6,"generator":"Overpass API 0.7.62.1 084b4234","osm3s.timestamp_osm_base":"2024-05-22T02:50:09Z","osm3s.copyright":"The data included in this document is from www.openstreetmap.org. The data is made available under ODbL.","elements.type":"node","elements.id":11795563236,"elements.lat":-12.9251,"elements.lon":-38.4425,"elements.timestamp":"2024-04-06T15:05:46Z","elements.version":1,"elements.changeset":149659288,"elements.user":"Aimée Borges","elements.uid":12798077},{"version":0.6,"generator":"Overpass API 0.7.62.1 084b4234","osm3s.timestamp_osm_base":"2024-05-22T02:50:09Z","osm3s.copyright":"The data included in this document is from www.openstreetmap.org. The data is made available under ODbL.","elements.type":"node","elements.id":11795563237,"elements.lat":-12.9251,"elements.lon":-38.4425,"elements.timestamp":"2024-04-06T15:05:46Z","elements.version":1,"elements.changeset":149659288,"elements.user":"Aimée Borges","elements.uid":12798077},{"version":0.6,"generator":"Overpass API 0.7.62.1 084b4234","osm3s.timestamp_osm_base":"2024-05-22T02:50:09Z","osm3s.copyright":"The data included in this document is from www.openstreetmap.org. The data is made available under ODbL.","elements.type":"node","elements.id":11795563238,"elements.lat":-12.925,"elements.lon":-38.4425,"elements.timestamp":"2024-04-06T15:05:46Z","elements.version":1,"elements.changeset":149659288,"elements.user":"Aimée Borges","elements.uid":12798077}]
