[{"version":0.6,"generator":"Overpass API 0.7.62.1 084b4234","osm3s.timestamp_osm_base":"2024-05-22T02:54:13Z","osm3s.copyright":"The data included in this document is from www.openstreetmap.org. The data is made available under ODbL.","elements.type":"node","elements.id":11755531966,"elements.lat":-12.9205,"elements.lon":-38.4321,"elements.timestamp":"2024-03-23T14:24:02Z","elements.version":1,"elements.changeset":149053068,"elements.user":"Mauricio Ed","elements.uid":21160844,"elements.nodes":{},"elements.tags":{}},{"version":0.6,"generator":"Overpass API 0.7.62.1 084b4234","osm3s.timestamp_osm_base":"2024-05-22T02:54:13Z","osm3s.copyright":"The data included in this document is from www.openstreetmap.org. The data is made available under ODbL.","elements.type":"node","elements.id":11755531967,"elements.lat":-12.9205,"elements.lon":-38.4321,"elements.timestamp":"2024-03-23T14:24:02Z","elements.version":1,"elements.changeset":149053068,"elements.user":"Mauricio Ed","elements.uid":21160844,"elements.nodes":{},"elements.tags":{}},{"version":0.6,"generator":"Overpass API 0.7.62.1 084b4234","osm3s.timestamp_osm_base":"2024-05-22T02:54:13Z","osm3s.copyright":"The data included in this document is from www.openstreetmap.org. The data is made available under ODbL.","elements.type":"node","elements.id":11755531968,"elements.lat":-12.9205,"elements.lon":-38.4321,"elements.timestamp":"2024-03-23T14:24:02Z","elements.version":1,"elements.changeset":149053068,"elements.user":"Mauricio Ed","elements.uid":21160844,"elements.nodes":{},"elements.tags":{}},{"version":0.6,"generator":"Overpass API 0.7.62.1 084b4234","osm3s.timestamp_osm_base":"2024-05-22T02:54:13Z","osm3s.copyright":"The data included in this document is from www.openstreetmap.org. The data is made available under ODbL.","elements.type":"node","elements.id":11755566369,"elements.lat":-12.9205,"elements.lon":-38.4321,"elements.timestamp":"2024-03-23T14:24:02Z","elements.version":1,"elements.changeset":149053068,"elements.user":"Mauricio Ed","elements.uid":21160844,"elements.nodes":{},"elements.tags":{}},{"version":0.6,"generator":"Overpass API 0.7.62.1 084b4234","osm3s.timestamp_osm_base":"2024-05-22T02:54:13Z","osm3s.copyright":"The data included in this document is from www.openstreetmap.org. The data is made available under ODbL.","elements.type":"way","elements.id":1265526005,"elements.timestamp":"2024-03-23T14:24:02Z","elements.version":1,"elements.changeset":149053068,"elements.user":"Mauricio Ed","elements.uid":21160844,"elements.nodes":[11755531966,11755531967,11755531968,11755566369,11755531966],"elements.tags":{"addr:city":"Salvador","building":"yes"}}]
