[{"version":0.6,"generator":"Overpass API 0.7.62.1 084b4234","osm3s.timestamp_osm_base":"2024-05-22T02:53:14Z","osm3s.copyright":"The data included in this document is from www.openstreetmap.org. The data is made available under ODbL.","elements.type":"node","elements.id":7747227547,"elements.lat":-12.9404,"elements.lon":-38.5001,"elements.timestamp":"2020-07-25T18:34:24Z","elements.version":1,"elements.changeset":88503250,"elements.user":"Marbrisareis","elements.uid":10174407,"elements.nodes":{},"elements.tags":{}},{"version":0.6,"generator":"Overpass API 0.7.62.1 084b4234","osm3s.timestamp_osm_base":"2024-05-22T02:53:14Z","osm3s.copyright":"The data included in this document is from www.openstreetmap.org. The data is made available under ODbL.","elements.type":"node","elements.id":7747227549,"elements.lat":-12.9404,"elements.lon":-38.5,"elements.timestamp":"2020-07-25T18:34:24Z","elements.version":1,"elements.changeset":88503250,"elements.user":"Marbrisareis","elements.uid":10174407,"elements.nodes":{},"elements.tags":{}},{"version":0.6,"generator":"Overpass API 0.7.62.1 084b4234","osm3s.timestamp_osm_base":"2024-05-22T02:53:14Z","osm3s.copyright":"The data included in this document is from www.openstreetmap.org. The data is made available under ODbL.","elements.type":"node","elements.id":7747227550,"elements.lat":-12.9403,"elements.lon":-38.5001,"elements.timestamp":"2020-07-25T18:34:24Z","elements.version":1,"elements.changeset":88503250,"elements.user":"Marbrisareis","elements.uid":10174407,"elements.nodes":{},"elements.tags":{}},{"version":0.6,"generator":"Overpass API 0.7.62.1 084b4234","osm3s.timestamp_osm_base":"2024-05-22T02:53:14Z","osm3s.copyright":"The data included in this document is from www.openstreetmap.org. The data is made available under ODbL.","elements.type":"node","elements.id":7747227551,"elements.lat":-12.9405,"elements.lon":-38.5003,"elements.timestamp":"2020-07-25T18:34:24Z","elements.version":1,"elements.changeset":88503250,"elements.user":"Marbrisareis","elements.uid":10174407,"elements.nodes":{},"elements.tags":{}},{"version":0.6,"generator":"Overpass API 0.7.62.1 084b4234","osm3s.timestamp_osm_base":"2024-05-22T02:53:14Z","osm3s.copyright":"The data included in this document is from www.openstreetmap.org. The data is made available under ODbL.","elements.type":"node","elements.id":7747227552,"elements.lat":-12.9405,"elements.lon":-38.5003,"elements.timestamp":"2020-07-25T18:34:24Z","elements.version":1,"elements.changeset":88503250,"elements.user":"Marbrisareis","elements.uid":10174407,"elements.nodes":{},"elements.tags":{}},{"version":0.6,"generator":"Overpass API 0.7.62.1 084b4234","osm3s.timestamp_osm_base":"2024-05-22T02:53:14Z","osm3s.copyright":"The data included in this document is from www.openstreetmap.org. The data is made available under ODbL.","elements.type":"node","elements.id":7747227553,"elements.lat":-12.9406,"elements.lon":-38.5001,"elements.timestamp":"2020-07-25T18:34:24Z","elements.version":1,"elements.changeset":88503250,"elements.user":"Marbrisareis","elements.uid":10174407,"elements.nodes":{},"elements.tags":{}},{"version":0.6,"generator":"Overpass API 0.7.62.1 084b4234","osm3s.timestamp_osm_base":"2024-05-22T02:53:14Z","osm3s.copyright":"The data included in this document is from www.openstreetmap.org. The data is made available under ODbL.","elements.type":"node","elements.id":7747227554,"elements.lat":-12.9407,"elements.lon":-38.5001,"elements.timestamp":"2020-07-25T18:34:24Z","elements.version":1,"elements.changeset":88503250,"elements.user":"Marbrisareis","elements.uid":10174407,"elements.nodes":{},"elements.tags":{}},{"version":0.6,"generator":"Overpass API 0.7.62.1 084b4234","osm3s.timestamp_osm_base":"2024-05-22T02:53:14Z","osm3s.copyright":"The data included in this document is from www.openstreetmap.org. The data is made available under ODbL.","elements.type":"way","elements.id":830088981,"elements.timestamp":"2020-07-25T18:34:24Z","elements.version":1,"elements.changeset":88503250,"elements.user":"Marbrisareis","elements.uid":10174407,"elements.nodes":[7747227551,7747227552,7747227553,7747227554,7747227551],"elements.tags":{"building":"yes"}}]
