[{"version":0.6,"generator":"Overpass API 0.7.62.1 084b4234","osm3s.timestamp_osm_base":"2024-05-22T02:53:14Z","osm3s.copyright":"The data included in this document is from www.openstreetmap.org. The data is made available under ODbL.","elements.type":"node","elements.id":7810628430,"elements.lat":-12.9138,"elements.lon":-38.4829,"elements.timestamp":"2020-08-13T17:39:42Z","elements.version":1,"elements.changeset":89369242,"elements.user":"Marbrisareis","elements.uid":10174407},{"version":0.6,"generator":"Overpass API 0.7.62.1 084b4234","osm3s.timestamp_osm_base":"2024-05-22T02:53:14Z","osm3s.copyright":"The data included in this document is from www.openstreetmap.org. The data is made available under ODbL.","elements.type":"node","elements.id":7810628431,"elements.lat":-12.9139,"elements.lon":-38.4826,"elements.timestamp":"2020-08-13T17:39:42Z","elements.version":1,"elements.changeset":89369242,"elements.user":"Marbrisareis","elements.uid":10174407},{"version":0.6,"generator":"Overpass API 0.7.62.1 084b4234","osm3s.timestamp_osm_base":"2024-05-22T02:53:14Z","osm3s.copyright":"The data included in this document is from www.openstreetmap.org. The data is made available under ODbL.","elements.type":"node","elements.id":7810628432,"elements.lat":-12.9138,"elements.lon":-38.4825,"elements.timestamp":"2020-08-13T17:39:42Z","elements.version":1,"elements.changeset":89369242,"elements.user":"Marbrisareis","elements.uid":10174407}]
