[{"version":0.6,"generator":"Overpass API 0.7.62.1 084b4234","osm3s.timestamp_osm_base":"2024-05-22T02:53:14Z","osm3s.copyright":"The data included in this document is from www.openstreetmap.org. The data is made available under ODbL.","elements.type":"node","elements.id":7757590710,"elements.lat":-12.9106,"elements.lon":-38.4737,"elements.timestamp":"2020-07-27T19:29:21Z","elements.version":1,"elements.changeset":88582575,"elements.user":"Marbrisareis","elements.uid":10174407,"elements.nodes":{},"elements.tags":{}},{"version":0.6,"generator":"Overpass API 0.7.62.1 084b4234","osm3s.timestamp_osm_base":"2024-05-22T02:53:14Z","osm3s.copyright":"The data included in this document is from www.openstreetmap.org. The data is made available under ODbL.","elements.type":"node","elements.id":7757590711,"elements.lat":-12.9107,"elements.lon":-38.4737,"elements.timestamp":"2020-07-27T19:29:21Z","elements.version":1,"elements.changeset":88582575,"elements.user":"Marbrisareis","elements.uid":10174407,"elements.nodes":{},"elements.tags":{}},{"version":0.6,"generator":"Overpass API 0.7.62.1 084b4234","osm3s.timestamp_osm_base":"2024-05-22T02:53:14Z","osm3s.copyright":"The data included in this document is from www.openstreetmap.org. The data is made available under ODbL.","elements.type":"node","elements.id":7757590712,"elements.lat":-12.9107,"elements.lon":-38.4737,"elements.timestamp":"2020-07-27T19:29:21Z","elements.version":1,"elements.changeset":88582575,"elements.user":"Marbrisareis","elements.uid":10174407,"elements.nodes":{},"elements.tags":{}},{"version":0.6,"generator":"Overpass API 0.7.62.1 084b4234","osm3s.timestamp_osm_base":"2024-05-22T02:53:14Z","osm3s.copyright":"The data included in this document is from www.openstreetmap.org. The data is made available under ODbL.","elements.type":"node","elements.id":7757590713,"elements.lat":-12.9106,"elements.lon":-38.4737,"elements.timestamp":"2020-07-27T19:29:21Z","elements.version":1,"elements.changeset":88582575,"elements.user":"Marbrisareis","elements.uid":10174407,"elements.nodes":{},"elements.tags":{}},{"version":0.6,"generator":"Overpass API 0.7.62.1 084b4234","osm3s.timestamp_osm_base":"2024-05-22T02:53:14Z","osm3s.copyright":"The data included in this document is from www.openstreetmap.org. The data is made available under ODbL.","elements.type":"way","elements.id":830860160,"elements.timestamp":"2020-07-27T19:29:21Z","elements.version":1,"elements.changeset":88582575,"elements.user":"Marbrisareis","elements.uid":10174407,"elements.nodes":[7757590710,7757590711,7757590712,7757590713,7757590710],"elements.tags":{"building":"yes"}}]
