[{"version":0.6,"generator":"Overpass API 0.7.62.1 084b4234","osm3s.timestamp_osm_base":"2024-05-22T02:54:13Z","osm3s.copyright":"The data included in this document is from www.openstreetmap.org. The data is made available under ODbL.","elements.type":"node","elements.id":11528893851,"elements.lat":-12.844,"elements.lon":-38.3568,"elements.timestamp":"2024-01-18T20:59:57Z","elements.version":1,"elements.changeset":146420619,"elements.user":"Patricia UFBA","elements.uid":604538},{"version":0.6,"generator":"Overpass API 0.7.62.1 084b4234","osm3s.timestamp_osm_base":"2024-05-22T02:54:13Z","osm3s.copyright":"The data included in this document is from www.openstreetmap.org. The data is made available under ODbL.","elements.type":"node","elements.id":11528893852,"elements.lat":-12.8439,"elements.lon":-38.3571,"elements.timestamp":"2024-01-18T20:59:57Z","elements.version":1,"elements.changeset":146420619,"elements.user":"Patricia UFBA","elements.uid":604538},{"version":0.6,"generator":"Overpass API 0.7.62.1 084b4234","osm3s.timestamp_osm_base":"2024-05-22T02:54:13Z","osm3s.copyright":"The data included in this document is from www.openstreetmap.org. The data is made available under ODbL.","elements.type":"node","elements.id":11528893853,"elements.lat":-12.8441,"elements.lon":-38.3572,"elements.timestamp":"2024-01-18T20:59:57Z","elements.version":1,"elements.changeset":146420619,"elements.user":"Patricia UFBA","elements.uid":604538},{"version":0.6,"generator":"Overpass API 0.7.62.1 084b4234","osm3s.timestamp_osm_base":"2024-05-22T02:54:13Z","osm3s.copyright":"The data included in this document is from www.openstreetmap.org. The data is made available under ODbL.","elements.type":"node","elements.id":11528893854,"elements.lat":-12.8443,"elements.lon":-38.3569,"elements.timestamp":"2024-01-18T20:59:57Z","elements.version":1,"elements.changeset":146420619,"elements.user":"Patricia UFBA","elements.uid":604538},{"version":0.6,"generator":"Overpass API 0.7.62.1 084b4234","osm3s.timestamp_osm_base":"2024-05-22T02:54:13Z","osm3s.copyright":"The data included in this document is from www.openstreetmap.org. The data is made available under ODbL.","elements.type":"node","elements.id":11528897351,"elements.lat":-12.8444,"elements.lon":-38.3569,"elements.timestamp":"2024-01-18T20:59:57Z","elements.version":2,"elements.changeset":146420619,"elements.user":"Patricia UFBA","elements.uid":604538},{"version":0.6,"generator":"Overpass API 0.7.62.1 084b4234","osm3s.timestamp_osm_base":"2024-05-22T02:54:13Z","osm3s.copyright":"The data included in this document is from www.openstreetmap.org. The data is made available under ODbL.","elements.type":"node","elements.id":11528897352,"elements.lat":-12.8444,"elements.lon":-38.357,"elements.timestamp":"2024-01-18T20:59:57Z","elements.version":2,"elements.changeset":146420619,"elements.user":"Patricia UFBA","elements.uid":604538},{"version":0.6,"generator":"Overpass API 0.7.62.1 084b4234","osm3s.timestamp_osm_base":"2024-05-22T02:54:13Z","osm3s.copyright":"The data included in this document is from www.openstreetmap.org. The data is made available under ODbL.","elements.type":"node","elements.id":11528897353,"elements.lat":-12.8443,"elements.lon":-38.357,"elements.timestamp":"2024-01-18T20:59:57Z","elements.version":2,"elements.changeset":146420619,"elements.user":"Patricia UFBA","elements.uid":604538}]
