[{"version":0.6,"generator":"Overpass API 0.7.62.1 084b4234","osm3s.timestamp_osm_base":"2024-05-22T02:50:09Z","osm3s.copyright":"The data included in this document is from www.openstreetmap.org. The data is made available under ODbL.","elements.type":"way","elements.id":259065469,"elements.timestamp":"2023-11-25T13:17:30Z","elements.version":4,"elements.changeset":144440792,"elements.user":"Aimée Borges","elements.uid":12798077,"elements.nodes":[2643941088,11375205149,11375205148,11375205147,11375205146,11375205145,11375205144,2643941089,2643941087,2643941086,2643941088],"elements.tags":{"building":"residential","building:levels":"15"}}]
