[{"version":0.6,"generator":"Overpass API 0.7.62.1 084b4234","osm3s.timestamp_osm_base":"2024-05-22T02:54:13Z","osm3s.copyright":"The data included in this document is from www.openstreetmap.org. The data is made available under ODbL.","elements.type":"node","elements.id":11813602900,"elements.lat":-12.928,"elements.lon":-38.4464,"elements.timestamp":"2024-04-13T12:11:00Z","elements.version":1,"elements.changeset":149948838,"elements.user":"Patricia UFBA","elements.uid":604538,"elements.nodes":{},"elements.tags":{}},{"version":0.6,"generator":"Overpass API 0.7.62.1 084b4234","osm3s.timestamp_osm_base":"2024-05-22T02:54:13Z","osm3s.copyright":"The data included in this document is from www.openstreetmap.org. The data is made available under ODbL.","elements.type":"node","elements.id":11813602901,"elements.lat":-12.928,"elements.lon":-38.4465,"elements.timestamp":"2024-04-13T12:11:00Z","elements.version":1,"elements.changeset":149948838,"elements.user":"Patricia UFBA","elements.uid":604538,"elements.nodes":{},"elements.tags":{}},{"version":0.6,"generator":"Overpass API 0.7.62.1 084b4234","osm3s.timestamp_osm_base":"2024-05-22T02:54:13Z","osm3s.copyright":"The data included in this document is from www.openstreetmap.org. The data is made available under ODbL.","elements.type":"node","elements.id":11813602902,"elements.lat":-12.9279,"elements.lon":-38.4464,"elements.timestamp":"2024-04-13T12:11:00Z","elements.version":1,"elements.changeset":149948838,"elements.user":"Patricia UFBA","elements.uid":604538,"elements.nodes":{},"elements.tags":{}},{"version":0.6,"generator":"Overpass API 0.7.62.1 084b4234","osm3s.timestamp_osm_base":"2024-05-22T02:54:13Z","osm3s.copyright":"The data included in this document is from www.openstreetmap.org. The data is made available under ODbL.","elements.type":"node","elements.id":11813602903,"elements.lat":-12.9279,"elements.lon":-38.4463,"elements.timestamp":"2024-04-13T12:11:00Z","elements.version":1,"elements.changeset":149948838,"elements.user":"Patricia UFBA","elements.uid":604538,"elements.nodes":{},"elements.tags":{}},{"version":0.6,"generator":"Overpass API 0.7.62.1 084b4234","osm3s.timestamp_osm_base":"2024-05-22T02:54:13Z","osm3s.copyright":"The data included in this document is from www.openstreetmap.org. The data is made available under ODbL.","elements.type":"way","elements.id":1272192643,"elements.timestamp":"2024-04-13T12:11:00Z","elements.version":1,"elements.changeset":149948838,"elements.user":"Patricia UFBA","elements.uid":604538,"elements.nodes":[11813602900,11813602901,11813602902,11813602903,11813602900],"elements.tags":{"building":"yes"}}]
