[{"version":0.6,"generator":"Overpass API 0.7.62.1 084b4234","osm3s.timestamp_osm_base":"2024-05-22T02:51:14Z","osm3s.copyright":"The data included in this document is from www.openstreetmap.org. The data is made available under ODbL.","elements.type":"node","elements.id":11885091975,"elements.lat":-29.6307,"elements.lon":-52.812,"elements.timestamp":"2024-05-06T22:52:26Z","elements.version":2,"elements.changeset":150985505,"elements.user":"Igor_Santana","elements.uid":17355350,"elements.nodes":{},"elements.tags":{}},{"version":0.6,"generator":"Overpass API 0.7.62.1 084b4234","osm3s.timestamp_osm_base":"2024-05-22T02:51:14Z","osm3s.copyright":"The data included in this document is from www.openstreetmap.org. The data is made available under ODbL.","elements.type":"way","elements.id":1280393315,"elements.timestamp":"2024-05-06T22:52:26Z","elements.version":1,"elements.changeset":150985505,"elements.user":"Igor_Santana","elements.uid":17355350,"elements.nodes":[11885091975,11885089933,11880151832],"elements.tags":{"highway":"unclassified","source":"maxar;bing satelite","surface":"unpaved"}}]
