[{"version":0.6,"generator":"Overpass API 0.7.62.1 084b4234","osm3s.timestamp_osm_base":"2024-05-22T02:53:14Z","osm3s.copyright":"The data included in this document is from www.openstreetmap.org. The data is made available under ODbL.","elements.type":"node","elements.id":7810700304,"elements.lat":-12.9165,"elements.lon":-38.4823,"elements.timestamp":"2020-08-13T18:15:36Z","elements.version":1,"elements.changeset":89370241,"elements.user":"Marbrisareis","elements.uid":10174407,"elements.tags":{},"elements.nodes":{}},{"version":0.6,"generator":"Overpass API 0.7.62.1 084b4234","osm3s.timestamp_osm_base":"2024-05-22T02:53:14Z","osm3s.copyright":"The data included in this document is from www.openstreetmap.org. The data is made available under ODbL.","elements.type":"node","elements.id":7810700305,"elements.lat":-12.9165,"elements.lon":-38.4821,"elements.timestamp":"2020-08-13T18:15:36Z","elements.version":1,"elements.changeset":89370241,"elements.user":"Marbrisareis","elements.uid":10174407,"elements.tags":{},"elements.nodes":{}},{"version":0.6,"generator":"Overpass API 0.7.62.1 084b4234","osm3s.timestamp_osm_base":"2024-05-22T02:53:14Z","osm3s.copyright":"The data included in this document is from www.openstreetmap.org. The data is made available under ODbL.","elements.type":"node","elements.id":7810700306,"elements.lat":-12.9164,"elements.lon":-38.4821,"elements.timestamp":"2020-08-13T18:15:36Z","elements.version":1,"elements.changeset":89370241,"elements.user":"Marbrisareis","elements.uid":10174407,"elements.tags":{},"elements.nodes":{}},{"version":0.6,"generator":"Overpass API 0.7.62.1 084b4234","osm3s.timestamp_osm_base":"2024-05-22T02:53:14Z","osm3s.copyright":"The data included in this document is from www.openstreetmap.org. The data is made available under ODbL.","elements.type":"node","elements.id":7810700307,"elements.lat":-12.9164,"elements.lon":-38.4823,"elements.timestamp":"2020-08-13T18:15:36Z","elements.version":1,"elements.changeset":89370241,"elements.user":"Marbrisareis","elements.uid":10174407,"elements.tags":{},"elements.nodes":{}},{"version":0.6,"generator":"Overpass API 0.7.62.1 084b4234","osm3s.timestamp_osm_base":"2024-05-22T02:53:14Z","osm3s.copyright":"The data included in this document is from www.openstreetmap.org. The data is made available under ODbL.","elements.type":"node","elements.id":7810700308,"elements.lat":-12.9164,"elements.lon":-38.4822,"elements.timestamp":"2020-08-13T18:15:36Z","elements.version":1,"elements.changeset":89370241,"elements.user":"Marbrisareis","elements.uid":10174407,"elements.tags":{"amenity":"place_of_worship","name":"Igreja Batista Nova História Em Cristo"},"elements.nodes":{}},{"version":0.6,"generator":"Overpass API 0.7.62.1 084b4234","osm3s.timestamp_osm_base":"2024-05-22T02:53:14Z","osm3s.copyright":"The data included in this document is from www.openstreetmap.org. The data is made available under ODbL.","elements.type":"way","elements.id":836887993,"elements.timestamp":"2020-08-13T18:15:36Z","elements.version":1,"elements.changeset":89370241,"elements.user":"Marbrisareis","elements.uid":10174407,"elements.tags":{"building":"yes"},"elements.nodes":[7810700304,7810700305,7810700306,7810700307,7810700304]}]
