[{"version":0.6,"generator":"Overpass API 0.7.62.1 084b4234","osm3s.timestamp_osm_base":"2024-05-22T02:50:09Z","osm3s.copyright":"The data included in this document is from www.openstreetmap.org. The data is made available under ODbL.","elements.type":"node","elements.id":4221906896,"elements.lat":-12.9589,"elements.lon":-38.4886,"elements.timestamp":"2024-04-20T18:55:04Z","elements.version":3,"elements.changeset":150276839,"elements.user":"Adailton Barros","elements.uid":21328495,"elements.tags":{"addr:street":"Rua Marquês de Maricar","amenity":"fuel","name":"Posto Largo do Tamarineiro","opening_hours":"24/7"}}]
