[{"version":0.6,"generator":"Overpass API 0.7.62.1 084b4234","osm3s.timestamp_osm_base":"2024-05-22T02:52:13Z","osm3s.copyright":"The data included in this document is from www.openstreetmap.org. The data is made available under ODbL.","elements.type":"node","elements.id":10974894214,"elements.lat":-12.9634,"elements.lon":-38.4044,"elements.timestamp":"2023-06-13T19:37:16Z","elements.version":1,"elements.changeset":137300424,"elements.user":"Igor_Santana","elements.uid":17355350,"elements.nodes":{},"elements.tags":{}},{"version":0.6,"generator":"Overpass API 0.7.62.1 084b4234","osm3s.timestamp_osm_base":"2024-05-22T02:52:13Z","osm3s.copyright":"The data included in this document is from www.openstreetmap.org. The data is made available under ODbL.","elements.type":"node","elements.id":10974894215,"elements.lat":-12.9635,"elements.lon":-38.4043,"elements.timestamp":"2023-06-13T19:37:16Z","elements.version":1,"elements.changeset":137300424,"elements.user":"Igor_Santana","elements.uid":17355350,"elements.nodes":{},"elements.tags":{}},{"version":0.6,"generator":"Overpass API 0.7.62.1 084b4234","osm3s.timestamp_osm_base":"2024-05-22T02:52:13Z","osm3s.copyright":"The data included in this document is from www.openstreetmap.org. The data is made available under ODbL.","elements.type":"node","elements.id":10974894216,"elements.lat":-12.9635,"elements.lon":-38.4041,"elements.timestamp":"2023-06-13T19:37:16Z","elements.version":1,"elements.changeset":137300424,"elements.user":"Igor_Santana","elements.uid":17355350,"elements.nodes":{},"elements.tags":{}},{"version":0.6,"generator":"Overpass API 0.7.62.1 084b4234","osm3s.timestamp_osm_base":"2024-05-22T02:52:13Z","osm3s.copyright":"The data included in this document is from www.openstreetmap.org. The data is made available under ODbL.","elements.type":"node","elements.id":10974894217,"elements.lat":-12.9633,"elements.lon":-38.4042,"elements.timestamp":"2023-06-13T19:37:16Z","elements.version":1,"elements.changeset":137300424,"elements.user":"Igor_Santana","elements.uid":17355350,"elements.nodes":{},"elements.tags":{}},{"version":0.6,"generator":"Overpass API 0.7.62.1 084b4234","osm3s.timestamp_osm_base":"2024-05-22T02:52:13Z","osm3s.copyright":"The data included in this document is from www.openstreetmap.org. The data is made available under ODbL.","elements.type":"way","elements.id":1181850457,"elements.timestamp":"2023-06-13T19:37:16Z","elements.version":1,"elements.changeset":137300424,"elements.user":"Igor_Santana","elements.uid":17355350,"elements.nodes":[10974894214,10974894215,10974894216,10974894217,10974894214],"elements.tags":{"addr:city":"Salvador","addr:street":"Rua Manoel Antônio Galvão","addr:suburb":"Patamares","building":"yes"}}]
