[{"version":0.6,"generator":"Overpass API 0.7.62.1 084b4234","osm3s.timestamp_osm_base":"2024-05-22T02:53:14Z","osm3s.copyright":"The data included in this document is from www.openstreetmap.org. The data is made available under ODbL.","elements.type":"way","elements.id":836529532,"elements.timestamp":"2020-08-12T20:39:22Z","elements.version":1,"elements.changeset":89321757,"elements.user":"Marbrisareis","elements.uid":10174407,"elements.nodes":[7807701532,7807701533,7807701536,7807701534,7807701535,7807701532],"elements.tags":{"building":"yes"}}]
