[{"version":0.6,"generator":"Overpass API 0.7.62.1 084b4234","osm3s.timestamp_osm_base":"2024-05-22T02:52:13Z","osm3s.copyright":"The data included in this document is from www.openstreetmap.org. The data is made available under ODbL.","elements.type":"node","elements.id":9562637878,"elements.lat":-12.9324,"elements.lon":-38.4783,"elements.timestamp":"2022-03-08T13:36:44Z","elements.version":3,"elements.changeset":118237196,"elements.user":"Marbrisareis","elements.uid":10174407,"elements.tags":{"amenity":"dojo","name":"Distrito Jiu - Jtisu CT São Caetano"}}]
