[{"version":0.6,"generator":"Overpass API 0.7.62.1 084b4234","osm3s.timestamp_osm_base":"2024-05-22T02:52:13Z","osm3s.copyright":"The data included in this document is from www.openstreetmap.org. The data is made available under ODbL.","elements.type":"node","elements.id":7830431072,"elements.lat":-12.9165,"elements.lon":-38.4823,"elements.timestamp":"2020-08-20T19:33:52Z","elements.version":1,"elements.changeset":89709061,"elements.user":"Marbrisareis","elements.uid":10174407,"elements.nodes":{},"elements.tags":{}},{"version":0.6,"generator":"Overpass API 0.7.62.1 084b4234","osm3s.timestamp_osm_base":"2024-05-22T02:52:13Z","osm3s.copyright":"The data included in this document is from www.openstreetmap.org. The data is made available under ODbL.","elements.type":"node","elements.id":7830431073,"elements.lat":-12.9165,"elements.lon":-38.4821,"elements.timestamp":"2020-08-20T19:33:52Z","elements.version":1,"elements.changeset":89709061,"elements.user":"Marbrisareis","elements.uid":10174407,"elements.nodes":{},"elements.tags":{}},{"version":0.6,"generator":"Overpass API 0.7.62.1 084b4234","osm3s.timestamp_osm_base":"2024-05-22T02:52:13Z","osm3s.copyright":"The data included in this document is from www.openstreetmap.org. The data is made available under ODbL.","elements.type":"node","elements.id":7830431074,"elements.lat":-12.9166,"elements.lon":-38.4821,"elements.timestamp":"2020-08-20T19:33:52Z","elements.version":1,"elements.changeset":89709061,"elements.user":"Marbrisareis","elements.uid":10174407,"elements.nodes":{},"elements.tags":{}},{"version":0.6,"generator":"Overpass API 0.7.62.1 084b4234","osm3s.timestamp_osm_base":"2024-05-22T02:52:13Z","osm3s.copyright":"The data included in this document is from www.openstreetmap.org. The data is made available under ODbL.","elements.type":"node","elements.id":7830431075,"elements.lat":-12.9166,"elements.lon":-38.4823,"elements.timestamp":"2020-08-20T19:33:52Z","elements.version":1,"elements.changeset":89709061,"elements.user":"Marbrisareis","elements.uid":10174407,"elements.nodes":{},"elements.tags":{}},{"version":0.6,"generator":"Overpass API 0.7.62.1 084b4234","osm3s.timestamp_osm_base":"2024-05-22T02:52:13Z","osm3s.copyright":"The data included in this document is from www.openstreetmap.org. The data is made available under ODbL.","elements.type":"way","elements.id":839121135,"elements.timestamp":"2020-08-20T19:33:52Z","elements.version":1,"elements.changeset":89709061,"elements.user":"Marbrisareis","elements.uid":10174407,"elements.nodes":[7830431072,7830431073,7830431074,7830431075,7830431072],"elements.tags":{"building":"yes"}}]
