[{"version":0.6,"generator":"Overpass API 0.7.62.1 084b4234","osm3s.timestamp_osm_base":"2024-05-22T02:57:13Z","osm3s.copyright":"The data included in this document is from www.openstreetmap.org. The data is made available under ODbL.","elements.type":"node","elements.id":9042022399,"elements.lat":-21.144,"elements.lon":-44.2737,"elements.timestamp":"2021-08-27T23:35:03Z","elements.version":1,"elements.changeset":110362016,"elements.user":"Tainá Couto","elements.uid":11539375},{"version":0.6,"generator":"Overpass API 0.7.62.1 084b4234","osm3s.timestamp_osm_base":"2024-05-22T02:57:13Z","osm3s.copyright":"The data included in this document is from www.openstreetmap.org. The data is made available under ODbL.","elements.type":"node","elements.id":9042022400,"elements.lat":-21.144,"elements.lon":-44.2737,"elements.timestamp":"2021-08-27T23:35:03Z","elements.version":1,"elements.changeset":110362016,"elements.user":"Tainá Couto","elements.uid":11539375},{"version":0.6,"generator":"Overpass API 0.7.62.1 084b4234","osm3s.timestamp_osm_base":"2024-05-22T02:57:13Z","osm3s.copyright":"The data included in this document is from www.openstreetmap.org. The data is made available under ODbL.","elements.type":"node","elements.id":9042022401,"elements.lat":-21.144,"elements.lon":-44.2737,"elements.timestamp":"2021-08-27T23:35:03Z","elements.version":1,"elements.changeset":110362016,"elements.user":"Tainá Couto","elements.uid":11539375},{"version":0.6,"generator":"Overpass API 0.7.62.1 084b4234","osm3s.timestamp_osm_base":"2024-05-22T02:57:13Z","osm3s.copyright":"The data included in this document is from www.openstreetmap.org. The data is made available under ODbL.","elements.type":"node","elements.id":9042022402,"elements.lat":-21.144,"elements.lon":-44.2737,"elements.timestamp":"2021-08-27T23:35:03Z","elements.version":1,"elements.changeset":110362016,"elements.user":"Tainá Couto","elements.uid":11539375},{"version":0.6,"generator":"Overpass API 0.7.62.1 084b4234","osm3s.timestamp_osm_base":"2024-05-22T02:57:13Z","osm3s.copyright":"The data included in this document is from www.openstreetmap.org. The data is made available under ODbL.","elements.type":"node","elements.id":9042022403,"elements.lat":-21.144,"elements.lon":-44.2735,"elements.timestamp":"2021-08-27T23:35:03Z","elements.version":1,"elements.changeset":110362016,"elements.user":"Tainá Couto","elements.uid":11539375},{"version":0.6,"generator":"Overpass API 0.7.62.1 084b4234","osm3s.timestamp_osm_base":"2024-05-22T02:57:13Z","osm3s.copyright":"The data included in this document is from www.openstreetmap.org. The data is made available under ODbL.","elements.type":"node","elements.id":9042022404,"elements.lat":-21.1439,"elements.lon":-44.2736,"elements.timestamp":"2021-08-27T23:35:03Z","elements.version":1,"elements.changeset":110362016,"elements.user":"Tainá Couto","elements.uid":11539375}]
