[{"version":0.6,"generator":"Overpass API 0.7.62.1 084b4234","osm3s.timestamp_osm_base":"2024-05-22T02:57:13Z","osm3s.copyright":"The data included in this document is from www.openstreetmap.org. The data is made available under ODbL.","elements.type":"node","elements.id":4559179501,"elements.lat":-13.0006,"elements.lon":-38.509,"elements.timestamp":"2023-04-13T20:10:39Z","elements.version":2,"elements.changeset":134877686,"elements.user":"Tainá Couto","elements.uid":11539375,"elements.tags":{"amenity":"bicycle_parking","bicycle_parking":"stands","capacity":"4"},"elements.nodes":{}},{"version":0.6,"generator":"Overpass API 0.7.62.1 084b4234","osm3s.timestamp_osm_base":"2024-05-22T02:57:13Z","osm3s.copyright":"The data included in this document is from www.openstreetmap.org. The data is made available under ODbL.","elements.type":"way","elements.id":49381198,"elements.timestamp":"2023-04-13T20:10:39Z","elements.version":25,"elements.changeset":134877686,"elements.user":"Tainá Couto","elements.uid":11539375,"elements.tags":{"highway":"service","name":"Rua Barão de Jeremoabo","note":"There is a slight difference in spelling between OSM (Geremoabo) and IBGE ( Jeremoabo) data.","oneway":"no"},"elements.nodes":[5255080355,4583756219,7267103139,2382697629,7593234006,2382697631,3939103199,627161663,7593234007,3939103198,7267103140,7593254385,7593234008,4583756220,627161687,7593234009,7593234010,627161702,2917556149,3939103200,2917556148,627161717,7593234011,2917556151,2917556153,3939103201,627161731,7593234012,627161743,7267103141,3939103217,4583756221,627161765,3939103216,3939103215,3939103214,627161778,5292698998,5648542852,5258798727,4583756223,7593234065]},{"version":0.6,"generator":"Overpass API 0.7.62.1 084b4234","osm3s.timestamp_osm_base":"2024-05-22T02:57:13Z","osm3s.copyright":"The data included in this document is from www.openstreetmap.org. The data is made available under ODbL.","elements.type":"way","elements.id":590602808,"elements.timestamp":"2023-04-13T20:10:39Z","elements.version":6,"elements.changeset":134877686,"elements.user":"Tainá Couto","elements.uid":11539375,"elements.tags":{"highway":"service","name":"Rua Barão de Jeremoabo","oneway":"yes","lit":"yes","source":"Yahoo Sat","surface":"asphalt"},"elements.nodes":[5638547523,6983103040,6983103039,6983103038,6983103037,5375783193,5638547219,5638547218,7593234040,5375783198,6983103041,5375783197]},{"version":0.6,"generator":"Overpass API 0.7.62.1 084b4234","osm3s.timestamp_osm_base":"2024-05-22T02:57:13Z","osm3s.copyright":"The data included in this document is from www.openstreetmap.org. The data is made available under ODbL.","elements.type":"way","elements.id":746197113,"elements.timestamp":"2023-04-13T20:10:39Z","elements.version":6,"elements.changeset":134877686,"elements.user":"Tainá Couto","elements.uid":11539375,"elements.tags":{"highway":"service","name":"Rua Barão de Jeremoabo","oneway":"yes","lit":"yes","source":"Yahoo Sat","surface":"asphalt"},"elements.nodes":[6983103022,5256913094,2917556181,627162185,7593234051,5375783196]},{"version":0.6,"generator":"Overpass API 0.7.62.1 084b4234","osm3s.timestamp_osm_base":"2024-05-22T02:57:13Z","osm3s.copyright":"The data included in this document is from www.openstreetmap.org. The data is made available under ODbL.","elements.type":"way","elements.id":746197117,"elements.timestamp":"2023-04-13T20:10:39Z","elements.version":5,"elements.changeset":134877686,"elements.user":"Tainá Couto","elements.uid":11539375,"elements.tags":{"highway":"service","name":"Rua Barão de Jeremoabo","oneway":"yes","lit":"yes","source":"Yahoo Sat","surface":"asphalt"},"elements.nodes":[3939103310,7593234021,7593234022,627162195,3939103309]},{"version":0.6,"generator":"Overpass API 0.7.62.1 084b4234","osm3s.timestamp_osm_base":"2024-05-22T02:57:13Z","osm3s.copyright":"The data included in this document is from www.openstreetmap.org. The data is made available under ODbL.","elements.type":"way","elements.id":746197119,"elements.timestamp":"2023-04-13T20:10:39Z","elements.version":6,"elements.changeset":134877686,"elements.user":"Tainá Couto","elements.uid":11539375,"elements.tags":{"highway":"service","name":"Rua Barão de Jeremoabo","lit":"yes","source":"Yahoo Sat","surface":"asphalt"},"elements.nodes":[3939103309,1279174244,7593234019,7271897851,3939103302,2917556175,2917556167,1279173873,7271897850,7593234018,3939103301,5257613053,5257613052,5257613051]},{"version":0.6,"generator":"Overpass API 0.7.62.1 084b4234","osm3s.timestamp_osm_base":"2024-05-22T02:57:13Z","osm3s.copyright":"The data included in this document is from www.openstreetmap.org. The data is made available under ODbL.","elements.type":"way","elements.id":746197120,"elements.timestamp":"2023-04-13T20:10:39Z","elements.version":5,"elements.changeset":134877686,"elements.user":"Tainá Couto","elements.uid":11539375,"elements.tags":{"highway":"service","name":"Rua Barão de Jeremoabo","oneway":"yes","lit":"yes","source":"Yahoo Sat","surface":"asphalt"},"elements.nodes":[5375783197,5638547521,7593234050,5638547220,5375783196,3939103310]},{"version":0.6,"generator":"Overpass API 0.7.62.1 084b4234","osm3s.timestamp_osm_base":"2024-05-22T02:57:13Z","osm3s.copyright":"The data included in this document is from www.openstreetmap.org. The data is made available under ODbL.","elements.type":"way","elements.id":1071267516,"elements.timestamp":"2023-04-13T20:10:39Z","elements.version":4,"elements.changeset":134877686,"elements.user":"Tainá Couto","elements.uid":11539375,"elements.tags":{"highway":"service","name":"Rua Barão de Jeremoabo","note":"There is a slight difference in spelling between OSM (Geremoabo) and IBGE ( Jeremoabo) data.","oneway":"no","lit":"yes","surface":"asphalt"},"elements.nodes":[7593234065,5257613084,627161799,5257570849,5459422987,5459422982,5257613057,5373203063,2917556159,2917556160,7271897849,627162088,7593234017,2917556161,5257613050,5257613051]}]
