[{"version":0.6,"generator":"Overpass API 0.7.62.1 084b4234","osm3s.timestamp_osm_base":"2024-05-22T02:52:13Z","osm3s.copyright":"The data included in this document is from www.openstreetmap.org. The data is made available under ODbL.","elements.type":"node","elements.id":11695228869,"elements.lat":-12.9321,"elements.lon":-38.4233,"elements.timestamp":"2024-03-05T22:21:44Z","elements.version":1,"elements.changeset":148270186,"elements.user":"Igor_Santana","elements.uid":17355350,"elements.nodes":{},"elements.tags":{}},{"version":0.6,"generator":"Overpass API 0.7.62.1 084b4234","osm3s.timestamp_osm_base":"2024-05-22T02:52:13Z","osm3s.copyright":"The data included in this document is from www.openstreetmap.org. The data is made available under ODbL.","elements.type":"node","elements.id":11695228870,"elements.lat":-12.932,"elements.lon":-38.4234,"elements.timestamp":"2024-03-05T22:21:44Z","elements.version":1,"elements.changeset":148270186,"elements.user":"Igor_Santana","elements.uid":17355350,"elements.nodes":{},"elements.tags":{}},{"version":0.6,"generator":"Overpass API 0.7.62.1 084b4234","osm3s.timestamp_osm_base":"2024-05-22T02:52:13Z","osm3s.copyright":"The data included in this document is from www.openstreetmap.org. The data is made available under ODbL.","elements.type":"node","elements.id":11695228871,"elements.lat":-12.9318,"elements.lon":-38.4233,"elements.timestamp":"2024-03-05T22:21:44Z","elements.version":1,"elements.changeset":148270186,"elements.user":"Igor_Santana","elements.uid":17355350,"elements.nodes":{},"elements.tags":{}},{"version":0.6,"generator":"Overpass API 0.7.62.1 084b4234","osm3s.timestamp_osm_base":"2024-05-22T02:52:13Z","osm3s.copyright":"The data included in this document is from www.openstreetmap.org. The data is made available under ODbL.","elements.type":"node","elements.id":11695228872,"elements.lat":-12.9319,"elements.lon":-38.4232,"elements.timestamp":"2024-03-05T22:21:44Z","elements.version":1,"elements.changeset":148270186,"elements.user":"Igor_Santana","elements.uid":17355350,"elements.nodes":{},"elements.tags":{}},{"version":0.6,"generator":"Overpass API 0.7.62.1 084b4234","osm3s.timestamp_osm_base":"2024-05-22T02:52:13Z","osm3s.copyright":"The data included in this document is from www.openstreetmap.org. The data is made available under ODbL.","elements.type":"way","elements.id":1257992408,"elements.timestamp":"2024-03-05T22:21:44Z","elements.version":1,"elements.changeset":148270186,"elements.user":"Igor_Santana","elements.uid":17355350,"elements.nodes":[11695228869,11695228870,11695228871,11695228872,11695228869],"elements.tags":{"building":"yes"}}]
