[{"version":0.6,"generator":"Overpass API 0.7.62.1 084b4234","osm3s.timestamp_osm_base":"2024-05-22T02:55:15Z","osm3s.copyright":"The data included in this document is from www.openstreetmap.org. The data is made available under ODbL.","elements.type":"node","elements.id":11142472421,"elements.lat":-25.453,"elements.lon":-49.2333,"elements.timestamp":"2023-10-04T17:42:28Z","elements.version":8,"elements.changeset":142156512,"elements.user":"Patricia UFBA","elements.uid":604538,"elements.tags":{"access":"no","amenity":"toilets","changing_table":"no","description":"Banheiro exclusivo para alunas e professoras do PPGCG","fee":"no","female":"yes","image":"https://i.imgur.com/0CEHTvm.jpg","level":"0","toilets:handwashing":"yes","toilets:paper_supplied":"yes","toilets:position":"seated","wheelchair":"yes"}}]
