[{"version":0.6,"generator":"Overpass API 0.7.62.1 084b4234","osm3s.timestamp_osm_base":"2024-05-22T02:50:09Z","osm3s.copyright":"The data included in this document is from www.openstreetmap.org. The data is made available under ODbL.","elements.type":"way","elements.id":1211705792,"elements.timestamp":"2023-09-28T23:39:24Z","elements.version":1,"elements.changeset":141890562,"elements.user":"Aline Graziadei","elements.uid":18502802,"elements.nodes":[11225955526,11225955527,11225955528,11225955529,11225955526],"elements.tags":{"building":"industrial"}},{"version":0.6,"generator":"Overpass API 0.7.62.1 084b4234","osm3s.timestamp_osm_base":"2024-05-22T02:50:09Z","osm3s.copyright":"The data included in this document is from www.openstreetmap.org. The data is made available under ODbL.","elements.type":"way","elements.id":1211705793,"elements.timestamp":"2023-09-28T23:39:24Z","elements.version":1,"elements.changeset":141890562,"elements.user":"Aline Graziadei","elements.uid":18502802,"elements.nodes":[11225955530,11225955531,11225955532,11225955533,11225955530],"elements.tags":{"building":"industrial"}},{"version":0.6,"generator":"Overpass API 0.7.62.1 084b4234","osm3s.timestamp_osm_base":"2024-05-22T02:50:09Z","osm3s.copyright":"The data included in this document is from www.openstreetmap.org. The data is made available under ODbL.","elements.type":"way","elements.id":1211705794,"elements.timestamp":"2023-09-28T23:39:24Z","elements.version":1,"elements.changeset":141890562,"elements.user":"Aline Graziadei","elements.uid":18502802,"elements.nodes":[11225955534,11225955535,11225955536,11225961637,11225955534],"elements.tags":{"building":"house"}},{"version":0.6,"generator":"Overpass API 0.7.62.1 084b4234","osm3s.timestamp_osm_base":"2024-05-22T02:50:09Z","osm3s.copyright":"The data included in this document is from www.openstreetmap.org. The data is made available under ODbL.","elements.type":"way","elements.id":1211705795,"elements.timestamp":"2023-09-28T23:39:24Z","elements.version":1,"elements.changeset":141890562,"elements.user":"Aline Graziadei","elements.uid":18502802,"elements.nodes":[11225961638,11225961639,11225961640,11225961641,11225961638],"elements.tags":{"building":"yes"}},{"version":0.6,"generator":"Overpass API 0.7.62.1 084b4234","osm3s.timestamp_osm_base":"2024-05-22T02:50:09Z","osm3s.copyright":"The data included in this document is from www.openstreetmap.org. The data is made available under ODbL.","elements.type":"way","elements.id":1211705796,"elements.timestamp":"2023-09-28T23:39:24Z","elements.version":1,"elements.changeset":141890562,"elements.user":"Aline Graziadei","elements.uid":18502802,"elements.nodes":[11225961642,11225961643,11225961644,11225961645,11225961642],"elements.tags":{"building":"yes"}},{"version":0.6,"generator":"Overpass API 0.7.62.1 084b4234","osm3s.timestamp_osm_base":"2024-05-22T02:50:09Z","osm3s.copyright":"The data included in this document is from www.openstreetmap.org. The data is made available under ODbL.","elements.type":"way","elements.id":1211705797,"elements.timestamp":"2023-09-28T23:39:24Z","elements.version":1,"elements.changeset":141890562,"elements.user":"Aline Graziadei","elements.uid":18502802,"elements.nodes":[11225961646,11225961647,11225961648,11225961649,11225961646],"elements.tags":{"building":"house"}}]
