[{"version":0.6,"generator":"Overpass API 0.7.62.1 084b4234","osm3s.timestamp_osm_base":"2024-05-22T02:53:14Z","osm3s.copyright":"The data included in this document is from www.openstreetmap.org. The data is made available under ODbL.","elements.type":"way","elements.id":829417983,"elements.timestamp":"2020-07-23T20:08:30Z","elements.version":1,"elements.changeset":88423375,"elements.user":"Marbrisareis","elements.uid":10174407,"elements.nodes":[7741729368,7741729369,7741729370,7741729371,7741729372,7741729373,7741729374,7741729375,7741729368],"elements.tags":{"building":"yes"}},{"version":0.6,"generator":"Overpass API 0.7.62.1 084b4234","osm3s.timestamp_osm_base":"2024-05-22T02:53:14Z","osm3s.copyright":"The data included in this document is from www.openstreetmap.org. The data is made available under ODbL.","elements.type":"way","elements.id":829417984,"elements.timestamp":"2020-07-23T20:08:30Z","elements.version":1,"elements.changeset":88423375,"elements.user":"Marbrisareis","elements.uid":10174407,"elements.nodes":[7741729375,7741729374,7741729373,7741729372,7741729376,7741729377,7741729375],"elements.tags":{"building":"yes"}}]
