[{"version":0.6,"generator":"Overpass API 0.7.62.1 084b4234","osm3s.timestamp_osm_base":"2024-05-22T02:53:14Z","osm3s.copyright":"The data included in this document is from www.openstreetmap.org. The data is made available under ODbL.","elements.type":"node","elements.id":7757160962,"elements.lat":-12.9403,"elements.lon":-38.5029,"elements.timestamp":"2020-07-27T17:00:25Z","elements.version":1,"elements.changeset":88577328,"elements.user":"Marbrisareis","elements.uid":10174407,"elements.nodes":{},"elements.tags":{}},{"version":0.6,"generator":"Overpass API 0.7.62.1 084b4234","osm3s.timestamp_osm_base":"2024-05-22T02:53:14Z","osm3s.copyright":"The data included in this document is from www.openstreetmap.org. The data is made available under ODbL.","elements.type":"node","elements.id":7757160963,"elements.lat":-12.9404,"elements.lon":-38.5029,"elements.timestamp":"2020-07-27T17:00:25Z","elements.version":1,"elements.changeset":88577328,"elements.user":"Marbrisareis","elements.uid":10174407,"elements.nodes":{},"elements.tags":{}},{"version":0.6,"generator":"Overpass API 0.7.62.1 084b4234","osm3s.timestamp_osm_base":"2024-05-22T02:53:14Z","osm3s.copyright":"The data included in this document is from www.openstreetmap.org. The data is made available under ODbL.","elements.type":"node","elements.id":7757160964,"elements.lat":-12.9403,"elements.lon":-38.5028,"elements.timestamp":"2020-07-27T17:00:25Z","elements.version":1,"elements.changeset":88577328,"elements.user":"Marbrisareis","elements.uid":10174407,"elements.nodes":{},"elements.tags":{}},{"version":0.6,"generator":"Overpass API 0.7.62.1 084b4234","osm3s.timestamp_osm_base":"2024-05-22T02:53:14Z","osm3s.copyright":"The data included in this document is from www.openstreetmap.org. The data is made available under ODbL.","elements.type":"node","elements.id":7757160965,"elements.lat":-12.9402,"elements.lon":-38.5029,"elements.timestamp":"2020-07-27T17:00:25Z","elements.version":1,"elements.changeset":88577328,"elements.user":"Marbrisareis","elements.uid":10174407,"elements.nodes":{},"elements.tags":{}},{"version":0.6,"generator":"Overpass API 0.7.62.1 084b4234","osm3s.timestamp_osm_base":"2024-05-22T02:53:14Z","osm3s.copyright":"The data included in this document is from www.openstreetmap.org. The data is made available under ODbL.","elements.type":"node","elements.id":7757160966,"elements.lat":-12.9403,"elements.lon":-38.5031,"elements.timestamp":"2020-07-27T17:00:25Z","elements.version":1,"elements.changeset":88577328,"elements.user":"Marbrisareis","elements.uid":10174407,"elements.nodes":{},"elements.tags":{}},{"version":0.6,"generator":"Overpass API 0.7.62.1 084b4234","osm3s.timestamp_osm_base":"2024-05-22T02:53:14Z","osm3s.copyright":"The data included in this document is from www.openstreetmap.org. The data is made available under ODbL.","elements.type":"node","elements.id":7757160967,"elements.lat":-12.9404,"elements.lon":-38.503,"elements.timestamp":"2020-07-27T17:00:25Z","elements.version":1,"elements.changeset":88577328,"elements.user":"Marbrisareis","elements.uid":10174407,"elements.nodes":{},"elements.tags":{}},{"version":0.6,"generator":"Overpass API 0.7.62.1 084b4234","osm3s.timestamp_osm_base":"2024-05-22T02:53:14Z","osm3s.copyright":"The data included in this document is from www.openstreetmap.org. The data is made available under ODbL.","elements.type":"way","elements.id":830814751,"elements.timestamp":"2020-07-27T17:00:25Z","elements.version":1,"elements.changeset":88577328,"elements.user":"Marbrisareis","elements.uid":10174407,"elements.nodes":[7757160962,7757160963,7757160964,7757160965,7757160966,7757160967,7757160962],"elements.tags":{"building":"yes"}}]
