[{"version":0.6,"generator":"Overpass API 0.7.62.1 084b4234","osm3s.timestamp_osm_base":"2024-05-22T02:57:13Z","osm3s.copyright":"The data included in this document is from www.openstreetmap.org. The data is made available under ODbL.","elements.type":"node","elements.id":8491934327,"elements.lat":-12.8904,"elements.lon":-38.4737,"elements.timestamp":"2021-03-06T17:49:55Z","elements.version":1,"elements.changeset":100547298,"elements.user":"Tainá Couto","elements.uid":11539375,"elements.nodes":{},"elements.tags":{}},{"version":0.6,"generator":"Overpass API 0.7.62.1 084b4234","osm3s.timestamp_osm_base":"2024-05-22T02:57:13Z","osm3s.copyright":"The data included in this document is from www.openstreetmap.org. The data is made available under ODbL.","elements.type":"node","elements.id":8491934328,"elements.lat":-12.8903,"elements.lon":-38.4737,"elements.timestamp":"2021-03-06T17:49:55Z","elements.version":1,"elements.changeset":100547298,"elements.user":"Tainá Couto","elements.uid":11539375,"elements.nodes":{},"elements.tags":{}},{"version":0.6,"generator":"Overpass API 0.7.62.1 084b4234","osm3s.timestamp_osm_base":"2024-05-22T02:57:13Z","osm3s.copyright":"The data included in this document is from www.openstreetmap.org. The data is made available under ODbL.","elements.type":"node","elements.id":8491934329,"elements.lat":-12.8903,"elements.lon":-38.4737,"elements.timestamp":"2021-03-06T17:49:55Z","elements.version":1,"elements.changeset":100547298,"elements.user":"Tainá Couto","elements.uid":11539375,"elements.nodes":{},"elements.tags":{}},{"version":0.6,"generator":"Overpass API 0.7.62.1 084b4234","osm3s.timestamp_osm_base":"2024-05-22T02:57:13Z","osm3s.copyright":"The data included in this document is from www.openstreetmap.org. The data is made available under ODbL.","elements.type":"node","elements.id":8491934330,"elements.lat":-12.8903,"elements.lon":-38.4737,"elements.timestamp":"2021-03-06T17:49:55Z","elements.version":1,"elements.changeset":100547298,"elements.user":"Tainá Couto","elements.uid":11539375,"elements.nodes":{},"elements.tags":{}},{"version":0.6,"generator":"Overpass API 0.7.62.1 084b4234","osm3s.timestamp_osm_base":"2024-05-22T02:57:13Z","osm3s.copyright":"The data included in this document is from www.openstreetmap.org. The data is made available under ODbL.","elements.type":"node","elements.id":8491934331,"elements.lat":-12.8903,"elements.lon":-38.4738,"elements.timestamp":"2021-03-06T17:49:55Z","elements.version":1,"elements.changeset":100547298,"elements.user":"Tainá Couto","elements.uid":11539375,"elements.nodes":{},"elements.tags":{}},{"version":0.6,"generator":"Overpass API 0.7.62.1 084b4234","osm3s.timestamp_osm_base":"2024-05-22T02:57:13Z","osm3s.copyright":"The data included in this document is from www.openstreetmap.org. The data is made available under ODbL.","elements.type":"node","elements.id":8491934332,"elements.lat":-12.8903,"elements.lon":-38.4738,"elements.timestamp":"2021-03-06T17:49:55Z","elements.version":1,"elements.changeset":100547298,"elements.user":"Tainá Couto","elements.uid":11539375,"elements.nodes":{},"elements.tags":{}},{"version":0.6,"generator":"Overpass API 0.7.62.1 084b4234","osm3s.timestamp_osm_base":"2024-05-22T02:57:13Z","osm3s.copyright":"The data included in this document is from www.openstreetmap.org. The data is made available under ODbL.","elements.type":"node","elements.id":8491934333,"elements.lat":-12.8903,"elements.lon":-38.4738,"elements.timestamp":"2021-03-06T17:49:55Z","elements.version":1,"elements.changeset":100547298,"elements.user":"Tainá Couto","elements.uid":11539375,"elements.nodes":{},"elements.tags":{}},{"version":0.6,"generator":"Overpass API 0.7.62.1 084b4234","osm3s.timestamp_osm_base":"2024-05-22T02:57:13Z","osm3s.copyright":"The data included in this document is from www.openstreetmap.org. The data is made available under ODbL.","elements.type":"node","elements.id":8491934334,"elements.lat":-12.8903,"elements.lon":-38.4738,"elements.timestamp":"2021-03-06T17:49:55Z","elements.version":1,"elements.changeset":100547298,"elements.user":"Tainá Couto","elements.uid":11539375,"elements.nodes":{},"elements.tags":{}},{"version":0.6,"generator":"Overpass API 0.7.62.1 084b4234","osm3s.timestamp_osm_base":"2024-05-22T02:57:13Z","osm3s.copyright":"The data included in this document is from www.openstreetmap.org. The data is made available under ODbL.","elements.type":"way","elements.id":914196243,"elements.timestamp":"2021-03-06T17:49:55Z","elements.version":1,"elements.changeset":100547298,"elements.user":"Tainá Couto","elements.uid":11539375,"elements.nodes":[8491934327,8491934328,8491934329,8491934330,8491934334,8491934331,8491934332,8491934333,8491934327],"elements.tags":{"building":"yes"}}]
