[{"version":0.6,"generator":"Overpass API 0.7.62.1 084b4234","osm3s.timestamp_osm_base":"2024-05-22T02:55:15Z","osm3s.copyright":"The data included in this document is from www.openstreetmap.org. The data is made available under ODbL.","elements.type":"node","elements.id":11306170576,"elements.lat":-13.0133,"elements.lon":-38.4739,"elements.timestamp":"2023-11-01T22:28:14Z","elements.version":1,"elements.changeset":143500112,"elements.user":"Patricia UFBA","elements.uid":604538,"elements.nodes":{},"elements.tags":{}},{"version":0.6,"generator":"Overpass API 0.7.62.1 084b4234","osm3s.timestamp_osm_base":"2024-05-22T02:55:15Z","osm3s.copyright":"The data included in this document is from www.openstreetmap.org. The data is made available under ODbL.","elements.type":"node","elements.id":11306170577,"elements.lat":-13.0134,"elements.lon":-38.4738,"elements.timestamp":"2023-11-01T22:28:14Z","elements.version":1,"elements.changeset":143500112,"elements.user":"Patricia UFBA","elements.uid":604538,"elements.nodes":{},"elements.tags":{}},{"version":0.6,"generator":"Overpass API 0.7.62.1 084b4234","osm3s.timestamp_osm_base":"2024-05-22T02:55:15Z","osm3s.copyright":"The data included in this document is from www.openstreetmap.org. The data is made available under ODbL.","elements.type":"node","elements.id":11306170578,"elements.lat":-13.0134,"elements.lon":-38.4738,"elements.timestamp":"2023-11-01T22:28:14Z","elements.version":1,"elements.changeset":143500112,"elements.user":"Patricia UFBA","elements.uid":604538,"elements.nodes":{},"elements.tags":{}},{"version":0.6,"generator":"Overpass API 0.7.62.1 084b4234","osm3s.timestamp_osm_base":"2024-05-22T02:55:15Z","osm3s.copyright":"The data included in this document is from www.openstreetmap.org. The data is made available under ODbL.","elements.type":"node","elements.id":11306170579,"elements.lat":-13.0133,"elements.lon":-38.4738,"elements.timestamp":"2023-11-01T22:28:14Z","elements.version":1,"elements.changeset":143500112,"elements.user":"Patricia UFBA","elements.uid":604538,"elements.nodes":{},"elements.tags":{}},{"version":0.6,"generator":"Overpass API 0.7.62.1 084b4234","osm3s.timestamp_osm_base":"2024-05-22T02:55:15Z","osm3s.copyright":"The data included in this document is from www.openstreetmap.org. The data is made available under ODbL.","elements.type":"way","elements.id":1220151020,"elements.timestamp":"2023-11-01T22:28:14Z","elements.version":1,"elements.changeset":143500112,"elements.user":"Patricia UFBA","elements.uid":604538,"elements.nodes":[11306170570,11306170571,11306170572,11306170573,11306170574,11306170575,11306170570],"elements.tags":{"building":"yes"}},{"version":0.6,"generator":"Overpass API 0.7.62.1 084b4234","osm3s.timestamp_osm_base":"2024-05-22T02:55:15Z","osm3s.copyright":"The data included in this document is from www.openstreetmap.org. The data is made available under ODbL.","elements.type":"way","elements.id":1220151021,"elements.timestamp":"2023-11-01T22:28:14Z","elements.version":1,"elements.changeset":143500112,"elements.user":"Patricia UFBA","elements.uid":604538,"elements.nodes":[11306170576,11306170577,11306170578,11306170579,11306170576],"elements.tags":{"building":"yes"}}]
