[{"version":0.6,"generator":"Overpass API 0.7.62.1 084b4234","osm3s.timestamp_osm_base":"2024-05-22T02:52:13Z","osm3s.copyright":"The data included in this document is from www.openstreetmap.org. The data is made available under ODbL.","elements.type":"node","elements.id":7810733083,"elements.lat":-12.9164,"elements.lon":-38.4817,"elements.timestamp":"2020-08-13T18:45:19Z","elements.version":2,"elements.changeset":89371112,"elements.user":"Marbrisareis","elements.uid":10174407,"elements.tags":{"shop":"beverages"}}]
