[{"version":0.6,"generator":"Overpass API 0.7.62.1 084b4234","osm3s.timestamp_osm_base":"2024-05-22T02:55:15Z","osm3s.copyright":"The data included in this document is from www.openstreetmap.org. The data is made available under ODbL.","elements.type":"way","elements.id":899156467,"elements.timestamp":"2022-12-02T14:10:06Z","elements.version":3,"elements.changeset":129646112,"elements.user":"Patricia UFBA","elements.uid":604538,"elements.nodes":[7271649731,3939108584,3939108595,3939108602,7271649728,1743596930],"elements.tags":{"alt_name":"Rua Quintino Bocayuva","highway":"residential","name":"Rua Quintino Bocayuva"}}]
