[{"version":0.6,"generator":"Overpass API 0.7.62.1 084b4234","osm3s.timestamp_osm_base":"2024-05-22T02:52:13Z","osm3s.copyright":"The data included in this document is from www.openstreetmap.org. The data is made available under ODbL.","elements.type":"node","elements.id":7810731616,"elements.lat":-12.9128,"elements.lon":-38.4772,"elements.timestamp":"2020-08-13T18:36:16Z","elements.version":1,"elements.changeset":89370850,"elements.user":"Marbrisareis","elements.uid":10174407,"elements.nodes":{},"elements.tags":{}},{"version":0.6,"generator":"Overpass API 0.7.62.1 084b4234","osm3s.timestamp_osm_base":"2024-05-22T02:52:13Z","osm3s.copyright":"The data included in this document is from www.openstreetmap.org. The data is made available under ODbL.","elements.type":"node","elements.id":7810731617,"elements.lat":-12.9128,"elements.lon":-38.4772,"elements.timestamp":"2020-08-13T18:36:16Z","elements.version":1,"elements.changeset":89370850,"elements.user":"Marbrisareis","elements.uid":10174407,"elements.nodes":{},"elements.tags":{}},{"version":0.6,"generator":"Overpass API 0.7.62.1 084b4234","osm3s.timestamp_osm_base":"2024-05-22T02:52:13Z","osm3s.copyright":"The data included in this document is from www.openstreetmap.org. The data is made available under ODbL.","elements.type":"node","elements.id":7810731618,"elements.lat":-12.9128,"elements.lon":-38.4772,"elements.timestamp":"2020-08-13T18:36:16Z","elements.version":1,"elements.changeset":89370850,"elements.user":"Marbrisareis","elements.uid":10174407,"elements.nodes":{},"elements.tags":{}},{"version":0.6,"generator":"Overpass API 0.7.62.1 084b4234","osm3s.timestamp_osm_base":"2024-05-22T02:52:13Z","osm3s.copyright":"The data included in this document is from www.openstreetmap.org. The data is made available under ODbL.","elements.type":"node","elements.id":7810731619,"elements.lat":-12.9129,"elements.lon":-38.4772,"elements.timestamp":"2020-08-13T18:36:16Z","elements.version":1,"elements.changeset":89370850,"elements.user":"Marbrisareis","elements.uid":10174407,"elements.nodes":{},"elements.tags":{}},{"version":0.6,"generator":"Overpass API 0.7.62.1 084b4234","osm3s.timestamp_osm_base":"2024-05-22T02:52:13Z","osm3s.copyright":"The data included in this document is from www.openstreetmap.org. The data is made available under ODbL.","elements.type":"way","elements.id":836892662,"elements.timestamp":"2020-08-13T18:36:16Z","elements.version":1,"elements.changeset":89370850,"elements.user":"Marbrisareis","elements.uid":10174407,"elements.nodes":[7810731616,7810731617,7810731618,7810731619,7810731616],"elements.tags":{"building":"yes"}}]
