[{"version":0.6,"generator":"Overpass API 0.7.62.1 084b4234","osm3s.timestamp_osm_base":"2024-05-22T02:56:14Z","osm3s.copyright":"The data included in this document is from www.openstreetmap.org. The data is made available under ODbL.","elements.type":"node","elements.id":11884185257,"elements.lat":-29.6497,"elements.lon":-52.7884,"elements.timestamp":"2024-05-06T16:35:18Z","elements.version":1,"elements.changeset":150973906,"elements.user":"ruanamile","elements.uid":21154491,"elements.nodes":{},"elements.tags":{}},{"version":0.6,"generator":"Overpass API 0.7.62.1 084b4234","osm3s.timestamp_osm_base":"2024-05-22T02:56:14Z","osm3s.copyright":"The data included in this document is from www.openstreetmap.org. The data is made available under ODbL.","elements.type":"way","elements.id":1279985170,"elements.timestamp":"2024-05-06T16:35:18Z","elements.version":2,"elements.changeset":150973906,"elements.user":"ruanamile","elements.uid":21154491,"elements.nodes":[11881873621,11881873620,4360769426],"elements.tags":{"highway":"service","service":"driveway","source":"Bing"}},{"version":0.6,"generator":"Overpass API 0.7.62.1 084b4234","osm3s.timestamp_osm_base":"2024-05-22T02:56:14Z","osm3s.copyright":"The data included in this document is from www.openstreetmap.org. The data is made available under ODbL.","elements.type":"way","elements.id":1280246519,"elements.timestamp":"2024-05-06T16:35:18Z","elements.version":1,"elements.changeset":150973906,"elements.user":"ruanamile","elements.uid":21154491,"elements.nodes":[11877338916,11884185257,11881873615],"elements.tags":{"highway":"track"}}]
