[{"version":0.6,"generator":"Overpass API 0.7.62.1 084b4234","osm3s.timestamp_osm_base":"2024-05-22T02:56:14Z","osm3s.copyright":"The data included in this document is from www.openstreetmap.org. The data is made available under ODbL.","elements.type":"node","elements.id":7604000203,"elements.lat":-12.9291,"elements.lon":-38.4937,"elements.timestamp":"2020-06-09T01:00:31Z","elements.version":1,"elements.changeset":86376176,"elements.user":"Patricia UFBA","elements.uid":604538,"elements.tags":{"amenity":"place_of_worship","name":"Igreja Pentecostal Deus é Amor"}}]
