[{"version":0.6,"generator":"Overpass API 0.7.62.1 084b4234","osm3s.timestamp_osm_base":"2024-05-22T02:53:14Z","osm3s.copyright":"The data included in this document is from www.openstreetmap.org. The data is made available under ODbL.","elements.type":"node","elements.id":7807714989,"elements.lat":-12.9166,"elements.lon":-38.4808,"elements.timestamp":"2020-08-12T20:48:56Z","elements.version":1,"elements.changeset":89322042,"elements.user":"Marbrisareis","elements.uid":10174407,"elements.tags":{"amenity":"pub"},"elements.nodes":{}},{"version":0.6,"generator":"Overpass API 0.7.62.1 084b4234","osm3s.timestamp_osm_base":"2024-05-22T02:53:14Z","osm3s.copyright":"The data included in this document is from www.openstreetmap.org. The data is made available under ODbL.","elements.type":"node","elements.id":7807714990,"elements.lat":-12.9137,"elements.lon":-38.4786,"elements.timestamp":"2020-08-12T20:48:56Z","elements.version":1,"elements.changeset":89322042,"elements.user":"Marbrisareis","elements.uid":10174407,"elements.tags":{"amenity":"pub","name":"Barraca da Juraci"},"elements.nodes":{}},{"version":0.6,"generator":"Overpass API 0.7.62.1 084b4234","osm3s.timestamp_osm_base":"2024-05-22T02:53:14Z","osm3s.copyright":"The data included in this document is from www.openstreetmap.org. The data is made available under ODbL.","elements.type":"way","elements.id":836532169,"elements.timestamp":"2020-08-12T20:48:56Z","elements.version":1,"elements.changeset":89322042,"elements.user":"Marbrisareis","elements.uid":10174407,"elements.tags":{"building":"yes"},"elements.nodes":[7807714991,7807714992,7807714993,7807714994,7807714991]}]
