[{"version":0.6,"generator":"Overpass API 0.7.62.1 084b4234","osm3s.timestamp_osm_base":"2024-05-22T02:57:13Z","osm3s.copyright":"The data included in this document is from www.openstreetmap.org. The data is made available under ODbL.","elements.type":"way","elements.id":1010775085,"elements.timestamp":"2021-12-09T20:04:42Z","elements.version":1,"elements.changeset":114758089,"elements.user":"Tainá Couto","elements.uid":11539375,"elements.nodes":[9325365569,9325365570,9325365571,9325365572,9325365569],"elements.tags":{"building":"yes"}},{"version":0.6,"generator":"Overpass API 0.7.62.1 084b4234","osm3s.timestamp_osm_base":"2024-05-22T02:57:13Z","osm3s.copyright":"The data included in this document is from www.openstreetmap.org. The data is made available under ODbL.","elements.type":"way","elements.id":1010775086,"elements.timestamp":"2021-12-09T20:04:42Z","elements.version":1,"elements.changeset":114758089,"elements.user":"Tainá Couto","elements.uid":11539375,"elements.nodes":[9325365573,9325365574,9325365575,9325365576,9325365573],"elements.tags":{"building":"yes"}},{"version":0.6,"generator":"Overpass API 0.7.62.1 084b4234","osm3s.timestamp_osm_base":"2024-05-22T02:57:13Z","osm3s.copyright":"The data included in this document is from www.openstreetmap.org. The data is made available under ODbL.","elements.type":"way","elements.id":1010775087,"elements.timestamp":"2021-12-09T20:04:42Z","elements.version":1,"elements.changeset":114758089,"elements.user":"Tainá Couto","elements.uid":11539375,"elements.nodes":[9325365577,9325365578,9325365579,9325365580,9325365577],"elements.tags":{"building":"yes"}},{"version":0.6,"generator":"Overpass API 0.7.62.1 084b4234","osm3s.timestamp_osm_base":"2024-05-22T02:57:13Z","osm3s.copyright":"The data included in this document is from www.openstreetmap.org. The data is made available under ODbL.","elements.type":"way","elements.id":1010775089,"elements.timestamp":"2021-12-09T20:04:42Z","elements.version":1,"elements.changeset":114758089,"elements.user":"Tainá Couto","elements.uid":11539375,"elements.nodes":[9325365588,9325365589,9325365590,9325365591,9325365588],"elements.tags":{"building":"yes"}},{"version":0.6,"generator":"Overpass API 0.7.62.1 084b4234","osm3s.timestamp_osm_base":"2024-05-22T02:57:13Z","osm3s.copyright":"The data included in this document is from www.openstreetmap.org. The data is made available under ODbL.","elements.type":"way","elements.id":1010775090,"elements.timestamp":"2021-12-09T20:04:42Z","elements.version":1,"elements.changeset":114758089,"elements.user":"Tainá Couto","elements.uid":11539375,"elements.nodes":[9325365592,9325365593,9325365594,9325365595,9325365592],"elements.tags":{"building":"yes"}},{"version":0.6,"generator":"Overpass API 0.7.62.1 084b4234","osm3s.timestamp_osm_base":"2024-05-22T02:57:13Z","osm3s.copyright":"The data included in this document is from www.openstreetmap.org. The data is made available under ODbL.","elements.type":"way","elements.id":1010775091,"elements.timestamp":"2021-12-09T20:04:42Z","elements.version":1,"elements.changeset":114758089,"elements.user":"Tainá Couto","elements.uid":11539375,"elements.nodes":[9325365596,9325365597,9325365598,9325365599,9325365596],"elements.tags":{"building":"yes"}},{"version":0.6,"generator":"Overpass API 0.7.62.1 084b4234","osm3s.timestamp_osm_base":"2024-05-22T02:57:13Z","osm3s.copyright":"The data included in this document is from www.openstreetmap.org. The data is made available under ODbL.","elements.type":"way","elements.id":1010775092,"elements.timestamp":"2021-12-09T20:04:42Z","elements.version":1,"elements.changeset":114758089,"elements.user":"Tainá Couto","elements.uid":11539375,"elements.nodes":[9325365600,9325365601,9325365602,9325365603,9325365600],"elements.tags":{"building":"yes"}}]
