[{"version":0.6,"generator":"Overpass API 0.7.62.1 084b4234","osm3s.timestamp_osm_base":"2024-05-22T02:52:13Z","osm3s.copyright":"The data included in this document is from www.openstreetmap.org. The data is made available under ODbL.","elements.type":"node","elements.id":7858467687,"elements.lat":-12.8951,"elements.lon":-38.4527,"elements.timestamp":"2020-08-30T11:55:35Z","elements.version":2,"elements.changeset":90143204,"elements.user":"Marbrisareis","elements.uid":10174407,"elements.tags":{}},{"version":0.6,"generator":"Overpass API 0.7.62.1 084b4234","osm3s.timestamp_osm_base":"2024-05-22T02:52:13Z","osm3s.copyright":"The data included in this document is from www.openstreetmap.org. The data is made available under ODbL.","elements.type":"node","elements.id":7858467688,"elements.lat":-12.8951,"elements.lon":-38.4526,"elements.timestamp":"2020-08-30T11:55:35Z","elements.version":2,"elements.changeset":90143204,"elements.user":"Marbrisareis","elements.uid":10174407,"elements.tags":{}},{"version":0.6,"generator":"Overpass API 0.7.62.1 084b4234","osm3s.timestamp_osm_base":"2024-05-22T02:52:13Z","osm3s.copyright":"The data included in this document is from www.openstreetmap.org. The data is made available under ODbL.","elements.type":"node","elements.id":7858467689,"elements.lat":-12.8953,"elements.lon":-38.4526,"elements.timestamp":"2020-08-30T11:55:35Z","elements.version":2,"elements.changeset":90143204,"elements.user":"Marbrisareis","elements.uid":10174407,"elements.tags":{}},{"version":0.6,"generator":"Overpass API 0.7.62.1 084b4234","osm3s.timestamp_osm_base":"2024-05-22T02:52:13Z","osm3s.copyright":"The data included in this document is from www.openstreetmap.org. The data is made available under ODbL.","elements.type":"node","elements.id":7858467690,"elements.lat":-12.8953,"elements.lon":-38.4527,"elements.timestamp":"2020-08-30T11:55:35Z","elements.version":2,"elements.changeset":90143204,"elements.user":"Marbrisareis","elements.uid":10174407,"elements.tags":{}},{"version":0.6,"generator":"Overpass API 0.7.62.1 084b4234","osm3s.timestamp_osm_base":"2024-05-22T02:52:13Z","osm3s.copyright":"The data included in this document is from www.openstreetmap.org. The data is made available under ODbL.","elements.type":"node","elements.id":7858477030,"elements.lat":-12.8952,"elements.lon":-38.4526,"elements.timestamp":"2020-08-30T11:55:35Z","elements.version":1,"elements.changeset":90143204,"elements.user":"Marbrisareis","elements.uid":10174407,"elements.tags":{"amenity":"dojo","name":"Distrito Jiu-Jitsu","sport":"jiu-jitsu"}}]
