[{"version":0.6,"generator":"Overpass API 0.7.62.1 084b4234","osm3s.timestamp_osm_base":"2024-05-22T02:53:14Z","osm3s.copyright":"The data included in this document is from www.openstreetmap.org. The data is made available under ODbL.","elements.type":"way","elements.id":824791114,"elements.timestamp":"2020-07-10T08:21:26Z","elements.version":2,"elements.changeset":87804476,"elements.user":"Marbrisareis","elements.uid":10174407,"elements.nodes":[7701603851,7701603852,7701603853,7701603854,7701603855,7701603856,7701603857,7701603858,7701603859,7701603860],"elements.tags":{"intermittent":"yes","waterway":"stream"}}]
