[{"version":0.6,"generator":"Overpass API 0.7.62.1 084b4234","osm3s.timestamp_osm_base":"2024-05-22T02:52:13Z","osm3s.copyright":"The data included in this document is from www.openstreetmap.org. The data is made available under ODbL.","elements.type":"node","elements.id":7810733079,"elements.lat":-12.9165,"elements.lon":-38.4819,"elements.timestamp":"2020-08-13T18:44:07Z","elements.version":1,"elements.changeset":89371083,"elements.user":"Marbrisareis","elements.uid":10174407,"elements.nodes":{},"elements.tags":{}},{"version":0.6,"generator":"Overpass API 0.7.62.1 084b4234","osm3s.timestamp_osm_base":"2024-05-22T02:52:13Z","osm3s.copyright":"The data included in this document is from www.openstreetmap.org. The data is made available under ODbL.","elements.type":"node","elements.id":7810733080,"elements.lat":-12.9165,"elements.lon":-38.4817,"elements.timestamp":"2020-08-13T18:44:07Z","elements.version":1,"elements.changeset":89371083,"elements.user":"Marbrisareis","elements.uid":10174407,"elements.nodes":{},"elements.tags":{}},{"version":0.6,"generator":"Overpass API 0.7.62.1 084b4234","osm3s.timestamp_osm_base":"2024-05-22T02:52:13Z","osm3s.copyright":"The data included in this document is from www.openstreetmap.org. The data is made available under ODbL.","elements.type":"node","elements.id":7810733081,"elements.lat":-12.9164,"elements.lon":-38.4817,"elements.timestamp":"2020-08-13T18:44:07Z","elements.version":1,"elements.changeset":89371083,"elements.user":"Marbrisareis","elements.uid":10174407,"elements.nodes":{},"elements.tags":{}},{"version":0.6,"generator":"Overpass API 0.7.62.1 084b4234","osm3s.timestamp_osm_base":"2024-05-22T02:52:13Z","osm3s.copyright":"The data included in this document is from www.openstreetmap.org. The data is made available under ODbL.","elements.type":"node","elements.id":7810733082,"elements.lat":-12.9164,"elements.lon":-38.4819,"elements.timestamp":"2020-08-13T18:44:07Z","elements.version":1,"elements.changeset":89371083,"elements.user":"Marbrisareis","elements.uid":10174407,"elements.nodes":{},"elements.tags":{}},{"version":0.6,"generator":"Overpass API 0.7.62.1 084b4234","osm3s.timestamp_osm_base":"2024-05-22T02:52:13Z","osm3s.copyright":"The data included in this document is from www.openstreetmap.org. The data is made available under ODbL.","elements.type":"way","elements.id":836894167,"elements.timestamp":"2020-08-13T18:44:07Z","elements.version":1,"elements.changeset":89371083,"elements.user":"Marbrisareis","elements.uid":10174407,"elements.nodes":[7810733079,7810733080,7810733081,7810733082,7810733079],"elements.tags":{"building":"yes"}}]
