[{"version":0.6,"generator":"Overpass API 0.7.62.1 084b4234","osm3s.timestamp_osm_base":"2024-05-22T02:51:14Z","osm3s.copyright":"The data included in this document is from www.openstreetmap.org. The data is made available under ODbL.","elements.type":"node","elements.id":11879886820,"elements.lat":-29.5063,"elements.lon":-52.8278,"elements.timestamp":"2024-05-04T22:47:27Z","elements.version":2,"elements.changeset":150900368,"elements.user":"brenobrrt","elements.uid":17355425,"elements.nodes":{},"elements.tags":{}},{"version":0.6,"generator":"Overpass API 0.7.62.1 084b4234","osm3s.timestamp_osm_base":"2024-05-22T02:51:14Z","osm3s.copyright":"The data included in this document is from www.openstreetmap.org. The data is made available under ODbL.","elements.type":"node","elements.id":11879886821,"elements.lat":-29.5065,"elements.lon":-52.8278,"elements.timestamp":"2024-05-04T22:47:27Z","elements.version":2,"elements.changeset":150900368,"elements.user":"brenobrrt","elements.uid":17355425,"elements.nodes":{},"elements.tags":{}},{"version":0.6,"generator":"Overpass API 0.7.62.1 084b4234","osm3s.timestamp_osm_base":"2024-05-22T02:51:14Z","osm3s.copyright":"The data included in this document is from www.openstreetmap.org. The data is made available under ODbL.","elements.type":"node","elements.id":11879886822,"elements.lat":-29.5065,"elements.lon":-52.83,"elements.timestamp":"2024-05-04T22:47:27Z","elements.version":2,"elements.changeset":150900368,"elements.user":"brenobrrt","elements.uid":17355425,"elements.nodes":{},"elements.tags":{}},{"version":0.6,"generator":"Overpass API 0.7.62.1 084b4234","osm3s.timestamp_osm_base":"2024-05-22T02:51:14Z","osm3s.copyright":"The data included in this document is from www.openstreetmap.org. The data is made available under ODbL.","elements.type":"node","elements.id":11879994898,"elements.lat":-29.5063,"elements.lon":-52.8278,"elements.timestamp":"2024-05-04T22:47:27Z","elements.version":1,"elements.changeset":150900368,"elements.user":"brenobrrt","elements.uid":17355425,"elements.nodes":{},"elements.tags":{}},{"version":0.6,"generator":"Overpass API 0.7.62.1 084b4234","osm3s.timestamp_osm_base":"2024-05-22T02:51:14Z","osm3s.copyright":"The data included in this document is from www.openstreetmap.org. The data is made available under ODbL.","elements.type":"node","elements.id":11879994899,"elements.lat":-29.5065,"elements.lon":-52.8278,"elements.timestamp":"2024-05-04T22:47:27Z","elements.version":1,"elements.changeset":150900368,"elements.user":"brenobrrt","elements.uid":17355425,"elements.nodes":{},"elements.tags":{}},{"version":0.6,"generator":"Overpass API 0.7.62.1 084b4234","osm3s.timestamp_osm_base":"2024-05-22T02:51:14Z","osm3s.copyright":"The data included in this document is from www.openstreetmap.org. The data is made available under ODbL.","elements.type":"node","elements.id":11879994900,"elements.lat":-29.5065,"elements.lon":-52.8223,"elements.timestamp":"2024-05-04T22:47:27Z","elements.version":1,"elements.changeset":150900368,"elements.user":"brenobrrt","elements.uid":17355425,"elements.nodes":{},"elements.tags":{}},{"version":0.6,"generator":"Overpass API 0.7.62.1 084b4234","osm3s.timestamp_osm_base":"2024-05-22T02:51:14Z","osm3s.copyright":"The data included in this document is from www.openstreetmap.org. The data is made available under ODbL.","elements.type":"node","elements.id":11879994901,"elements.lat":-29.5056,"elements.lon":-52.8223,"elements.timestamp":"2024-05-04T22:47:27Z","elements.version":1,"elements.changeset":150900368,"elements.user":"brenobrrt","elements.uid":17355425,"elements.nodes":{},"elements.tags":{}},{"version":0.6,"generator":"Overpass API 0.7.62.1 084b4234","osm3s.timestamp_osm_base":"2024-05-22T02:51:14Z","osm3s.copyright":"The data included in this document is from www.openstreetmap.org. The data is made available under ODbL.","elements.type":"way","elements.id":512863244,"elements.timestamp":"2024-05-04T22:47:27Z","elements.version":3,"elements.changeset":150900368,"elements.user":"brenobrrt","elements.uid":17355425,"elements.nodes":[5014336474,11879886822,496616106,496616107],"elements.tags":{"note":"Linha seca de 4150m","source":"IBGE"}},{"version":0.6,"generator":"Overpass API 0.7.62.1 084b4234","osm3s.timestamp_osm_base":"2024-05-22T02:51:14Z","osm3s.copyright":"The data included in this document is from www.openstreetmap.org. The data is made available under ODbL.","elements.type":"way","elements.id":1279771943,"elements.timestamp":"2024-05-04T22:47:27Z","elements.version":1,"elements.changeset":150900368,"elements.user":"brenobrrt","elements.uid":17355425,"elements.nodes":[11879994898,11879994899,11879994900,11879994901,11879994898],"elements.tags":{"natural":"wood"}}]
