[{"version":0.6,"generator":"Overpass API 0.7.62.1 084b4234","osm3s.timestamp_osm_base":"2024-05-22T02:56:14Z","osm3s.copyright":"The data included in this document is from www.openstreetmap.org. The data is made available under ODbL.","elements.type":"node","elements.id":7792747044,"elements.lat":-12.9062,"elements.lon":-38.361,"elements.timestamp":"2020-08-07T01:26:23Z","elements.version":1,"elements.changeset":89062575,"elements.user":"Patricia UFBA","elements.uid":604538,"elements.tags":{},"elements.nodes":{}},{"version":0.6,"generator":"Overpass API 0.7.62.1 084b4234","osm3s.timestamp_osm_base":"2024-05-22T02:56:14Z","osm3s.copyright":"The data included in this document is from www.openstreetmap.org. The data is made available under ODbL.","elements.type":"node","elements.id":7792747045,"elements.lat":-12.9062,"elements.lon":-38.361,"elements.timestamp":"2020-08-07T01:26:23Z","elements.version":1,"elements.changeset":89062575,"elements.user":"Patricia UFBA","elements.uid":604538,"elements.tags":{},"elements.nodes":{}},{"version":0.6,"generator":"Overpass API 0.7.62.1 084b4234","osm3s.timestamp_osm_base":"2024-05-22T02:56:14Z","osm3s.copyright":"The data included in this document is from www.openstreetmap.org. The data is made available under ODbL.","elements.type":"node","elements.id":7792747046,"elements.lat":-12.9061,"elements.lon":-38.361,"elements.timestamp":"2020-08-07T01:26:23Z","elements.version":1,"elements.changeset":89062575,"elements.user":"Patricia UFBA","elements.uid":604538,"elements.tags":{},"elements.nodes":{}},{"version":0.6,"generator":"Overpass API 0.7.62.1 084b4234","osm3s.timestamp_osm_base":"2024-05-22T02:56:14Z","osm3s.copyright":"The data included in this document is from www.openstreetmap.org. The data is made available under ODbL.","elements.type":"node","elements.id":7792747047,"elements.lat":-12.9062,"elements.lon":-38.361,"elements.timestamp":"2020-08-07T01:26:23Z","elements.version":1,"elements.changeset":89062575,"elements.user":"Patricia UFBA","elements.uid":604538,"elements.tags":{},"elements.nodes":{}},{"version":0.6,"generator":"Overpass API 0.7.62.1 084b4234","osm3s.timestamp_osm_base":"2024-05-22T02:56:14Z","osm3s.copyright":"The data included in this document is from www.openstreetmap.org. The data is made available under ODbL.","elements.type":"node","elements.id":7792747048,"elements.lat":-12.9062,"elements.lon":-38.361,"elements.timestamp":"2020-08-07T01:26:23Z","elements.version":1,"elements.changeset":89062575,"elements.user":"Patricia UFBA","elements.uid":604538,"elements.tags":{"shop":"beverages"},"elements.nodes":{}},{"version":0.6,"generator":"Overpass API 0.7.62.1 084b4234","osm3s.timestamp_osm_base":"2024-05-22T02:56:14Z","osm3s.copyright":"The data included in this document is from www.openstreetmap.org. The data is made available under ODbL.","elements.type":"way","elements.id":834836937,"elements.timestamp":"2020-08-07T01:26:23Z","elements.version":1,"elements.changeset":89062575,"elements.user":"Patricia UFBA","elements.uid":604538,"elements.tags":{"building":"yes"},"elements.nodes":[7792747044,7792747045,7792747046,7792747047,7792747044]}]
