[{"version":0.6,"generator":"Overpass API 0.7.62.1 084b4234","osm3s.timestamp_osm_base":"2024-05-22T02:51:14Z","osm3s.copyright":"The data included in this document is from www.openstreetmap.org. The data is made available under ODbL.","elements.type":"node","elements.id":11879886823,"elements.lat":-29.5065,"elements.lon":-52.8293,"elements.timestamp":"2024-05-04T21:52:40Z","elements.version":1,"elements.changeset":150899322,"elements.user":"brenobrrt","elements.uid":17355425,"elements.nodes":{},"elements.tags":{}},{"version":0.6,"generator":"Overpass API 0.7.62.1 084b4234","osm3s.timestamp_osm_base":"2024-05-22T02:51:14Z","osm3s.copyright":"The data included in this document is from www.openstreetmap.org. The data is made available under ODbL.","elements.type":"way","elements.id":1279764394,"elements.timestamp":"2024-05-04T21:52:40Z","elements.version":1,"elements.changeset":150899322,"elements.user":"brenobrrt","elements.uid":17355425,"elements.nodes":[11879886820,11879886821,11879886822,11879886823,11879886820],"elements.tags":{"leaf_type":"broadleaved","natural":"wood"}}]
