[{"version":0.6,"generator":"Overpass API 0.7.62.1 084b4234","osm3s.timestamp_osm_base":"2024-05-22T02:53:14Z","osm3s.copyright":"The data included in this document is from www.openstreetmap.org. The data is made available under ODbL.","elements.type":"node","elements.id":7748183031,"elements.lat":-12.9398,"elements.lon":-38.5029,"elements.timestamp":"2020-07-26T04:46:42Z","elements.version":2,"elements.changeset":88510814,"elements.user":"Marbrisareis","elements.uid":10174407,"elements.tags":{"amenity":"pharmacy","dispensing":"yes","healthcare":"pharmacy","name":"Farmácia Vila Mares"}}]
