[{"version":0.6,"generator":"Overpass API 0.7.62.1 084b4234","osm3s.timestamp_osm_base":"2024-05-22T02:53:14Z","osm3s.copyright":"The data included in this document is from www.openstreetmap.org. The data is made available under ODbL.","elements.type":"node","elements.id":7807690386,"elements.lat":-12.914,"elements.lon":-38.4815,"elements.timestamp":"2020-08-12T20:33:31Z","elements.version":1,"elements.changeset":89321611,"elements.user":"Marbrisareis","elements.uid":10174407,"elements.tags":{},"elements.nodes":{}},{"version":0.6,"generator":"Overpass API 0.7.62.1 084b4234","osm3s.timestamp_osm_base":"2024-05-22T02:53:14Z","osm3s.copyright":"The data included in this document is from www.openstreetmap.org. The data is made available under ODbL.","elements.type":"node","elements.id":7807690387,"elements.lat":-12.914,"elements.lon":-38.4814,"elements.timestamp":"2020-08-12T20:33:31Z","elements.version":1,"elements.changeset":89321611,"elements.user":"Marbrisareis","elements.uid":10174407,"elements.tags":{},"elements.nodes":{}},{"version":0.6,"generator":"Overpass API 0.7.62.1 084b4234","osm3s.timestamp_osm_base":"2024-05-22T02:53:14Z","osm3s.copyright":"The data included in this document is from www.openstreetmap.org. The data is made available under ODbL.","elements.type":"node","elements.id":7807690395,"elements.lat":-12.9142,"elements.lon":-38.4814,"elements.timestamp":"2020-08-12T20:33:31Z","elements.version":1,"elements.changeset":89321611,"elements.user":"Marbrisareis","elements.uid":10174407,"elements.tags":{"amenity":"pub"},"elements.nodes":{}},{"version":0.6,"generator":"Overpass API 0.7.62.1 084b4234","osm3s.timestamp_osm_base":"2024-05-22T02:53:14Z","osm3s.copyright":"The data included in this document is from www.openstreetmap.org. The data is made available under ODbL.","elements.type":"way","elements.id":836527831,"elements.timestamp":"2020-08-12T20:33:31Z","elements.version":1,"elements.changeset":89321611,"elements.user":"Marbrisareis","elements.uid":10174407,"elements.tags":{"building":"yes"},"elements.nodes":[7807690386,7807690387,7807690388,7807690389,7807690386]}]
