[{"version":0.6,"generator":"Overpass API 0.7.62.1 084b4234","osm3s.timestamp_osm_base":"2024-05-22T02:55:15Z","osm3s.copyright":"The data included in this document is from www.openstreetmap.org. The data is made available under ODbL.","elements.type":"node","elements.id":9735128064,"elements.lat":18.0878,"elements.lon":-15.9392,"elements.timestamp":"2022-05-12T13:55:45Z","elements.version":1,"elements.changeset":120891126,"elements.user":"Patricia UFBA","elements.uid":604538,"elements.nodes":{},"elements.tags":{}},{"version":0.6,"generator":"Overpass API 0.7.62.1 084b4234","osm3s.timestamp_osm_base":"2024-05-22T02:55:15Z","osm3s.copyright":"The data included in this document is from www.openstreetmap.org. The data is made available under ODbL.","elements.type":"node","elements.id":9735128065,"elements.lat":18.0878,"elements.lon":-15.9392,"elements.timestamp":"2022-05-12T13:55:45Z","elements.version":1,"elements.changeset":120891126,"elements.user":"Patricia UFBA","elements.uid":604538,"elements.nodes":{},"elements.tags":{}},{"version":0.6,"generator":"Overpass API 0.7.62.1 084b4234","osm3s.timestamp_osm_base":"2024-05-22T02:55:15Z","osm3s.copyright":"The data included in this document is from www.openstreetmap.org. The data is made available under ODbL.","elements.type":"node","elements.id":9735128066,"elements.lat":18.0878,"elements.lon":-15.9392,"elements.timestamp":"2022-05-12T13:55:45Z","elements.version":1,"elements.changeset":120891126,"elements.user":"Patricia UFBA","elements.uid":604538,"elements.nodes":{},"elements.tags":{}},{"version":0.6,"generator":"Overpass API 0.7.62.1 084b4234","osm3s.timestamp_osm_base":"2024-05-22T02:55:15Z","osm3s.copyright":"The data included in this document is from www.openstreetmap.org. The data is made available under ODbL.","elements.type":"node","elements.id":9735128067,"elements.lat":18.0879,"elements.lon":-15.9392,"elements.timestamp":"2022-05-12T13:55:45Z","elements.version":1,"elements.changeset":120891126,"elements.user":"Patricia UFBA","elements.uid":604538,"elements.nodes":{},"elements.tags":{}},{"version":0.6,"generator":"Overpass API 0.7.62.1 084b4234","osm3s.timestamp_osm_base":"2024-05-22T02:55:15Z","osm3s.copyright":"The data included in this document is from www.openstreetmap.org. The data is made available under ODbL.","elements.type":"node","elements.id":9735128068,"elements.lat":18.0879,"elements.lon":-15.9392,"elements.timestamp":"2022-05-12T13:55:45Z","elements.version":1,"elements.changeset":120891126,"elements.user":"Patricia UFBA","elements.uid":604538,"elements.nodes":{},"elements.tags":{}},{"version":0.6,"generator":"Overpass API 0.7.62.1 084b4234","osm3s.timestamp_osm_base":"2024-05-22T02:55:15Z","osm3s.copyright":"The data included in this document is from www.openstreetmap.org. The data is made available under ODbL.","elements.type":"node","elements.id":9735128069,"elements.lat":18.0879,"elements.lon":-15.9392,"elements.timestamp":"2022-05-12T13:55:45Z","elements.version":1,"elements.changeset":120891126,"elements.user":"Patricia UFBA","elements.uid":604538,"elements.nodes":{},"elements.tags":{}},{"version":0.6,"generator":"Overpass API 0.7.62.1 084b4234","osm3s.timestamp_osm_base":"2024-05-22T02:55:15Z","osm3s.copyright":"The data included in this document is from www.openstreetmap.org. The data is made available under ODbL.","elements.type":"node","elements.id":9735128070,"elements.lat":18.0879,"elements.lon":-15.9391,"elements.timestamp":"2022-05-12T13:55:45Z","elements.version":1,"elements.changeset":120891126,"elements.user":"Patricia UFBA","elements.uid":604538,"elements.nodes":{},"elements.tags":{}},{"version":0.6,"generator":"Overpass API 0.7.62.1 084b4234","osm3s.timestamp_osm_base":"2024-05-22T02:55:15Z","osm3s.copyright":"The data included in this document is from www.openstreetmap.org. The data is made available under ODbL.","elements.type":"node","elements.id":9735128071,"elements.lat":18.0878,"elements.lon":-15.9391,"elements.timestamp":"2022-05-12T13:55:45Z","elements.version":1,"elements.changeset":120891126,"elements.user":"Patricia UFBA","elements.uid":604538,"elements.nodes":{},"elements.tags":{}},{"version":0.6,"generator":"Overpass API 0.7.62.1 084b4234","osm3s.timestamp_osm_base":"2024-05-22T02:55:15Z","osm3s.copyright":"The data included in this document is from www.openstreetmap.org. The data is made available under ODbL.","elements.type":"way","elements.id":1059592408,"elements.timestamp":"2022-05-12T13:55:45Z","elements.version":1,"elements.changeset":120891126,"elements.user":"Patricia UFBA","elements.uid":604538,"elements.nodes":[9735128064,9735128065,9735128066,9735128067,9735128068,9735128069,9735128070,9735128071,9735128064],"elements.tags":{"building":"yes"}}]
