[{"version":0.6,"generator":"Overpass API 0.7.62.1 084b4234","osm3s.timestamp_osm_base":"2024-05-22T02:53:14Z","osm3s.copyright":"The data included in this document is from www.openstreetmap.org. The data is made available under ODbL.","elements.type":"node","elements.id":7810692914,"elements.lat":-12.9165,"elements.lon":-38.4828,"elements.timestamp":"2020-08-13T18:11:35Z","elements.version":1,"elements.changeset":89370131,"elements.user":"Marbrisareis","elements.uid":10174407,"elements.tags":{},"elements.nodes":{}},{"version":0.6,"generator":"Overpass API 0.7.62.1 084b4234","osm3s.timestamp_osm_base":"2024-05-22T02:53:14Z","osm3s.copyright":"The data included in this document is from www.openstreetmap.org. The data is made available under ODbL.","elements.type":"node","elements.id":7810692915,"elements.lat":-12.9165,"elements.lon":-38.4827,"elements.timestamp":"2020-08-13T18:11:35Z","elements.version":1,"elements.changeset":89370131,"elements.user":"Marbrisareis","elements.uid":10174407,"elements.tags":{},"elements.nodes":{}},{"version":0.6,"generator":"Overpass API 0.7.62.1 084b4234","osm3s.timestamp_osm_base":"2024-05-22T02:53:14Z","osm3s.copyright":"The data included in this document is from www.openstreetmap.org. The data is made available under ODbL.","elements.type":"node","elements.id":7810692916,"elements.lat":-12.9164,"elements.lon":-38.4827,"elements.timestamp":"2020-08-13T18:11:35Z","elements.version":1,"elements.changeset":89370131,"elements.user":"Marbrisareis","elements.uid":10174407,"elements.tags":{},"elements.nodes":{}},{"version":0.6,"generator":"Overpass API 0.7.62.1 084b4234","osm3s.timestamp_osm_base":"2024-05-22T02:53:14Z","osm3s.copyright":"The data included in this document is from www.openstreetmap.org. The data is made available under ODbL.","elements.type":"node","elements.id":7810692917,"elements.lat":-12.9164,"elements.lon":-38.4828,"elements.timestamp":"2020-08-13T18:11:35Z","elements.version":1,"elements.changeset":89370131,"elements.user":"Marbrisareis","elements.uid":10174407,"elements.tags":{},"elements.nodes":{}},{"version":0.6,"generator":"Overpass API 0.7.62.1 084b4234","osm3s.timestamp_osm_base":"2024-05-22T02:53:14Z","osm3s.copyright":"The data included in this document is from www.openstreetmap.org. The data is made available under ODbL.","elements.type":"node","elements.id":7810692918,"elements.lat":-12.9165,"elements.lon":-38.4827,"elements.timestamp":"2020-08-13T18:11:35Z","elements.version":1,"elements.changeset":89370131,"elements.user":"Marbrisareis","elements.uid":10174407,"elements.tags":{"amenity":"place_of_worship","name":"Terreiro Obá Tombagi"},"elements.nodes":{}},{"version":0.6,"generator":"Overpass API 0.7.62.1 084b4234","osm3s.timestamp_osm_base":"2024-05-22T02:53:14Z","osm3s.copyright":"The data included in this document is from www.openstreetmap.org. The data is made available under ODbL.","elements.type":"way","elements.id":836886866,"elements.timestamp":"2020-08-13T18:11:35Z","elements.version":1,"elements.changeset":89370131,"elements.user":"Marbrisareis","elements.uid":10174407,"elements.tags":{"building":"yes"},"elements.nodes":[7810692914,7810692915,7810692916,7810692917,7810692914]}]
