[{"version":0.6,"generator":"Overpass API 0.7.62.1 084b4234","osm3s.timestamp_osm_base":"2024-05-22T02:50:09Z","osm3s.copyright":"The data included in this document is from www.openstreetmap.org. The data is made available under ODbL.","elements.type":"node","elements.id":11225969297,"elements.lat":-29.3853,"elements.lon":-51.9166,"elements.timestamp":"2023-09-29T00:19:55Z","elements.version":1,"elements.changeset":141891149,"elements.user":"Aline Graziadei","elements.uid":18502802,"elements.nodes":{},"elements.tags":{}},{"version":0.6,"generator":"Overpass API 0.7.62.1 084b4234","osm3s.timestamp_osm_base":"2024-05-22T02:50:09Z","osm3s.copyright":"The data included in this document is from www.openstreetmap.org. The data is made available under ODbL.","elements.type":"way","elements.id":1211709283,"elements.timestamp":"2023-09-29T00:19:55Z","elements.version":1,"elements.changeset":141891149,"elements.user":"Aline Graziadei","elements.uid":18502802,"elements.nodes":[11225969265,11225969266,11225969267,11225969268,11225969265],"elements.tags":{"building":"yes"}},{"version":0.6,"generator":"Overpass API 0.7.62.1 084b4234","osm3s.timestamp_osm_base":"2024-05-22T02:50:09Z","osm3s.copyright":"The data included in this document is from www.openstreetmap.org. The data is made available under ODbL.","elements.type":"way","elements.id":1211709290,"elements.timestamp":"2023-09-29T00:19:55Z","elements.version":1,"elements.changeset":141891149,"elements.user":"Aline Graziadei","elements.uid":18502802,"elements.nodes":[11225969293,11225969294,11225969295,11225969296,11225969293],"elements.tags":{"building":"house"}},{"version":0.6,"generator":"Overpass API 0.7.62.1 084b4234","osm3s.timestamp_osm_base":"2024-05-22T02:50:09Z","osm3s.copyright":"The data included in this document is from www.openstreetmap.org. The data is made available under ODbL.","elements.type":"way","elements.id":1211709295,"elements.timestamp":"2023-09-29T00:19:55Z","elements.version":1,"elements.changeset":141891149,"elements.user":"Aline Graziadei","elements.uid":18502802,"elements.nodes":[11225969311,11225969315,11225969312,11225969313,11225969314,11225969311],"elements.tags":{"building":"house"}}]
