[{"version":0.6,"generator":"Overpass API 0.7.62.1 084b4234","osm3s.timestamp_osm_base":"2024-05-22T02:51:14Z","osm3s.copyright":"The data included in this document is from www.openstreetmap.org. The data is made available under ODbL.","elements.type":"node","elements.id":11694827521,"elements.lat":-12.9258,"elements.lon":-38.4394,"elements.timestamp":"2024-03-05T19:21:42Z","elements.version":1,"elements.changeset":148264726,"elements.user":"Ana_Lemos","elements.uid":18902304,"elements.nodes":{},"elements.tags":{}},{"version":0.6,"generator":"Overpass API 0.7.62.1 084b4234","osm3s.timestamp_osm_base":"2024-05-22T02:51:14Z","osm3s.copyright":"The data included in this document is from www.openstreetmap.org. The data is made available under ODbL.","elements.type":"node","elements.id":11694827522,"elements.lat":-12.9258,"elements.lon":-38.4394,"elements.timestamp":"2024-03-05T19:21:42Z","elements.version":1,"elements.changeset":148264726,"elements.user":"Ana_Lemos","elements.uid":18902304,"elements.nodes":{},"elements.tags":{}},{"version":0.6,"generator":"Overpass API 0.7.62.1 084b4234","osm3s.timestamp_osm_base":"2024-05-22T02:51:14Z","osm3s.copyright":"The data included in this document is from www.openstreetmap.org. The data is made available under ODbL.","elements.type":"node","elements.id":11694827523,"elements.lat":-12.9259,"elements.lon":-38.4394,"elements.timestamp":"2024-03-05T19:21:42Z","elements.version":1,"elements.changeset":148264726,"elements.user":"Ana_Lemos","elements.uid":18902304,"elements.nodes":{},"elements.tags":{}},{"version":0.6,"generator":"Overpass API 0.7.62.1 084b4234","osm3s.timestamp_osm_base":"2024-05-22T02:51:14Z","osm3s.copyright":"The data included in this document is from www.openstreetmap.org. The data is made available under ODbL.","elements.type":"node","elements.id":11694827524,"elements.lat":-12.9259,"elements.lon":-38.4395,"elements.timestamp":"2024-03-05T19:21:42Z","elements.version":1,"elements.changeset":148264726,"elements.user":"Ana_Lemos","elements.uid":18902304,"elements.nodes":{},"elements.tags":{}},{"version":0.6,"generator":"Overpass API 0.7.62.1 084b4234","osm3s.timestamp_osm_base":"2024-05-22T02:51:14Z","osm3s.copyright":"The data included in this document is from www.openstreetmap.org. The data is made available under ODbL.","elements.type":"way","elements.id":1257937639,"elements.timestamp":"2024-03-05T19:21:42Z","elements.version":1,"elements.changeset":148264726,"elements.user":"Ana_Lemos","elements.uid":18902304,"elements.nodes":[11694827521,11694827522,11694827523,11694827524,11694827521],"elements.tags":{"building":"yes"}},{"version":0.6,"generator":"Overpass API 0.7.62.1 084b4234","osm3s.timestamp_osm_base":"2024-05-22T02:51:14Z","osm3s.copyright":"The data included in this document is from www.openstreetmap.org. The data is made available under ODbL.","elements.type":"way","elements.id":1257937640,"elements.timestamp":"2024-03-05T19:21:42Z","elements.version":1,"elements.changeset":148264726,"elements.user":"Ana_Lemos","elements.uid":18902304,"elements.nodes":[11694827525,11694827526,11694827527,11694827528,11694827525],"elements.tags":{"building":"yes"}}]
