[{"version":0.6,"generator":"Overpass API 0.7.62.1 084b4234","osm3s.timestamp_osm_base":"2024-05-22T02:54:13Z","osm3s.copyright":"The data included in this document is from www.openstreetmap.org. The data is made available under ODbL.","elements.type":"node","elements.id":6733876568,"elements.lat":-23.5062,"elements.lon":-46.5409,"elements.timestamp":"2023-12-13T19:28:36Z","elements.version":2,"elements.changeset":145087047,"elements.user":"Patricia UFBA","elements.uid":604538,"elements.nodes":{},"elements.tags":{}},{"version":0.6,"generator":"Overpass API 0.7.62.1 084b4234","osm3s.timestamp_osm_base":"2024-05-22T02:54:13Z","osm3s.copyright":"The data included in this document is from www.openstreetmap.org. The data is made available under ODbL.","elements.type":"node","elements.id":6733876569,"elements.lat":-23.5062,"elements.lon":-46.5409,"elements.timestamp":"2023-12-13T19:28:36Z","elements.version":2,"elements.changeset":145087047,"elements.user":"Patricia UFBA","elements.uid":604538,"elements.nodes":{},"elements.tags":{}},{"version":0.6,"generator":"Overpass API 0.7.62.1 084b4234","osm3s.timestamp_osm_base":"2024-05-22T02:54:13Z","osm3s.copyright":"The data included in this document is from www.openstreetmap.org. The data is made available under ODbL.","elements.type":"node","elements.id":6733876570,"elements.lat":-23.5062,"elements.lon":-46.5409,"elements.timestamp":"2023-12-13T19:28:36Z","elements.version":2,"elements.changeset":145087047,"elements.user":"Patricia UFBA","elements.uid":604538,"elements.nodes":{},"elements.tags":{}},{"version":0.6,"generator":"Overpass API 0.7.62.1 084b4234","osm3s.timestamp_osm_base":"2024-05-22T02:54:13Z","osm3s.copyright":"The data included in this document is from www.openstreetmap.org. The data is made available under ODbL.","elements.type":"node","elements.id":6733876571,"elements.lat":-23.5063,"elements.lon":-46.5409,"elements.timestamp":"2023-12-13T19:28:36Z","elements.version":2,"elements.changeset":145087047,"elements.user":"Patricia UFBA","elements.uid":604538,"elements.nodes":{},"elements.tags":{}},{"version":0.6,"generator":"Overpass API 0.7.62.1 084b4234","osm3s.timestamp_osm_base":"2024-05-22T02:54:13Z","osm3s.copyright":"The data included in this document is from www.openstreetmap.org. The data is made available under ODbL.","elements.type":"node","elements.id":6733876572,"elements.lat":-23.5062,"elements.lon":-46.5408,"elements.timestamp":"2023-12-13T19:28:36Z","elements.version":2,"elements.changeset":145087047,"elements.user":"Patricia UFBA","elements.uid":604538,"elements.nodes":{},"elements.tags":{}},{"version":0.6,"generator":"Overpass API 0.7.62.1 084b4234","osm3s.timestamp_osm_base":"2024-05-22T02:54:13Z","osm3s.copyright":"The data included in this document is from www.openstreetmap.org. The data is made available under ODbL.","elements.type":"node","elements.id":6733876578,"elements.lat":-23.5062,"elements.lon":-46.5409,"elements.timestamp":"2023-12-13T19:28:36Z","elements.version":2,"elements.changeset":145087047,"elements.user":"Patricia UFBA","elements.uid":604538,"elements.nodes":{},"elements.tags":{}},{"version":0.6,"generator":"Overpass API 0.7.62.1 084b4234","osm3s.timestamp_osm_base":"2024-05-22T02:54:13Z","osm3s.copyright":"The data included in this document is from www.openstreetmap.org. The data is made available under ODbL.","elements.type":"node","elements.id":11415400166,"elements.lat":-23.5061,"elements.lon":-46.5409,"elements.timestamp":"2023-12-13T19:28:36Z","elements.version":1,"elements.changeset":145087047,"elements.user":"Patricia UFBA","elements.uid":604538,"elements.nodes":{},"elements.tags":{}},{"version":0.6,"generator":"Overpass API 0.7.62.1 084b4234","osm3s.timestamp_osm_base":"2024-05-22T02:54:13Z","osm3s.copyright":"The data included in this document is from www.openstreetmap.org. The data is made available under ODbL.","elements.type":"way","elements.id":716973289,"elements.timestamp":"2023-12-13T19:28:36Z","elements.version":2,"elements.changeset":145087047,"elements.user":"Patricia UFBA","elements.uid":604538,"elements.nodes":[6733876581,6733876580,6733876579,11415400166,6733876577,6733876581],"elements.tags":{"building":"yes","height":"3.648","source":"pmsp"}}]
