[{"version":0.6,"generator":"Overpass API 0.7.62.1 084b4234","osm3s.timestamp_osm_base":"2024-05-22T02:50:09Z","osm3s.copyright":"The data included in this document is from www.openstreetmap.org. The data is made available under ODbL.","elements.type":"way","elements.id":1211704405,"elements.timestamp":"2023-09-28T23:30:35Z","elements.version":1,"elements.changeset":141890357,"elements.user":"Aline Graziadei","elements.uid":18502802,"elements.nodes":[11225948389,11225948390,11225948391,11225948392,11225948389],"elements.tags":{"building":"house"}},{"version":0.6,"generator":"Overpass API 0.7.62.1 084b4234","osm3s.timestamp_osm_base":"2024-05-22T02:50:09Z","osm3s.copyright":"The data included in this document is from www.openstreetmap.org. The data is made available under ODbL.","elements.type":"way","elements.id":1211704410,"elements.timestamp":"2023-09-28T23:30:35Z","elements.version":1,"elements.changeset":141890357,"elements.user":"Aline Graziadei","elements.uid":18502802,"elements.nodes":[11225948408,11225948409,11225948410,11225948411,11225948408],"elements.tags":{"building":"yes"}}]
