[{"version":0.6,"generator":"Overpass API 0.7.62.1 084b4234","osm3s.timestamp_osm_base":"2024-05-22T02:53:14Z","osm3s.copyright":"The data included in this document is from www.openstreetmap.org. The data is made available under ODbL.","elements.type":"node","elements.id":7701589438,"elements.lat":8.8366,"elements.lon":-12.9408,"elements.timestamp":"2020-07-10T08:09:00Z","elements.version":1,"elements.changeset":87803865,"elements.user":"Marbrisareis","elements.uid":10174407,"elements.nodes":{},"elements.tags":{}},{"version":0.6,"generator":"Overpass API 0.7.62.1 084b4234","osm3s.timestamp_osm_base":"2024-05-22T02:53:14Z","osm3s.copyright":"The data included in this document is from www.openstreetmap.org. The data is made available under ODbL.","elements.type":"node","elements.id":7701595827,"elements.lat":8.8366,"elements.lon":-12.9409,"elements.timestamp":"2020-07-10T08:09:00Z","elements.version":2,"elements.changeset":87803865,"elements.user":"Marbrisareis","elements.uid":10174407,"elements.nodes":{},"elements.tags":{}},{"version":0.6,"generator":"Overpass API 0.7.62.1 084b4234","osm3s.timestamp_osm_base":"2024-05-22T02:53:14Z","osm3s.copyright":"The data included in this document is from www.openstreetmap.org. The data is made available under ODbL.","elements.type":"way","elements.id":824788384,"elements.timestamp":"2020-07-10T08:09:00Z","elements.version":2,"elements.changeset":87803865,"elements.user":"Marbrisareis","elements.uid":10174407,"elements.nodes":[7701595809,7701595829,7701595828,7701589438,7701595827,7701595810,7701595811,7701595812,7701595813,7701595814,7701595815,7701595816,7701595817,7701595818,7701595819,7701595820,7701595821,7701595822,7701595826,7701595823,7701595824,7701595825],"elements.tags":{"highway":"track"}}]
