[{"version":0.6,"generator":"Overpass API 0.7.62.1 084b4234","osm3s.timestamp_osm_base":"2024-05-22T02:53:14Z","osm3s.copyright":"The data included in this document is from www.openstreetmap.org. The data is made available under ODbL.","elements.type":"node","elements.id":7748125925,"elements.lat":-12.9408,"elements.lon":-38.4999,"elements.timestamp":"2020-07-26T03:13:27Z","elements.version":1,"elements.changeset":88510036,"elements.user":"Marbrisareis","elements.uid":10174407,"elements.tags":{"name":"Atento","office":"company"}}]
