[{"version":0.6,"generator":"Overpass API 0.7.62.1 084b4234","osm3s.timestamp_osm_base":"2024-05-22T02:52:13Z","osm3s.copyright":"The data included in this document is from www.openstreetmap.org. The data is made available under ODbL.","elements.type":"node","elements.id":7830304551,"elements.lat":-12.9163,"elements.lon":-38.4816,"elements.timestamp":"2020-08-20T18:17:06Z","elements.version":1,"elements.changeset":89706613,"elements.user":"Marbrisareis","elements.uid":10174407,"elements.tags":{},"elements.nodes":{}},{"version":0.6,"generator":"Overpass API 0.7.62.1 084b4234","osm3s.timestamp_osm_base":"2024-05-22T02:52:13Z","osm3s.copyright":"The data included in this document is from www.openstreetmap.org. The data is made available under ODbL.","elements.type":"node","elements.id":7830304552,"elements.lat":-12.9163,"elements.lon":-38.4814,"elements.timestamp":"2020-08-20T18:17:06Z","elements.version":1,"elements.changeset":89706613,"elements.user":"Marbrisareis","elements.uid":10174407,"elements.tags":{},"elements.nodes":{}},{"version":0.6,"generator":"Overpass API 0.7.62.1 084b4234","osm3s.timestamp_osm_base":"2024-05-22T02:52:13Z","osm3s.copyright":"The data included in this document is from www.openstreetmap.org. The data is made available under ODbL.","elements.type":"node","elements.id":7830304553,"elements.lat":-12.9164,"elements.lon":-38.4814,"elements.timestamp":"2020-08-20T18:17:06Z","elements.version":1,"elements.changeset":89706613,"elements.user":"Marbrisareis","elements.uid":10174407,"elements.tags":{},"elements.nodes":{}},{"version":0.6,"generator":"Overpass API 0.7.62.1 084b4234","osm3s.timestamp_osm_base":"2024-05-22T02:52:13Z","osm3s.copyright":"The data included in this document is from www.openstreetmap.org. The data is made available under ODbL.","elements.type":"node","elements.id":7830304554,"elements.lat":-12.9164,"elements.lon":-38.4816,"elements.timestamp":"2020-08-20T18:17:06Z","elements.version":1,"elements.changeset":89706613,"elements.user":"Marbrisareis","elements.uid":10174407,"elements.tags":{},"elements.nodes":{}},{"version":0.6,"generator":"Overpass API 0.7.62.1 084b4234","osm3s.timestamp_osm_base":"2024-05-22T02:52:13Z","osm3s.copyright":"The data included in this document is from www.openstreetmap.org. The data is made available under ODbL.","elements.type":"node","elements.id":7830304555,"elements.lat":-12.9164,"elements.lon":-38.4816,"elements.timestamp":"2020-08-20T18:17:06Z","elements.version":1,"elements.changeset":89706613,"elements.user":"Marbrisareis","elements.uid":10174407,"elements.tags":{"name":"Panificadora e Lanchonete Vieira","shop":"bakery"},"elements.nodes":{}},{"version":0.6,"generator":"Overpass API 0.7.62.1 084b4234","osm3s.timestamp_osm_base":"2024-05-22T02:52:13Z","osm3s.copyright":"The data included in this document is from www.openstreetmap.org. The data is made available under ODbL.","elements.type":"way","elements.id":839101098,"elements.timestamp":"2020-08-20T18:17:06Z","elements.version":1,"elements.changeset":89706613,"elements.user":"Marbrisareis","elements.uid":10174407,"elements.tags":{"building":"yes"},"elements.nodes":[7830304551,7830304552,7830304553,7830304554,7830304551]}]
