[{"version":0.6,"generator":"Overpass API 0.7.62.1 084b4234","osm3s.timestamp_osm_base":"2024-05-22T02:55:15Z","osm3s.copyright":"The data included in this document is from www.openstreetmap.org. The data is made available under ODbL.","elements.type":"node","elements.id":9132088763,"elements.lat":-12.9987,"elements.lon":-38.5107,"elements.timestamp":"2021-09-29T12:51:27Z","elements.version":1,"elements.changeset":111865773,"elements.user":"Patricia UFBA","elements.uid":604538,"elements.nodes":{},"elements.tags":{}},{"version":0.6,"generator":"Overpass API 0.7.62.1 084b4234","osm3s.timestamp_osm_base":"2024-05-22T02:55:15Z","osm3s.copyright":"The data included in this document is from www.openstreetmap.org. The data is made available under ODbL.","elements.type":"way","elements.id":987991979,"elements.timestamp":"2021-09-29T12:51:27Z","elements.version":1,"elements.changeset":111865773,"elements.user":"Patricia UFBA","elements.uid":604538,"elements.nodes":[9132088770,9132088771,9132088772,9132088773,9132088770],"elements.tags":{"building":"yes"}}]
