[{"version":0.6,"generator":"Overpass API 0.7.62.1 084b4234","osm3s.timestamp_osm_base":"2024-05-22T02:57:13Z","osm3s.copyright":"The data included in this document is from www.openstreetmap.org. The data is made available under ODbL.","elements.type":"node","elements.id":7811024532,"elements.lat":-12.9774,"elements.lon":-38.4716,"elements.timestamp":"2020-08-13T21:12:59Z","elements.version":1,"elements.changeset":89375688,"elements.user":"Tainá Couto","elements.uid":11539375,"elements.tags":{},"elements.nodes":{}},{"version":0.6,"generator":"Overpass API 0.7.62.1 084b4234","osm3s.timestamp_osm_base":"2024-05-22T02:57:13Z","osm3s.copyright":"The data included in this document is from www.openstreetmap.org. The data is made available under ODbL.","elements.type":"node","elements.id":7811024533,"elements.lat":-12.9774,"elements.lon":-38.4715,"elements.timestamp":"2020-08-13T21:12:59Z","elements.version":1,"elements.changeset":89375688,"elements.user":"Tainá Couto","elements.uid":11539375,"elements.tags":{},"elements.nodes":{}},{"version":0.6,"generator":"Overpass API 0.7.62.1 084b4234","osm3s.timestamp_osm_base":"2024-05-22T02:57:13Z","osm3s.copyright":"The data included in this document is from www.openstreetmap.org. The data is made available under ODbL.","elements.type":"node","elements.id":7811024534,"elements.lat":-12.9773,"elements.lon":-38.4715,"elements.timestamp":"2020-08-13T21:12:59Z","elements.version":1,"elements.changeset":89375688,"elements.user":"Tainá Couto","elements.uid":11539375,"elements.tags":{},"elements.nodes":{}},{"version":0.6,"generator":"Overpass API 0.7.62.1 084b4234","osm3s.timestamp_osm_base":"2024-05-22T02:57:13Z","osm3s.copyright":"The data included in this document is from www.openstreetmap.org. The data is made available under ODbL.","elements.type":"node","elements.id":7811024535,"elements.lat":-12.9773,"elements.lon":-38.4715,"elements.timestamp":"2020-08-13T21:12:59Z","elements.version":1,"elements.changeset":89375688,"elements.user":"Tainá Couto","elements.uid":11539375,"elements.tags":{},"elements.nodes":{}},{"version":0.6,"generator":"Overpass API 0.7.62.1 084b4234","osm3s.timestamp_osm_base":"2024-05-22T02:57:13Z","osm3s.copyright":"The data included in this document is from www.openstreetmap.org. The data is made available under ODbL.","elements.type":"node","elements.id":7811024536,"elements.lat":-12.9773,"elements.lon":-38.4715,"elements.timestamp":"2020-08-13T21:12:59Z","elements.version":1,"elements.changeset":89375688,"elements.user":"Tainá Couto","elements.uid":11539375,"elements.tags":{"amenity":"restaurant"},"elements.nodes":{}},{"version":0.6,"generator":"Overpass API 0.7.62.1 084b4234","osm3s.timestamp_osm_base":"2024-05-22T02:57:13Z","osm3s.copyright":"The data included in this document is from www.openstreetmap.org. The data is made available under ODbL.","elements.type":"way","elements.id":836926700,"elements.timestamp":"2020-08-13T21:12:59Z","elements.version":1,"elements.changeset":89375688,"elements.user":"Tainá Couto","elements.uid":11539375,"elements.tags":{"building":"yes"},"elements.nodes":[7811024532,7811024533,7811024534,7811024535,7811024532]}]
